{
"type": "FeatureCollection",
"name": "etiosa_dynamic_risk_grid",
"crs": { "type": "name", "properties": { "name": "urn:ogc:def:crs:OGC:1.3:CRS84" } },
"features": [
{ "type": "Feature", "properties": { "mean_susceptibility": 0.53167636034848609, "mean_effective_drainage_score": 0.51727541138203459, "building_count": 581.0, "area_name": "Maroko", "rain_mm_yesterday": 5.0, "forecast_rain_mm_today": 0.0, "forecast_rain_mm_tomorrow": 5.0, "et0_mm_yesterday": 2.98, "et0_mm_today": 4.59, "et0_mm_tomorrow": 3.2, "rolling_2day_rain_mm_today": 0.0, "dynamic_risk_score_today": 0.15950290810454582, "risk_tier_today": "Low", "rolling_2day_rain_mm_tomorrow": 5.0, "dynamic_risk_score_tomorrow": 0.19672025332893983, "risk_tier_tomorrow": "Low", "dynamic_risk_score": 0.15950290810454582, "risk_tier": "Low" }, "geometry": { "type": "Polygon", "coordinates": [ [ [ 3.452380394408778, 6.42279056945308 ], [ 3.452388387206125, 6.431836460903659 ], [ 3.461431387774208, 6.431828379851538 ], [ 3.461423235218821, 6.422782499858392 ], [ 3.452380394408778, 6.42279056945308 ] ] ] } },
{ "type": "Feature", "properties": { "mean_susceptibility": 0.4097489633195337, "mean_effective_drainage_score": 0.39817086558541731, "building_count": 366.0, "area_name": "Victoria Island", "rain_mm_yesterday": 5.0, "forecast_rain_mm_today": 0.0, "forecast_rain_mm_tomorrow": 5.0, "et0_mm_yesterday": 2.99, "et0_mm_today": 4.6, "et0_mm_tomorrow": 3.2, "rolling_2day_rain_mm_today": 0.0, "dynamic_risk_score_today": 0.12292468899586007, "risk_tier_today": "Low", "rolling_2day_rain_mm_tomorrow": 5.0, "dynamic_risk_score_tomorrow": 0.15160711642822744, "risk_tier_tomorrow": "Low", "dynamic_risk_score": 0.12292468899586007, "risk_tier": "Low" }, "geometry": { "type": "Polygon", "coordinates": [ [ [ 3.42525180399352, 6.422813820047161 ], [ 3.425259317510831, 6.43185974450958 ], [ 3.434302351844878, 6.431852143233653 ], [ 3.434294678566589, 6.422806229548436 ], [ 3.42525180399352, 6.422813820047161 ] ] ] } },
{ "type": "Feature", "properties": { "mean_susceptibility": 0.42591807448467817, "mean_effective_drainage_score": 0.39962783502319665, "building_count": 225.0, "area_name": "Maroko", "rain_mm_yesterday": 5.0, "forecast_rain_mm_today": 0.0, "forecast_rain_mm_tomorrow": 5.0, "et0_mm_yesterday": 2.98, "et0_mm_today": 4.59, "et0_mm_tomorrow": 3.2, "rolling_2day_rain_mm_today": 0.0, "dynamic_risk_score_today": 0.12777542234540351, "risk_tier_today": "Low", "rolling_2day_rain_mm_tomorrow": 5.0, "dynamic_risk_score_tomorrow": 0.15758968755933089, "risk_tier_tomorrow": "Low", "dynamic_risk_score": 0.12777542234540351, "risk_tier": "Low" }, "geometry": { "type": "Polygon", "coordinates": [ [ [ 3.443337542114855, 6.422798479350087 ], [ 3.443345375153162, 6.431844382031359 ], [ 3.452388387206125, 6.431836460903659 ], [ 3.452380394408778, 6.42279056945308 ], [ 3.443337542114855, 6.422798479350087 ] ] ] } },
{ "type": "Feature", "properties": { "mean_susceptibility": 0.46113572038625039, "mean_effective_drainage_score": 0.46459331988554886, "building_count": 641.0, "area_name": "Maroko", "rain_mm_yesterday": 5.0, "forecast_rain_mm_today": 0.0, "forecast_rain_mm_tomorrow": 5.0, "et0_mm_yesterday": 2.98, "et0_mm_today": 4.59, "et0_mm_tomorrow": 3.2, "rolling_2day_rain_mm_today": 0.0, "dynamic_risk_score_today": 0.13834071611587517, "risk_tier_today": "Low", "rolling_2day_rain_mm_tomorrow": 5.0, "dynamic_risk_score_tomorrow": 0.17062021654291271, "risk_tier_tomorrow": "Low", "dynamic_risk_score": 0.13834071611587517, "risk_tier": "Low" }, "geometry": { "type": "Polygon", "coordinates": [ [ [ 3.461423235218821, 6.422782499858392 ], [ 3.461431387774208, 6.431828379851538 ], [ 3.470474376627855, 6.431820138875994 ], [ 3.470466064315448, 6.422774270567027 ], [ 3.461423235218821, 6.422782499858392 ] ] ] } },
{ "type": "Feature", "properties": { "mean_susceptibility": 0.45770731480377713, "mean_effective_drainage_score": 0.45201076115237065, "building_count": 217.0, "area_name": "Victoria Island", "rain_mm_yesterday": 5.0, "forecast_rain_mm_today": 0.0, "forecast_rain_mm_tomorrow": 5.0, "et0_mm_yesterday": 2.98, "et0_mm_today": 4.59, "et0_mm_tomorrow": 3.2, "rolling_2day_rain_mm_today": 0.0, "dynamic_risk_score_today": 0.13731219444113307, "risk_tier_today": "Low", "rolling_2day_rain_mm_tomorrow": 5.0, "dynamic_risk_score_tomorrow": 0.1693517064773975, "risk_tier_tomorrow": "Low", "dynamic_risk_score": 0.13731219444113307, "risk_tier": "Low" }, "geometry": { "type": "Polygon", "coordinates": [ [ [ 3.434294678566589, 6.422806229548436 ], [ 3.434302351844878, 6.431852143233653 ], [ 3.443345375153162, 6.431844382031359 ], [ 3.443337542114855, 6.422798479350087 ], [ 3.434294678566589, 6.422806229548436 ] ] ] } },
{ "type": "Feature", "properties": { "mean_susceptibility": 0.43470044529145258, "mean_effective_drainage_score": 0.49725022912813277, "building_count": 14.0, "area_name": "Victoria Island", "rain_mm_yesterday": 5.0, "forecast_rain_mm_today": 0.0, "forecast_rain_mm_tomorrow": 5.0, "et0_mm_yesterday": 2.99, "et0_mm_today": 4.6, "et0_mm_tomorrow": 3.2, "rolling_2day_rain_mm_today": 0.0, "dynamic_risk_score_today": 0.13041013358743581, "risk_tier_today": "Low", "rolling_2day_rain_mm_tomorrow": 5.0, "dynamic_risk_score_tomorrow": 0.16083916475783744, "risk_tier_tomorrow": "Low", "dynamic_risk_score": 0.13041013358743581, "risk_tier": "Low" }, "geometry": { "type": "Polygon", "coordinates": [ [ [ 3.407166022691136, 6.422828521942001 ], [ 3.416208918625189, 6.422821250845323 ], [ 3.416208319637108, 6.422083855974701 ], [ 3.415971040000159, 6.422083855000039 ], [ 3.415971040000159, 6.421805859000129 ], [ 3.415138961000138, 6.421805859000131 ], [ 3.415138961000139, 6.421249866000038 ], [ 3.41402697600006, 6.421249866000039 ], [ 3.414026976000059, 6.421527863000051 ], [ 3.41236090600006, 6.421527863000051 ], [ 3.41236090600006, 6.421249866000038 ], [ 3.412082910000152, 6.421249866000037 ], [ 3.412082910000152, 6.420970917000147 ], [ 3.411804915000118, 6.420970917000149 ], [ 3.411804915000118, 6.420417786000143 ], [ 3.411526919000039, 6.420417786000144 ], [ 3.411526919000039, 6.420139791000109 ], [ 3.410695075000148, 6.42013979100011 ], [ 3.410695075000149, 6.419861793000052 ], [ 3.410139084000093, 6.419861793000051 ], [ 3.410139084000093, 6.419304847000149 ], [ 3.409861088000184, 6.419304847000149 ], [ 3.409861088000183, 6.419026851000069 ], [ 3.409305095000092, 6.419026851000069 ], [ 3.409305095000093, 6.418748856000037 ], [ 3.408751011000049, 6.418748856000037 ], [ 3.408751011000049, 6.418470860000127 ], [ 3.408195018000129, 6.418470860000126 ], [ 3.408195018000129, 6.41819286500015 ], [ 3.407917023000151, 6.418192865000152 ], [ 3.407917023000151, 6.417916774000161 ], [ 3.407361031000164, 6.417916774000162 ], [ 3.407361031000164, 6.417638779000129 ], [ 3.407161900097955, 6.417638779015452 ], [ 3.407166022691136, 6.422828521942001 ] ] ] } },
{ "type": "Feature", "properties": { "mean_susceptibility": 0.67127613177584611, "mean_effective_drainage_score": 0.46667760949942694, "building_count": 9.0, "area_name": "Victoria Island", "rain_mm_yesterday": 5.0, "forecast_rain_mm_today": 0.0, "forecast_rain_mm_tomorrow": 5.0, "et0_mm_yesterday": 2.99, "et0_mm_today": 4.6, "et0_mm_tomorrow": 3.2, "rolling_2day_rain_mm_today": 0.0, "dynamic_risk_score_today": 0.20138283953275382, "risk_tier_today": "Low", "rolling_2day_rain_mm_tomorrow": 5.0, "dynamic_risk_score_tomorrow": 0.24837216875706303, "risk_tier_tomorrow": "Low", "dynamic_risk_score": 0.20138283953275382, "risk_tier": "Low" }, "geometry": { "type": "Polygon", "coordinates": [ [ [ 3.398123116420906, 6.422835633336289 ], [ 3.398130150649728, 6.431881588769829 ], [ 3.407173216683694, 6.431874467278583 ], [ 3.407166022691136, 6.422828521942001 ], [ 3.398123116420906, 6.422835633336289 ] ] ] } },
{ "type": "Feature", "properties": { "mean_susceptibility": 0.4381657585173519, "mean_effective_drainage_score": 0.42236334949717186, "building_count": 170.0, "area_name": "Victoria Island", "rain_mm_yesterday": 5.0, "forecast_rain_mm_today": 0.0, "forecast_rain_mm_tomorrow": 5.0, "et0_mm_yesterday": 2.99, "et0_mm_today": 4.6, "et0_mm_tomorrow": 3.2, "rolling_2day_rain_mm_today": 0.0, "dynamic_risk_score_today": 0.13144972755520556, "risk_tier_today": "Low", "rolling_2day_rain_mm_tomorrow": 5.0, "dynamic_risk_score_tomorrow": 0.1621213306514202, "risk_tier_tomorrow": "Low", "dynamic_risk_score": 0.13144972755520556, "risk_tier": "Low" }, "geometry": { "type": "Polygon", "coordinates": [ [ [ 3.407166022691136, 6.422828521942001 ], [ 3.407173216683694, 6.431874467278583 ], [ 3.416216272380583, 6.431867185858199 ], [ 3.416208918625189, 6.422821250845323 ], [ 3.407166022691136, 6.422828521942001 ] ] ] } },
{ "type": "Feature", "properties": { "mean_susceptibility": 0.36188995839023624, "mean_effective_drainage_score": 0.40384940068013703, "building_count": 289.0, "area_name": "Victoria Island", "rain_mm_yesterday": 5.0, "forecast_rain_mm_today": 0.0, "forecast_rain_mm_tomorrow": 5.0, "et0_mm_yesterday": 2.99, "et0_mm_today": 4.6, "et0_mm_tomorrow": 3.2, "rolling_2day_rain_mm_today": 0.0, "dynamic_risk_score_today": 0.10856698751707083, "risk_tier_today": "Low", "rolling_2day_rain_mm_tomorrow": 5.0, "dynamic_risk_score_tomorrow": 0.13389928460438738, "risk_tier_tomorrow": "Low", "dynamic_risk_score": 0.10856698751707083, "risk_tier": "Low" }, "geometry": { "type": "Polygon", "coordinates": [ [ [ 3.416208918625189, 6.422821250845323 ], [ 3.416216272380583, 6.431867185858199 ], [ 3.425259317510831, 6.43185974450958 ], [ 3.42525180399352, 6.422813820047161 ], [ 3.416208918625189, 6.422821250845323 ] ] ] } },
{ "type": "Feature", "properties": { "mean_susceptibility": 0.56035289106946162, "mean_effective_drainage_score": 0.46747251941292567, "building_count": 213.0, "area_name": "Victoria Island", "rain_mm_yesterday": 5.0, "forecast_rain_mm_today": 0.0, "forecast_rain_mm_tomorrow": 5.0, "et0_mm_yesterday": 2.99, "et0_mm_today": 4.6, "et0_mm_tomorrow": 3.2, "rolling_2day_rain_mm_today": 0.0, "dynamic_risk_score_today": 0.16810586732083843, "risk_tier_today": "Low", "rolling_2day_rain_mm_tomorrow": 5.0, "dynamic_risk_score_tomorrow": 0.20733056969570085, "risk_tier_tomorrow": "Low", "dynamic_risk_score": 0.16810586732083843, "risk_tier": "Low" }, "geometry": { "type": "Polygon", "coordinates": [ [ [ 3.416216272380583, 6.431867185858199 ], [ 3.416223636702618, 6.440913117669595 ], [ 3.425266841824345, 6.440905665770167 ], [ 3.425259317510831, 6.43185974450958 ], [ 3.416216272380583, 6.431867185858199 ] ] ] } },
{ "type": "Feature", "properties": { "mean_susceptibility": 0.50784706376027777, "mean_effective_drainage_score": 0.35669057550356437, "building_count": 207.0, "area_name": "Victoria Island", "rain_mm_yesterday": 5.0, "forecast_rain_mm_today": 0.0, "forecast_rain_mm_tomorrow": 5.0, "et0_mm_yesterday": 2.99, "et0_mm_today": 4.6, "et0_mm_tomorrow": 3.2, "rolling_2day_rain_mm_today": 0.0, "dynamic_risk_score_today": 0.15235411912808328, "risk_tier_today": "Low", "rolling_2day_rain_mm_tomorrow": 5.0, "dynamic_risk_score_tomorrow": 0.1879034135913028, "risk_tier_tomorrow": "Low", "dynamic_risk_score": 0.15235411912808328, "risk_tier": "Low" }, "geometry": { "type": "Polygon", "coordinates": [ [ [ 3.407173216683694, 6.431874467278583 ], [ 3.407180421013329, 6.440920409414035 ], [ 3.416223636702618, 6.440913117669595 ], [ 3.416216272380583, 6.431867185858199 ], [ 3.407173216683694, 6.431874467278583 ] ] ] } },
{ "type": "Feature", "properties": { "mean_susceptibility": 0.64034687321962735, "mean_effective_drainage_score": 0.60878774255426937, "building_count": 54.0, "area_name": "Victoria Island", "rain_mm_yesterday": 5.0, "forecast_rain_mm_today": 0.0, "forecast_rain_mm_tomorrow": 5.0, "et0_mm_yesterday": 2.99, "et0_mm_today": 4.6, "et0_mm_tomorrow": 3.2, "rolling_2day_rain_mm_today": 0.0, "dynamic_risk_score_today": 0.19210406196588825, "risk_tier_today": "Low", "rolling_2day_rain_mm_tomorrow": 5.0, "dynamic_risk_score_tomorrow": 0.23692834309126209, "risk_tier_tomorrow": "Low", "dynamic_risk_score": 0.19210406196588825, "risk_tier": "Low" }, "geometry": { "type": "Polygon", "coordinates": [ [ [ 3.398130150649728, 6.431881588769829 ], [ 3.398137194986063, 6.440927541002581 ], [ 3.407180421013329, 6.440920409414035 ], [ 3.407173216683694, 6.431874467278583 ], [ 3.398130150649728, 6.431881588769829 ] ] ] } },
{ "type": "Feature", "properties": { "mean_susceptibility": 0.51269701156347969, "mean_effective_drainage_score": 0.48213773742505439, "building_count": 881.0, "area_name": "Ikate", "rain_mm_yesterday": 5.0, "forecast_rain_mm_today": 0.0, "forecast_rain_mm_tomorrow": 5.0, "et0_mm_yesterday": 2.99, "et0_mm_today": 4.6, "et0_mm_tomorrow": 3.2, "rolling_2day_rain_mm_today": 0.0, "dynamic_risk_score_today": 0.15380910346904386, "risk_tier_today": "Low", "rolling_2day_rain_mm_tomorrow": 5.0, "dynamic_risk_score_tomorrow": 0.18969789427848749, "risk_tier_tomorrow": "Low", "dynamic_risk_score": 0.15380910346904386, "risk_tier": "Low" }, "geometry": { "type": "Polygon", "coordinates": [ [ [ 3.479508881469124, 6.422765881580006 ], [ 3.479517353537512, 6.431811737978058 ], [ 3.488560318273625, 6.431803177158764 ], [ 3.488551686450315, 6.422757332898366 ], [ 3.479508881469124, 6.422765881580006 ] ] ] } },
{ "type": "Feature", "properties": { "mean_susceptibility": 0.38309740025251826, "mean_effective_drainage_score": 0.44781527649464953, "building_count": 1121.0, "area_name": "Ikate", "rain_mm_yesterday": 5.0, "forecast_rain_mm_today": 0.0, "forecast_rain_mm_tomorrow": 5.0, "et0_mm_yesterday": 2.98, "et0_mm_today": 4.59, "et0_mm_tomorrow": 3.2, "rolling_2day_rain_mm_today": 0.0, "dynamic_risk_score_today": 0.11492922007575546, "risk_tier_today": "Low", "rolling_2day_rain_mm_tomorrow": 5.0, "dynamic_risk_score_tomorrow": 0.14174603809343178, "risk_tier_tomorrow": "Low", "dynamic_risk_score": 0.11492922007575546, "risk_tier": "Low" }, "geometry": { "type": "Polygon", "coordinates": [ [ [ 3.470466064315448, 6.422774270567027 ], [ 3.470474376627855, 6.431820138875994 ], [ 3.479517353537512, 6.431811737978058 ], [ 3.479508881469124, 6.422765881580006 ], [ 3.470466064315448, 6.422774270567027 ] ] ] } },
{ "type": "Feature", "properties": { "mean_susceptibility": 0.66277899117930461, "mean_effective_drainage_score": 0.49538223555333727, "building_count": 1049.0, "area_name": "Ikate", "rain_mm_yesterday": 5.0, "forecast_rain_mm_today": 0.0, "forecast_rain_mm_tomorrow": 5.0, "et0_mm_yesterday": 2.99, "et0_mm_today": 4.6, "et0_mm_tomorrow": 3.2, "rolling_2day_rain_mm_today": 0.0, "dynamic_risk_score_today": 0.19883369735379142, "risk_tier_today": "Low", "rolling_2day_rain_mm_tomorrow": 5.0, "dynamic_risk_score_tomorrow": 0.2452282267363427, "risk_tier_tomorrow": "Low", "dynamic_risk_score": 0.19883369735379142, "risk_tier": "Low" }, "geometry": { "type": "Polygon", "coordinates": [ [ [ 3.488551686450315, 6.422757332898366 ], [ 3.488560318273625, 6.431803177158764 ], [ 3.497603270606644, 6.431794456419179 ], [ 3.497594479029491, 6.422748624523174 ], [ 3.488551686450315, 6.422757332898366 ] ] ] } },
{ "type": "Feature", "properties": { "mean_susceptibility": 0.75629841119192498, "mean_effective_drainage_score": 0.62930322438375963, "building_count": 2015.0, "area_name": "Jakande", "rain_mm_yesterday": 5.0, "forecast_rain_mm_today": 0.0, "forecast_rain_mm_tomorrow": 5.0, "et0_mm_yesterday": 2.99, "et0_mm_today": 4.6, "et0_mm_tomorrow": 3.2, "rolling_2day_rain_mm_today": 0.0, "dynamic_risk_score_today": 0.22688952335757751, "risk_tier_today": "Low", "rolling_2day_rain_mm_tomorrow": 5.0, "dynamic_risk_score_tomorrow": 0.27983041214101223, "risk_tier_tomorrow": "Medium", "dynamic_risk_score": 0.22688952335757751, "risk_tier": "Low" }, "geometry": { "type": "Polygon", "coordinates": [ [ [ 3.497594479029491, 6.422748624523174 ], [ 3.497603270606644, 6.431794456419179 ], [ 3.506646210307018, 6.431785575760383 ], [ 3.506637258977121, 6.422739756455504 ], [ 3.497594479029491, 6.422748624523174 ] ] ] } },
{ "type": "Feature", "properties": { "mean_susceptibility": 0.66249298245465382, "mean_effective_drainage_score": 0.41690657843199397, "building_count": 1826.0, "area_name": "Jakande", "rain_mm_yesterday": 5.0, "forecast_rain_mm_today": 0.0, "forecast_rain_mm_tomorrow": 5.0, "et0_mm_yesterday": 2.99, "et0_mm_today": 4.6, "et0_mm_tomorrow": 3.2, "rolling_2day_rain_mm_today": 0.0, "dynamic_risk_score_today": 0.19874789473639609, "risk_tier_today": "Low", "rolling_2day_rain_mm_tomorrow": 5.0, "dynamic_risk_score_tomorrow": 0.2451224035082219, "risk_tier_tomorrow": "Low", "dynamic_risk_score": 0.19874789473639609, "risk_tier": "Low" }, "geometry": { "type": "Polygon", "coordinates": [ [ [ 3.497603270606644, 6.431794456419179 ], [ 3.497612074816443, 6.440840285110214 ], [ 3.506655174499109, 6.440831391859864 ], [ 3.506646210307018, 6.431785575760383 ], [ 3.497603270606644, 6.431794456419179 ] ] ] } },
{ "type": "Feature", "properties": { "mean_susceptibility": 0.61559160359129361, "mean_effective_drainage_score": 0.39032929360213175, "building_count": 617.0, "area_name": "Ikate", "rain_mm_yesterday": 5.0, "forecast_rain_mm_today": 0.0, "forecast_rain_mm_tomorrow": 5.0, "et0_mm_yesterday": 2.98, "et0_mm_today": 4.59, "et0_mm_tomorrow": 3.2, "rolling_2day_rain_mm_today": 0.0, "dynamic_risk_score_today": 0.18467748107738813, "risk_tier_today": "Low", "rolling_2day_rain_mm_tomorrow": 5.0, "dynamic_risk_score_tomorrow": 0.2277688933287787, "risk_tier_tomorrow": "Low", "dynamic_risk_score": 0.18467748107738813, "risk_tier": "Low" }, "geometry": { "type": "Polygon", "coordinates": [ [ [ 3.479517353537512, 6.431811737978058 ], [ 3.479525837779444, 6.440857591171968 ], [ 3.488568962500031, 6.440849018214609 ], [ 3.488560318273625, 6.431803177158764 ], [ 3.479517353537512, 6.431811737978058 ] ] ] } },
{ "type": "Feature", "properties": { "mean_susceptibility": 0.66466736882639632, "mean_effective_drainage_score": 0.38836229521048166, "building_count": 667.0, "area_name": "Ikate", "rain_mm_yesterday": 5.0, "forecast_rain_mm_today": 0.0, "forecast_rain_mm_tomorrow": 5.0, "et0_mm_yesterday": 2.99, "et0_mm_today": 4.6, "et0_mm_tomorrow": 3.2, "rolling_2day_rain_mm_today": 0.0, "dynamic_risk_score_today": 0.19940021064791891, "risk_tier_today": "Low", "rolling_2day_rain_mm_tomorrow": 5.0, "dynamic_risk_score_tomorrow": 0.24592692646576664, "risk_tier_tomorrow": "Low", "dynamic_risk_score": 0.19940021064791891, "risk_tier": "Low" }, "geometry": { "type": "Polygon", "coordinates": [ [ [ 3.488560318273625, 6.431803177158764 ], [ 3.488568962500031, 6.440849018214609 ], [ 3.497612074816443, 6.440840285110214 ], [ 3.497603270606644, 6.431794456419179 ], [ 3.488560318273625, 6.431803177158764 ] ] ] } },
{ "type": "Feature", "properties": { "mean_susceptibility": 0.50663705086547928, "mean_effective_drainage_score": 0.38866336743987229, "building_count": 1164.0, "area_name": "Lekki Phase I", "rain_mm_yesterday": 5.0, "forecast_rain_mm_today": 0.0, "forecast_rain_mm_tomorrow": 5.0, "et0_mm_yesterday": 2.99, "et0_mm_today": 4.6, "et0_mm_tomorrow": 3.2, "rolling_2day_rain_mm_today": 0.0, "dynamic_risk_score_today": 0.15199111525964382, "risk_tier_today": "Low", "rolling_2day_rain_mm_tomorrow": 5.0, "dynamic_risk_score_tomorrow": 0.18745570882022733, "risk_tier_tomorrow": "Low", "dynamic_risk_score": 0.15199111525964382, "risk_tier": "Low" }, "geometry": { "type": "Polygon", "coordinates": [ [ [ 3.470474376627855, 6.431820138875994 ], [ 3.470482700884252, 6.440866003981225 ], [ 3.479525837779444, 6.440857591171968 ], [ 3.479517353537512, 6.431811737978058 ], [ 3.470474376627855, 6.431820138875994 ] ] ] } },
{ "type": "Feature", "properties": { "mean_susceptibility": 0.5111853924418126, "mean_effective_drainage_score": 0.4041960729391757, "building_count": 1355.0, "area_name": "Lekki Phase I", "rain_mm_yesterday": 5.0, "forecast_rain_mm_today": 0.0, "forecast_rain_mm_tomorrow": 5.0, "et0_mm_yesterday": 2.99, "et0_mm_today": 4.6, "et0_mm_tomorrow": 3.2, "rolling_2day_rain_mm_today": 0.0, "dynamic_risk_score_today": 0.1533556177325438, "risk_tier_today": "Low", "rolling_2day_rain_mm_tomorrow": 5.0, "dynamic_risk_score_tomorrow": 0.18913859520347065, "risk_tier_tomorrow": "Low", "dynamic_risk_score": 0.1533556177325438, "risk_tier": "Low" }, "geometry": { "type": "Polygon", "coordinates": [ [ [ 3.461431387774208, 6.431828379851538 ], [ 3.46143955204403, 6.440874256641338 ], [ 3.470482700884252, 6.440866003981225 ], [ 3.470474376627855, 6.431820138875994 ], [ 3.461431387774208, 6.431828379851538 ] ] ] } },
{ "type": "Feature", "properties": { "mean_susceptibility": 0.53810420964312822, "mean_effective_drainage_score": 0.33607862148089546, "building_count": 186.0, "area_name": "Maroko", "rain_mm_yesterday": 5.0, "forecast_rain_mm_today": 0.0, "forecast_rain_mm_tomorrow": 5.0, "et0_mm_yesterday": 2.99, "et0_mm_today": 4.6, "et0_mm_tomorrow": 3.2, "rolling_2day_rain_mm_today": 0.0, "dynamic_risk_score_today": 0.16143126289293841, "risk_tier_today": "Low", "rolling_2day_rain_mm_tomorrow": 5.0, "dynamic_risk_score_tomorrow": 0.19909855756795747, "risk_tier_tomorrow": "Low", "dynamic_risk_score": 0.16143126289293841, "risk_tier": "Low" }, "geometry": { "type": "Polygon", "coordinates": [ [ [ 3.443345375153162, 6.431844382031359 ], [ 3.443353219446792, 6.440890281510055 ], [ 3.45239639148835, 6.440882349151283 ], [ 3.452388387206125, 6.431836460903659 ], [ 3.443345375153162, 6.431844382031359 ] ] ] } },
{ "type": "Feature", "properties": { "mean_susceptibility": 0.549045913362188, "mean_effective_drainage_score": 0.40426281363646749, "building_count": 909.0, "area_name": "Maroko", "rain_mm_yesterday": 5.0, "forecast_rain_mm_today": 0.0, "forecast_rain_mm_tomorrow": 5.0, "et0_mm_yesterday": 2.99, "et0_mm_today": 4.6, "et0_mm_tomorrow": 3.2, "rolling_2day_rain_mm_today": 0.0, "dynamic_risk_score_today": 0.16471377400865639, "risk_tier_today": "Low", "rolling_2day_rain_mm_tomorrow": 5.0, "dynamic_risk_score_tomorrow": 0.20314698794400954, "risk_tier_tomorrow": "Low", "dynamic_risk_score": 0.16471377400865639, "risk_tier": "Low" }, "geometry": { "type": "Polygon", "coordinates": [ [ [ 3.452388387206125, 6.431836460903659 ], [ 3.45239639148835, 6.440882349151283 ], [ 3.46143955204403, 6.440874256641338 ], [ 3.461431387774208, 6.431828379851538 ], [ 3.452388387206125, 6.431836460903659 ] ] ] } },
{ "type": "Feature", "properties": { "mean_susceptibility": 0.50693525037063525, "mean_effective_drainage_score": 0.3830843320550496, "building_count": 346.0, "area_name": "Victoria Island", "rain_mm_yesterday": 5.0, "forecast_rain_mm_today": 0.0, "forecast_rain_mm_tomorrow": 5.0, "et0_mm_yesterday": 2.99, "et0_mm_today": 4.6, "et0_mm_tomorrow": 3.2, "rolling_2day_rain_mm_today": 0.0, "dynamic_risk_score_today": 0.15208057511119055, "risk_tier_today": "Low", "rolling_2day_rain_mm_tomorrow": 5.0, "dynamic_risk_score_tomorrow": 0.18756604263713506, "risk_tier_tomorrow": "Low", "dynamic_risk_score": 0.15208057511119055, "risk_tier": "Low" }, "geometry": { "type": "Polygon", "coordinates": [ [ [ 3.425259317510831, 6.43185974450958 ], [ 3.425266841824345, 6.440905665770167 ], [ 3.43431003614893, 6.440898053716671 ], [ 3.434302351844878, 6.431852143233653 ], [ 3.425259317510831, 6.43185974450958 ] ] ] } },
{ "type": "Feature", "properties": { "mean_susceptibility": 0.49857247788722553, "mean_effective_drainage_score": 0.27377636999327021, "building_count": 229.0, "area_name": "Victoria Island", "rain_mm_yesterday": 5.0, "forecast_rain_mm_today": 0.0, "forecast_rain_mm_tomorrow": 5.0, "et0_mm_yesterday": 2.98, "et0_mm_today": 4.59, "et0_mm_tomorrow": 3.2, "rolling_2day_rain_mm_today": 0.0, "dynamic_risk_score_today": 0.14957174336616763, "risk_tier_today": "Low", "rolling_2day_rain_mm_tomorrow": 5.0, "dynamic_risk_score_tomorrow": 0.1844718168182734, "risk_tier_tomorrow": "Low", "dynamic_risk_score": 0.14957174336616763, "risk_tier": "Low" }, "geometry": { "type": "Polygon", "coordinates": [ [ [ 3.434302351844878, 6.431852143233653 ], [ 3.43431003614893, 6.440898053716671 ], [ 3.443353219446792, 6.440890281510055 ], [ 3.443345375153162, 6.431844382031359 ], [ 3.434302351844878, 6.431852143233653 ] ] ] } },
{ "type": "Feature", "properties": { "mean_susceptibility": 0.48180866434568514, "mean_effective_drainage_score": 0.39885104623493967, "building_count": 576.0, "area_name": "Maroko", "rain_mm_yesterday": 5.0, "forecast_rain_mm_today": 0.0, "forecast_rain_mm_tomorrow": 5.0, "et0_mm_yesterday": 2.98, "et0_mm_today": 4.59, "et0_mm_tomorrow": 3.2, "rolling_2day_rain_mm_today": 0.0, "dynamic_risk_score_today": 0.1445425993037055, "risk_tier_today": "Low", "rolling_2day_rain_mm_tomorrow": 5.0, "dynamic_risk_score_tomorrow": 0.17826920580790351, "risk_tier_tomorrow": "Low", "dynamic_risk_score": 0.1445425993037055, "risk_tier": "Low" }, "geometry": { "type": "Polygon", "coordinates": [ [ [ 3.443353219446792, 6.440890281510055 ], [ 3.443361074996724, 6.449936177781751 ], [ 3.452404407256457, 6.449928234191526 ], [ 3.45239639148835, 6.440882349151283 ], [ 3.443353219446792, 6.440890281510055 ] ] ] } },
{ "type": "Feature", "properties": { "mean_susceptibility": 0.48065570840775296, "mean_effective_drainage_score": 0.27783267996795108, "building_count": 925.0, "area_name": "Lekki Phase I", "rain_mm_yesterday": 5.0, "forecast_rain_mm_today": 0.0, "forecast_rain_mm_tomorrow": 5.0, "et0_mm_yesterday": 2.98, "et0_mm_today": 4.59, "et0_mm_tomorrow": 3.2, "rolling_2day_rain_mm_today": 0.0, "dynamic_risk_score_today": 0.14419671252232591, "risk_tier_today": "Low", "rolling_2day_rain_mm_tomorrow": 5.0, "dynamic_risk_score_tomorrow": 0.1778426121108686, "risk_tier_tomorrow": "Low", "dynamic_risk_score": 0.14419671252232591, "risk_tier": "Low" }, "geometry": { "type": "Polygon", "coordinates": [ [ [ 3.45239639148835, 6.440882349151283 ], [ 3.452404407256457, 6.449928234191526 ], [ 3.461447728029308, 6.44992013022337 ], [ 3.46143955204403, 6.440874256641338 ], [ 3.45239639148835, 6.440882349151283 ] ] ] } },
{ "type": "Feature", "properties": { "mean_susceptibility": 0.49554790293887208, "mean_effective_drainage_score": 0.45394246860252546, "building_count": 386.0, "area_name": "Ikoyi", "rain_mm_yesterday": 5.0, "forecast_rain_mm_today": 0.0, "forecast_rain_mm_tomorrow": 5.0, "et0_mm_yesterday": 2.98, "et0_mm_today": 4.59, "et0_mm_tomorrow": 3.2, "rolling_2day_rain_mm_today": 0.0, "dynamic_risk_score_today": 0.14866437088166162, "risk_tier_today": "Low", "rolling_2day_rain_mm_tomorrow": 5.0, "dynamic_risk_score_tomorrow": 0.18335272408738268, "risk_tier_tomorrow": "Low", "dynamic_risk_score": 0.14866437088166162, "risk_tier": "Low" }, "geometry": { "type": "Polygon", "coordinates": [ [ [ 3.43431003614893, 6.440898053716671 ], [ 3.434317731479706, 6.44994396099306 ], [ 3.443361074996724, 6.449936177781751 ], [ 3.443353219446792, 6.440890281510055 ], [ 3.43431003614893, 6.440898053716671 ] ] ] } },
{ "type": "Feature", "properties": { "mean_susceptibility": 0.5385647759146942, "mean_effective_drainage_score": 0.43480550096320464, "building_count": 825.0, "area_name": "Lekki Phase I", "rain_mm_yesterday": 5.0, "forecast_rain_mm_today": 0.0, "forecast_rain_mm_tomorrow": 5.0, "et0_mm_yesterday": 2.98, "et0_mm_today": 4.59, "et0_mm_tomorrow": 3.2, "rolling_2day_rain_mm_today": 0.0, "dynamic_risk_score_today": 0.16156943277440827, "risk_tier_today": "Low", "rolling_2day_rain_mm_tomorrow": 5.0, "dynamic_risk_score_tomorrow": 0.19926896708843689, "risk_tier_tomorrow": "Low", "dynamic_risk_score": 0.16156943277440827, "risk_tier": "Low" }, "geometry": { "type": "Polygon", "coordinates": [ [ [ 3.46143955204403, 6.440874256641338 ], [ 3.461447728029308, 6.44992013022337 ], [ 3.47049103708568, 6.449911865878288 ], [ 3.470482700884252, 6.440866003981225 ], [ 3.46143955204403, 6.440874256641338 ] ] ] } },
{ "type": "Feature", "properties": { "mean_susceptibility": 0.49777005981277489, "mean_effective_drainage_score": 0.39696937719336611, "building_count": 273.0, "area_name": "Ikoyi", "rain_mm_yesterday": 5.0, "forecast_rain_mm_today": 0.0, "forecast_rain_mm_tomorrow": 5.0, "et0_mm_yesterday": 2.99, "et0_mm_today": 4.6, "et0_mm_tomorrow": 3.2, "rolling_2day_rain_mm_today": 0.0, "dynamic_risk_score_today": 0.14933101794383252, "risk_tier_today": "Low", "rolling_2day_rain_mm_tomorrow": 5.0, "dynamic_risk_score_tomorrow": 0.18417492213072673, "risk_tier_tomorrow": "Low", "dynamic_risk_score": 0.14933101794383252, "risk_tier": "Low" }, "geometry": { "type": "Polygon", "coordinates": [ [ [ 3.425266841824345, 6.440905665770167 ], [ 3.425274376935002, 6.449951583824486 ], [ 3.434317731479706, 6.44994396099306 ], [ 3.43431003614893, 6.440898053716671 ], [ 3.425266841824345, 6.440905665770167 ] ] ] } },
{ "type": "Feature", "properties": { "mean_susceptibility": 0.62900956538000108, "mean_effective_drainage_score": 0.5416279125132667, "building_count": 703.0, "area_name": "Ikoyi", "rain_mm_yesterday": 5.0, "forecast_rain_mm_today": 0.0, "forecast_rain_mm_tomorrow": 5.0, "et0_mm_yesterday": 2.99, "et0_mm_today": 4.6, "et0_mm_tomorrow": 3.2, "rolling_2day_rain_mm_today": 0.0, "dynamic_risk_score_today": 0.18870286961400029, "risk_tier_today": "Low", "rolling_2day_rain_mm_tomorrow": 5.0, "dynamic_risk_score_tomorrow": 0.23273353919060036, "risk_tier_tomorrow": "Low", "dynamic_risk_score": 0.18870286961400029, "risk_tier": "Low" }, "geometry": { "type": "Polygon", "coordinates": [ [ [ 3.416223636702618, 6.440913117669595 ], [ 3.416231011592214, 6.449959046275087 ], [ 3.425274376935002, 6.449951583824486 ], [ 3.425266841824345, 6.440905665770167 ], [ 3.416223636702618, 6.440913117669595 ] ] ] } },
{ "type": "Feature", "properties": { "mean_susceptibility": 0.6061927738175773, "mean_effective_drainage_score": 0.39430222408631455, "building_count": 518.0, "area_name": "Ikoyi", "rain_mm_yesterday": 5.0, "forecast_rain_mm_today": 0.0, "forecast_rain_mm_tomorrow": 5.0, "et0_mm_yesterday": 2.99, "et0_mm_today": 4.6, "et0_mm_tomorrow": 3.2, "rolling_2day_rain_mm_today": 0.0, "dynamic_risk_score_today": 0.18185783214527318, "risk_tier_today": "Low", "rolling_2day_rain_mm_tomorrow": 5.0, "dynamic_risk_score_tomorrow": 0.22429132631250359, "risk_tier_tomorrow": "Low", "dynamic_risk_score": 0.18185783214527318, "risk_tier": "Low" }, "geometry": { "type": "Polygon", "coordinates": [ [ [ 3.416231011592214, 6.449959046275087 ], [ 3.416223636702618, 6.440913117669595 ], [ 3.407180421013329, 6.440920409414035 ], [ 3.407186379331111, 6.448392035975945 ], [ 3.409635082190391, 6.449964387984472 ], [ 3.416231011592214, 6.449959046275087 ] ] ] } },
{ "type": "Feature", "properties": { "mean_susceptibility": 0.55153482701604861, "mean_effective_drainage_score": 0.2488886986864301, "building_count": 21.0, "area_name": "Ikoyi", "rain_mm_yesterday": 5.0, "forecast_rain_mm_today": 0.0, "forecast_rain_mm_tomorrow": 5.0, "et0_mm_yesterday": 2.99, "et0_mm_today": 4.6, "et0_mm_tomorrow": 3.2, "rolling_2day_rain_mm_today": 0.0, "dynamic_risk_score_today": 0.16546044810481453, "risk_tier_today": "Low", "rolling_2day_rain_mm_tomorrow": 5.0, "dynamic_risk_score_tomorrow": 0.20406788599593795, "risk_tier_tomorrow": "Low", "dynamic_risk_score": 0.16546044810481453, "risk_tier": "Low" }, "geometry": { "type": "Polygon", "coordinates": [ [ [ 3.407180421013329, 6.440920409414035 ], [ 3.398137194986063, 6.440927541002581 ], [ 3.398138269217801, 6.442305870902 ], [ 3.400919915000145, 6.444368839000049 ], [ 3.403955937000148, 6.44662284900005 ], [ 3.404932975000178, 6.447135926000101 ], [ 3.406514884000046, 6.447960854000143 ], [ 3.407186379331111, 6.448392035975945 ], [ 3.407180421013329, 6.440920409414035 ] ] ] } },
{ "type": "Feature", "properties": { "mean_susceptibility": 0.53662064767356732, "mean_effective_drainage_score": 0.4496558979975302, "building_count": 128.0, "area_name": "Ikoyi", "rain_mm_yesterday": 5.0, "forecast_rain_mm_today": 0.0, "forecast_rain_mm_tomorrow": 5.0, "et0_mm_yesterday": 2.99, "et0_mm_today": 4.6, "et0_mm_tomorrow": 3.2, "rolling_2day_rain_mm_today": 0.0, "dynamic_risk_score_today": 0.16098619430207017, "risk_tier_today": "Low", "rolling_2day_rain_mm_tomorrow": 5.0, "dynamic_risk_score_tomorrow": 0.1985496396392199, "risk_tier_tomorrow": "Low", "dynamic_risk_score": 0.16098619430207017, "risk_tier": "Low" }, "geometry": { "type": "Polygon", "coordinates": [ [ [ 3.416238397050293, 6.459004971670245 ], [ 3.416231011592214, 6.449959046275087 ], [ 3.409635082190391, 6.449964387984472 ], [ 3.410011053000062, 6.450205803000187 ], [ 3.410940886000162, 6.450650216000098 ], [ 3.411881923000124, 6.451787949000162 ], [ 3.413053988, 6.452919960000144 ], [ 3.414483070000131, 6.455661773000089 ], [ 3.415673018000177, 6.457945825000024 ], [ 3.415614539960886, 6.459005481264434 ], [ 3.416238397050293, 6.459004971670245 ] ] ] } },
{ "type": "Feature", "properties": { "mean_susceptibility": 0.36781429661213511, "mean_effective_drainage_score": 0.44984194985548592, "building_count": 600.0, "area_name": "Ikoyi", "rain_mm_yesterday": 5.0, "forecast_rain_mm_today": 0.0, "forecast_rain_mm_tomorrow": 5.0, "et0_mm_yesterday": 2.99, "et0_mm_today": 4.6, "et0_mm_tomorrow": 3.2, "rolling_2day_rain_mm_today": 0.0, "dynamic_risk_score_today": 0.11034428898364057, "risk_tier_today": "Low", "rolling_2day_rain_mm_tomorrow": 5.0, "dynamic_risk_score_tomorrow": 0.13609128974648999, "risk_tier_tomorrow": "Low", "dynamic_risk_score": 0.11034428898364057, "risk_tier": "Low" }, "geometry": { "type": "Polygon", "coordinates": [ [ [ 3.416231011592214, 6.449959046275087 ], [ 3.416238397050293, 6.459004971670245 ], [ 3.425281922843744, 6.458997498668118 ], [ 3.425274376935002, 6.449951583824486 ], [ 3.416231011592214, 6.449959046275087 ] ] ] } },
{ "type": "Feature", "properties": { "mean_susceptibility": 0.62383152447069301, "mean_effective_drainage_score": 0.45512905047864555, "building_count": 313.0, "area_name": "Ikoyi", "rain_mm_yesterday": 5.0, "forecast_rain_mm_today": 0.0, "forecast_rain_mm_tomorrow": 5.0, "et0_mm_yesterday": 2.99, "et0_mm_today": 4.6, "et0_mm_tomorrow": 3.2, "rolling_2day_rain_mm_today": 0.0, "dynamic_risk_score_today": 0.18714945734120791, "risk_tier_today": "Low", "rolling_2day_rain_mm_tomorrow": 5.0, "dynamic_risk_score_tomorrow": 0.23081766405415638, "risk_tier_tomorrow": "Low", "dynamic_risk_score": 0.18714945734120791, "risk_tier": "Low" }, "geometry": { "type": "Polygon", "coordinates": [ [ [ 3.425289479551515, 6.468043410296636 ], [ 3.425281922843744, 6.458997498668118 ], [ 3.416238397050293, 6.459004971670245 ], [ 3.416244341869004, 6.466276970872397 ], [ 3.416922511687072, 6.468050339440713 ], [ 3.425289479551515, 6.468043410296636 ] ] ] } },
{ "type": "Feature", "properties": { "mean_susceptibility": 0.65355064390687745, "mean_effective_drainage_score": 0.35885689703797263, "building_count": 1070.0, "area_name": "Jakande", "rain_mm_yesterday": 5.0, "forecast_rain_mm_today": 0.0, "forecast_rain_mm_tomorrow": 5.0, "et0_mm_yesterday": 2.99, "et0_mm_today": 4.6, "et0_mm_tomorrow": 3.2, "rolling_2day_rain_mm_today": 0.0, "dynamic_risk_score_today": 0.19606519317206317, "risk_tier_today": "Low", "rolling_2day_rain_mm_tomorrow": 5.0, "dynamic_risk_score_tomorrow": 0.24181373824554464, "risk_tier_tomorrow": "Low", "dynamic_risk_score": 0.19606519317206317, "risk_tier": "Low" }, "geometry": { "type": "Polygon", "coordinates": [ [ [ 3.497612074816443, 6.440840285110214 ], [ 3.497620891659987, 6.449886110591846 ], [ 3.506664151554514, 6.449877204749519 ], [ 3.506655174499109, 6.440831391859864 ], [ 3.497612074816443, 6.440840285110214 ] ] ] } },
{ "type": "Feature", "properties": { "mean_susceptibility": 0.78951062206279787, "mean_effective_drainage_score": 0.48684189541221567, "building_count": 841.0, "area_name": "Ikate", "rain_mm_yesterday": 5.0, "forecast_rain_mm_today": 0.0, "forecast_rain_mm_tomorrow": 5.0, "et0_mm_yesterday": 2.99, "et0_mm_today": 4.6, "et0_mm_tomorrow": 3.2, "rolling_2day_rain_mm_today": 0.0, "dynamic_risk_score_today": 0.23685318661883936, "risk_tier_today": "Low", "rolling_2day_rain_mm_tomorrow": 5.0, "dynamic_risk_score_tomorrow": 0.2921189301632352, "risk_tier_tomorrow": "Medium", "dynamic_risk_score": 0.23685318661883936, "risk_tier": "Low" }, "geometry": { "type": "Polygon", "coordinates": [ [ [ 3.488568962500031, 6.440849018214609 ], [ 3.488577619130612, 6.449894856061473 ], [ 3.497620891659987, 6.449886110591846 ], [ 3.497612074816443, 6.440840285110214 ], [ 3.488568962500031, 6.440849018214609 ] ] ] } },
{ "type": "Feature", "properties": { "mean_susceptibility": 0.68015303099470792, "mean_effective_drainage_score": 0.40674385274082631, "building_count": 879.0, "area_name": "Lekki Phase I", "rain_mm_yesterday": 5.0, "forecast_rain_mm_today": 0.0, "forecast_rain_mm_tomorrow": 5.0, "et0_mm_yesterday": 2.99, "et0_mm_today": 4.6, "et0_mm_tomorrow": 3.2, "rolling_2day_rain_mm_today": 0.0, "dynamic_risk_score_today": 0.20404590929841238, "risk_tier_today": "Low", "rolling_2day_rain_mm_tomorrow": 5.0, "dynamic_risk_score_tomorrow": 0.25165662146804191, "risk_tier_tomorrow": "Medium", "dynamic_risk_score": 0.20404590929841238, "risk_tier": "Low" }, "geometry": { "type": "Polygon", "coordinates": [ [ [ 3.479525837779444, 6.440857591171968 ], [ 3.479534334195979, 6.449903441157307 ], [ 3.488577619130612, 6.449894856061473 ], [ 3.488568962500031, 6.440849018214609 ], [ 3.479525837779444, 6.440857591171968 ] ] ] } },
{ "type": "Feature", "properties": { "mean_susceptibility": 0.49594162210727222, "mean_effective_drainage_score": 0.45514925996325079, "building_count": 1228.0, "area_name": "Lekki Phase I", "rain_mm_yesterday": 5.0, "forecast_rain_mm_today": 0.0, "forecast_rain_mm_tomorrow": 5.0, "et0_mm_yesterday": 2.98, "et0_mm_today": 4.59, "et0_mm_tomorrow": 3.2, "rolling_2day_rain_mm_today": 0.0, "dynamic_risk_score_today": 0.14878248663218163, "risk_tier_today": "Low", "rolling_2day_rain_mm_tomorrow": 5.0, "dynamic_risk_score_tomorrow": 0.18349840017969066, "risk_tier_tomorrow": "Low", "dynamic_risk_score": 0.14878248663218163, "risk_tier": "Low" }, "geometry": { "type": "Polygon", "coordinates": [ [ [ 3.470482700884252, 6.440866003981225 ], [ 3.47049103708568, 6.449911865878288 ], [ 3.479534334195979, 6.449903441157307 ], [ 3.479525837779444, 6.440857591171968 ], [ 3.470482700884252, 6.440866003981225 ] ] ] } },
{ "type": "Feature", "properties": { "mean_susceptibility": 0.68508814651581196, "mean_effective_drainage_score": 0.40813616621372678, "building_count": 205.0, "area_name": "Jakande", "rain_mm_yesterday": 5.0, "forecast_rain_mm_today": 0.0, "forecast_rain_mm_tomorrow": 5.0, "et0_mm_yesterday": 2.99, "et0_mm_today": 4.6, "et0_mm_tomorrow": 3.2, "rolling_2day_rain_mm_today": 0.0, "dynamic_risk_score_today": 0.20552644395474362, "risk_tier_today": "Low", "rolling_2day_rain_mm_tomorrow": 5.0, "dynamic_risk_score_tomorrow": 0.25348261421085039, "risk_tier_tomorrow": "Medium", "dynamic_risk_score": 0.20552644395474362, "risk_tier": "Low" }, "geometry": { "type": "Polygon", "coordinates": [ [ [ 3.497620891659987, 6.449886110591846 ], [ 3.49762972113838, 6.458931932859649 ], [ 3.506673141474356, 6.458923014424912 ], [ 3.506664151554514, 6.449877204749519 ], [ 3.497620891659987, 6.449886110591846 ] ] ] } },
{ "type": "Feature", "properties": { "mean_susceptibility": 0.67949953964002374, "mean_effective_drainage_score": 0.32508982256480423, "building_count": 73.0, "area_name": "Jakande", "rain_mm_yesterday": 5.0, "forecast_rain_mm_today": 0.0, "forecast_rain_mm_tomorrow": 5.0, "et0_mm_yesterday": 2.99, "et0_mm_today": 4.6, "et0_mm_tomorrow": 3.2, "rolling_2day_rain_mm_today": 0.0, "dynamic_risk_score_today": 0.20384986189200716, "risk_tier_today": "Low", "rolling_2day_rain_mm_tomorrow": 5.0, "dynamic_risk_score_tomorrow": 0.25141482966680884, "risk_tier_tomorrow": "Medium", "dynamic_risk_score": 0.20384986189200716, "risk_tier": "Low" }, "geometry": { "type": "Polygon", "coordinates": [ [ [ 3.488577619130612, 6.449894856061473 ], [ 3.488586288166452, 6.458940690694923 ], [ 3.49762972113838, 6.458931932859649 ], [ 3.497620891659987, 6.449886110591846 ], [ 3.488577619130612, 6.449894856061473 ] ] ] } },
{ "type": "Feature", "properties": { "mean_susceptibility": 0.50780004320251881, "mean_effective_drainage_score": 0.34260137271153401, "building_count": 293.0, "area_name": "Lekki Phase I", "rain_mm_yesterday": 5.0, "forecast_rain_mm_today": 0.0, "forecast_rain_mm_tomorrow": 5.0, "et0_mm_yesterday": 2.99, "et0_mm_today": 4.6, "et0_mm_tomorrow": 3.2, "rolling_2day_rain_mm_today": 0.0, "dynamic_risk_score_today": 0.15234001296075561, "risk_tier_today": "Low", "rolling_2day_rain_mm_tomorrow": 5.0, "dynamic_risk_score_tomorrow": 0.18788601598493193, "risk_tier_tomorrow": "Low", "dynamic_risk_score": 0.15234001296075561, "risk_tier": "Low" }, "geometry": { "type": "Polygon", "coordinates": [ [ [ 3.479534334195979, 6.449903441157307 ], [ 3.479542842788182, 6.458949287929648 ], [ 3.488586288166452, 6.458940690694923 ], [ 3.488577619130612, 6.449894856061473 ], [ 3.479534334195979, 6.449903441157307 ] ] ] } },
{ "type": "Feature", "properties": { "mean_susceptibility": 0.47705193953649422, "mean_effective_drainage_score": 0.40839514047743958, "building_count": 1514.0, "area_name": "Lekki Phase I", "rain_mm_yesterday": 5.0, "forecast_rain_mm_today": 0.0, "forecast_rain_mm_tomorrow": 5.0, "et0_mm_yesterday": 2.99, "et0_mm_today": 4.6, "et0_mm_tomorrow": 3.2, "rolling_2day_rain_mm_today": 0.0, "dynamic_risk_score_today": 0.14311558186094819, "risk_tier_today": "Low", "rolling_2day_rain_mm_tomorrow": 5.0, "dynamic_risk_score_tomorrow": 0.1765092176285028, "risk_tier_tomorrow": "Low", "dynamic_risk_score": 0.14311558186094819, "risk_tier": "Low" }, "geometry": { "type": "Polygon", "coordinates": [ [ [ 3.47049103708568, 6.449911865878288 ], [ 3.470499385233182, 6.458957724562756 ], [ 3.479542842788182, 6.458949287929648 ], [ 3.479534334195979, 6.449903441157307 ], [ 3.47049103708568, 6.449911865878288 ] ] ] } },
{ "type": "Feature", "properties": { "mean_susceptibility": 0.66637615510515547, "mean_effective_drainage_score": 0.4478066988038521, "building_count": 157.0, "area_name": "Banana Island", "rain_mm_yesterday": 5.0, "forecast_rain_mm_today": 0.0, "forecast_rain_mm_tomorrow": 5.0, "et0_mm_yesterday": 2.99, "et0_mm_today": 4.6, "et0_mm_tomorrow": 3.2, "rolling_2day_rain_mm_today": 0.0, "dynamic_risk_score_today": 0.19991284653154662, "risk_tier_today": "Low", "rolling_2day_rain_mm_tomorrow": 5.0, "dynamic_risk_score_tomorrow": 0.24655917738890754, "risk_tier_tomorrow": "Low", "dynamic_risk_score": 0.19991284653154662, "risk_tier": "Low" }, "geometry": { "type": "Polygon", "coordinates": [ [ [ 3.479542842788182, 6.458949287929648 ], [ 3.470499385233182, 6.458957724562756 ], [ 3.47050630824068, 6.466449531626807 ], [ 3.475280999, 6.463615895000033 ], [ 3.478266954000105, 6.462875844 ], [ 3.479546385558535, 6.462711944805887 ], [ 3.479542842788182, 6.458949287929648 ] ] ] } },
{ "type": "Feature", "properties": { "mean_susceptibility": 0.6157029840337942, "mean_effective_drainage_score": 0.22941890840027296, "building_count": 247.0, "area_name": "Banana Island", "rain_mm_yesterday": 5.0, "forecast_rain_mm_today": 0.0, "forecast_rain_mm_tomorrow": 5.0, "et0_mm_yesterday": 2.99, "et0_mm_today": 4.6, "et0_mm_tomorrow": 3.2, "rolling_2day_rain_mm_today": 0.0, "dynamic_risk_score_today": 0.18471089521013828, "risk_tier_today": "Low", "rolling_2day_rain_mm_tomorrow": 5.0, "dynamic_risk_score_tomorrow": 0.2278101040925038, "risk_tier_tomorrow": "Low", "dynamic_risk_score": 0.18471089521013828, "risk_tier": "Low" }, "geometry": { "type": "Polygon", "coordinates": [ [ [ 3.461447728029308, 6.44992013022337 ], [ 3.461455915731066, 6.458966000593202 ], [ 3.470499385233182, 6.458957724562756 ], [ 3.47049103708568, 6.449911865878288 ], [ 3.461447728029308, 6.44992013022337 ] ] ] } },
{ "type": "Feature", "properties": { "mean_susceptibility": 0.4350608984505282, "mean_effective_drainage_score": 0.48621862117553444, "building_count": 287.0, "area_name": "Banana Island", "rain_mm_yesterday": 5.0, "forecast_rain_mm_today": 0.0, "forecast_rain_mm_tomorrow": 5.0, "et0_mm_yesterday": 2.98, "et0_mm_today": 4.59, "et0_mm_tomorrow": 3.2, "rolling_2day_rain_mm_today": 0.0, "dynamic_risk_score_today": 0.13051826953515844, "risk_tier_today": "Low", "rolling_2day_rain_mm_tomorrow": 5.0, "dynamic_risk_score_tomorrow": 0.1609725324266954, "risk_tier_tomorrow": "Low", "dynamic_risk_score": 0.13051826953515844, "risk_tier": "Low" }, "geometry": { "type": "Polygon", "coordinates": [ [ [ 3.452404407256457, 6.449928234191526 ], [ 3.443361074996724, 6.449936177781751 ], [ 3.443368732275447, 6.458741305715709 ], [ 3.444046020000144, 6.457924844000162 ], [ 3.446538925000084, 6.455117225000151 ], [ 3.448141097000132, 6.454400064000025 ], [ 3.452409063911865, 6.455177377528364 ], [ 3.452404407256457, 6.449928234191526 ] ] ] } },
{ "type": "Feature", "properties": { "mean_susceptibility": 0.36895392356284157, "mean_effective_drainage_score": 0.40090062453144959, "building_count": 452.0, "area_name": "Ikoyi", "rain_mm_yesterday": 5.0, "forecast_rain_mm_today": 0.0, "forecast_rain_mm_tomorrow": 5.0, "et0_mm_yesterday": 2.98, "et0_mm_today": 4.59, "et0_mm_tomorrow": 3.2, "rolling_2day_rain_mm_today": 0.0, "dynamic_risk_score_today": 0.11068617706885242, "risk_tier_today": "Low", "rolling_2day_rain_mm_tomorrow": 5.0, "dynamic_risk_score_tomorrow": 0.1365129517182514, "risk_tier_tomorrow": "Low", "dynamic_risk_score": 0.11068617706885242, "risk_tier": "Low" }, "geometry": { "type": "Polygon", "coordinates": [ [ [ 3.443361074996724, 6.449936177781751 ], [ 3.434317731479706, 6.44994396099306 ], [ 3.434325437838167, 6.458989865058393 ], [ 3.443168862931289, 6.458982245019023 ], [ 3.443368732275447, 6.458741305715709 ], [ 3.443361074996724, 6.449936177781751 ] ] ] } },
{ "type": "Feature", "properties": { "mean_susceptibility": 0.26740204262820699, "mean_effective_drainage_score": 0.55381898000435748, "building_count": 475.0, "area_name": "Ikoyi", "rain_mm_yesterday": 5.0, "forecast_rain_mm_today": 0.0, "forecast_rain_mm_tomorrow": 5.0, "et0_mm_yesterday": 2.99, "et0_mm_today": 4.6, "et0_mm_tomorrow": 3.2, "rolling_2day_rain_mm_today": 0.0, "dynamic_risk_score_today": 0.080220612788462153, "risk_tier_today": "Low", "rolling_2day_rain_mm_tomorrow": 5.0, "dynamic_risk_score_tomorrow": 0.098938755772436604, "risk_tier_tomorrow": "Low", "dynamic_risk_score": 0.080220612788462153, "risk_tier": "Low" }, "geometry": { "type": "Polygon", "coordinates": [ [ [ 3.425274376935002, 6.449951583824486 ], [ 3.425281922843744, 6.458997498668118 ], [ 3.434325437838167, 6.458989865058393 ], [ 3.434317731479706, 6.44994396099306 ], [ 3.425274376935002, 6.449951583824486 ] ] ] } },
{ "type": "Feature", "properties": { "mean_susceptibility": 0.68963698400939155, "mean_effective_drainage_score": 0.24973502662960381, "building_count": 150.0, "area_name": "Banana Island", "rain_mm_yesterday": 5.0, "forecast_rain_mm_today": 0.0, "forecast_rain_mm_tomorrow": 5.0, "et0_mm_yesterday": 2.99, "et0_mm_today": 4.6, "et0_mm_tomorrow": 3.2, "rolling_2day_rain_mm_today": 0.0, "dynamic_risk_score_today": 0.20689109520281745, "risk_tier_today": "Low", "rolling_2day_rain_mm_tomorrow": 5.0, "dynamic_risk_score_tomorrow": 0.25516568408347484, "risk_tier_tomorrow": "Medium", "dynamic_risk_score": 0.20689109520281745, "risk_tier": "Low" }, "geometry": { "type": "Polygon", "coordinates": [ [ [ 3.461455915731066, 6.458966000593202 ], [ 3.461447728029308, 6.44992013022337 ], [ 3.452404407256457, 6.449928234191526 ], [ 3.452409063911865, 6.455177377528364 ], [ 3.45276999400005, 6.455243111000073 ], [ 3.454627991000053, 6.456133843000032 ], [ 3.456296448530366, 6.458970650266268 ], [ 3.461455915731066, 6.458966000593202 ] ] ] } },
{ "type": "Feature", "properties": { "mean_susceptibility": 0.52239925648193086, "mean_effective_drainage_score": 0.44186210124751152, "building_count": 234.0, "area_name": "Ikoyi", "rain_mm_yesterday": 5.0, "forecast_rain_mm_today": 0.0, "forecast_rain_mm_tomorrow": 5.0, "et0_mm_yesterday": 2.99, "et0_mm_today": 4.6, "et0_mm_tomorrow": 3.2, "rolling_2day_rain_mm_today": 0.0, "dynamic_risk_score_today": 0.15671977694457928, "risk_tier_today": "Low", "rolling_2day_rain_mm_tomorrow": 5.0, "dynamic_risk_score_tomorrow": 0.19328772489831447, "risk_tier_tomorrow": "Low", "dynamic_risk_score": 0.15671977694457928, "risk_tier": "Low" }, "geometry": { "type": "Polygon", "coordinates": [ [ [ 3.434325437838167, 6.458989865058393 ], [ 3.434333155225278, 6.468035765908246 ], [ 3.437106263500982, 6.46803338964884 ], [ 3.438194991000159, 6.467010022000125 ], [ 3.440218926000057, 6.463750840000101 ], [ 3.441330911000136, 6.461197852999987 ], [ 3.443168862931289, 6.458982245019023 ], [ 3.434325437838167, 6.458989865058393 ] ] ] } },
{ "type": "Feature", "properties": { "mean_susceptibility": 0.43443644076593724, "mean_effective_drainage_score": 0.49722589070880224, "building_count": 308.0, "area_name": "Ikoyi", "rain_mm_yesterday": 5.0, "forecast_rain_mm_today": 0.0, "forecast_rain_mm_tomorrow": 5.0, "et0_mm_yesterday": 2.99, "et0_mm_today": 4.6, "et0_mm_tomorrow": 3.2, "rolling_2day_rain_mm_today": 0.0, "dynamic_risk_score_today": 0.1303309322297812, "risk_tier_today": "Low", "rolling_2day_rain_mm_tomorrow": 5.0, "dynamic_risk_score_tomorrow": 0.16074148308339675, "risk_tier_tomorrow": "Low", "dynamic_risk_score": 0.1303309322297812, "risk_tier": "Low" }, "geometry": { "type": "Polygon", "coordinates": [ [ [ 3.425281922843744, 6.458997498668118 ], [ 3.425289479551515, 6.468043410296636 ], [ 3.434333155225278, 6.468035765908246 ], [ 3.434325437838167, 6.458989865058393 ], [ 3.425281922843744, 6.458997498668118 ] ] ] } },
{ "type": "Feature", "properties": { "mean_susceptibility": 0.70452946131242311, "mean_effective_drainage_score": 0.31385313405776594, "building_count": 191.0, "area_name": "Banana Island", "rain_mm_yesterday": 5.0, "forecast_rain_mm_today": 0.0, "forecast_rain_mm_tomorrow": 5.0, "et0_mm_yesterday": 2.99, "et0_mm_today": 4.6, "et0_mm_tomorrow": 3.2, "rolling_2day_rain_mm_today": 0.0, "dynamic_risk_score_today": 0.21135883839372693, "risk_tier_today": "Low", "rolling_2day_rain_mm_tomorrow": 5.0, "dynamic_risk_score_tomorrow": 0.26067590068559654, "risk_tier_tomorrow": "Medium", "dynamic_risk_score": 0.21135883839372693, "risk_tier": "Low" }, "geometry": { "type": "Polygon", "coordinates": [ [ [ 3.461455915731066, 6.458966000593202 ], [ 3.456296448530366, 6.458970650266268 ], [ 3.45771408100012, 6.461380959000053 ], [ 3.459614038000041, 6.464804174000051 ], [ 3.461463830108148, 6.46769761671465 ], [ 3.461455915731066, 6.458966000593202 ] ] ] } },
{ "type": "Feature", "properties": { "mean_susceptibility": 0.45870443846621578, "mean_effective_drainage_score": 0.32985897906035622, "building_count": 487.0, "area_name": "Ikota", "rain_mm_yesterday": 9.7, "forecast_rain_mm_today": 0.2, "forecast_rain_mm_tomorrow": 3.6, "et0_mm_yesterday": 3.17, "et0_mm_today": 4.52, "et0_mm_tomorrow": 3.2, "rolling_2day_rain_mm_today": 0.72474246781981821, "dynamic_risk_score_today": 0.14226552775413948, "risk_tier_today": "Low", "rolling_2day_rain_mm_tomorrow": 3.6, "dynamic_risk_score_tomorrow": 0.160730035238562, "risk_tier_tomorrow": "Low", "dynamic_risk_score": 0.14226552775413948, "risk_tier": "Low" }, "geometry": { "type": "Polygon", "coordinates": [ [ [ 3.533774951316795, 6.431757974279847 ], [ 3.542817838191123, 6.431748453955425 ], [ 3.542808475811246, 6.422917844273898 ], [ 3.542083025000125, 6.42291784400004 ], [ 3.542083024999006, 6.422703455616206 ], [ 3.541250942998895, 6.422704335896053 ], [ 3.541250943000023, 6.42291784400004 ], [ 3.539582015000121, 6.42291784400004 ], [ 3.539582015000121, 6.423193932000117 ], [ 3.539028884000119, 6.423193932000115 ], [ 3.539028884000118, 6.42291784400004 ], [ 3.533765734989032, 6.422917849796413 ], [ 3.533774951316795, 6.431757974279847 ] ] ] } },
{ "type": "Feature", "properties": { "mean_susceptibility": 0.67765113710300318, "mean_effective_drainage_score": 0.54032441597321224, "building_count": 1865.0, "area_name": "Jakande", "rain_mm_yesterday": 9.7, "forecast_rain_mm_today": 0.2, "forecast_rain_mm_tomorrow": 3.6, "et0_mm_yesterday": 3.17, "et0_mm_today": 4.52, "et0_mm_tomorrow": 3.2, "rolling_2day_rain_mm_today": 2.1538027844581107, "dynamic_risk_score_today": 0.22372871781467207, "risk_tier_today": "Low", "rolling_2day_rain_mm_tomorrow": 3.6, "dynamic_risk_score_tomorrow": 0.23744895844089231, "risk_tier_tomorrow": "Low", "dynamic_risk_score": 0.22372871781467207, "risk_tier": "Low" }, "geometry": { "type": "Polygon", "coordinates": [ [ [ 3.506637258977121, 6.422739756455504 ], [ 3.506646210307018, 6.431785575760383 ], [ 3.515689137145199, 6.431776535183477 ], [ 3.515680026063676, 6.42273072869646 ], [ 3.506637258977121, 6.422739756455504 ] ] ] } },
{ "type": "Feature", "properties": { "mean_susceptibility": 0.55521236700421783, "mean_effective_drainage_score": 0.39266414372470149, "building_count": 680.0, "area_name": "Jakande", "rain_mm_yesterday": 9.7, "forecast_rain_mm_today": 0.2, "forecast_rain_mm_tomorrow": 3.6, "et0_mm_yesterday": 3.17, "et0_mm_today": 4.52, "et0_mm_tomorrow": 3.2, "rolling_2day_rain_mm_today": 1.1511895358907223, "dynamic_risk_score_today": 0.17551187544055857, "risk_tier_today": "Low", "rolling_2day_rain_mm_tomorrow": 3.6, "dynamic_risk_score_tomorrow": 0.19454641339827794, "risk_tier_tomorrow": "Low", "dynamic_risk_score": 0.17551187544055857, "risk_tier": "Low" }, "geometry": { "type": "Polygon", "coordinates": [ [ [ 3.524722780059631, 6.42272154124716 ], [ 3.524732050891639, 6.431767334689585 ], [ 3.533774951316795, 6.431757974279847 ], [ 3.533765734989032, 6.422917849796413 ], [ 3.532638072000168, 6.422917844000038 ], [ 3.532638071994375, 6.422713368224345 ], [ 3.529027937998829, 6.422717111085672 ], [ 3.529027938000071, 6.422917844000038 ], [ 3.525970937000126, 6.422917844000038 ], [ 3.525970936998861, 6.42272026057506 ], [ 3.524722780059631, 6.42272154124716 ] ] ] } },
{ "type": "Feature", "properties": { "mean_susceptibility": 0.56162739689683183, "mean_effective_drainage_score": 0.4372381496145194, "building_count": 811.0, "area_name": "Ikota", "rain_mm_yesterday": 9.7, "forecast_rain_mm_today": 0.2, "forecast_rain_mm_tomorrow": 3.6, "et0_mm_yesterday": 3.17, "et0_mm_today": 4.52, "et0_mm_tomorrow": 3.2, "rolling_2day_rain_mm_today": 1.4538470358825861, "dynamic_risk_score_today": 0.17991950363653431, "risk_tier_today": "Low", "rolling_2day_rain_mm_tomorrow": 3.6, "dynamic_risk_score_tomorrow": 0.19679423987264988, "risk_tier_tomorrow": "Low", "dynamic_risk_score": 0.17991950363653431, "risk_tier": "Low" }, "geometry": { "type": "Polygon", "coordinates": [ [ [ 3.542817838191123, 6.431748453955425 ], [ 3.551860711285081, 6.431738773717501 ], [ 3.551851500765155, 6.423193940955178 ], [ 3.54763889200018, 6.423193932000116 ], [ 3.54763889200018, 6.422917844000039 ], [ 3.546251058999985, 6.422917844000039 ], [ 3.546251058999986, 6.423193932000115 ], [ 3.545417071000088, 6.423193932000117 ], [ 3.545417071000088, 6.422917844000041 ], [ 3.543751002000022, 6.422917844000041 ], [ 3.543751001998923, 6.422701686950529 ], [ 3.543195008998995, 6.422702277110199 ], [ 3.543195009000101, 6.42291784400004 ], [ 3.542808475811246, 6.422917844273898 ], [ 3.542817838191123, 6.431748453955425 ] ] ] } },
{ "type": "Feature", "properties": { "mean_susceptibility": 0.69767603437570647, "mean_effective_drainage_score": 0.57551252845041811, "building_count": 1057.0, "area_name": "Jakande", "rain_mm_yesterday": 9.7, "forecast_rain_mm_today": 0.2, "forecast_rain_mm_tomorrow": 3.6, "et0_mm_yesterday": 3.17, "et0_mm_today": 4.52, "et0_mm_tomorrow": 3.2, "rolling_2day_rain_mm_today": 2.3927300681783388, "dynamic_risk_score_today": 0.23267371626688638, "risk_tier_today": "Low", "rolling_2day_rain_mm_tomorrow": 3.6, "dynamic_risk_score_tomorrow": 0.24446568244524758, "risk_tier_tomorrow": "Low", "dynamic_risk_score": 0.23267371626688638, "risk_tier": "Low" }, "geometry": { "type": "Polygon", "coordinates": [ [ [ 3.515680026063676, 6.42273072869646 ], [ 3.515689137145199, 6.431776535183477 ], [ 3.524732050891639, 6.431767334689585 ], [ 3.524722780059631, 6.42272154124716 ], [ 3.515680026063676, 6.42273072869646 ] ] ] } },
{ "type": "Feature", "properties": { "mean_susceptibility": 0.64808416168613514, "mean_effective_drainage_score": 0.31148980191972497, "building_count": 315.0, "area_name": "Ikota", "rain_mm_yesterday": 9.7, "forecast_rain_mm_today": 0.2, "forecast_rain_mm_tomorrow": 3.6, "et0_mm_yesterday": 3.16, "et0_mm_today": 4.52, "et0_mm_tomorrow": 3.2, "rolling_2day_rain_mm_today": 0.61001575503493233, "dynamic_risk_score_today": 0.19996003019488062, "risk_tier_today": "Low", "rolling_2day_rain_mm_tomorrow": 3.6, "dynamic_risk_score_tomorrow": 0.2270886902548217, "risk_tier_tomorrow": "Low", "dynamic_risk_score": 0.19996003019488062, "risk_tier": "Low" }, "geometry": { "type": "Polygon", "coordinates": [ [ [ 3.533774951316795, 6.431757974279847 ], [ 3.533784395448959, 6.440803751244228 ], [ 3.542827442300975, 6.440794217421296 ], [ 3.542817838191123, 6.431748453955425 ], [ 3.533774951316795, 6.431757974279847 ] ] ] } },
{ "type": "Feature", "properties": { "mean_susceptibility": 0.52676660816600696, "mean_effective_drainage_score": 0.23978817922524964, "building_count": 333.0, "area_name": "Ikota", "rain_mm_yesterday": 9.7, "forecast_rain_mm_today": 0.2, "forecast_rain_mm_tomorrow": 3.6, "et0_mm_yesterday": 3.16, "et0_mm_today": 4.52, "et0_mm_tomorrow": 3.2, "rolling_2day_rain_mm_today": 0.2, "dynamic_risk_score_today": 0.15950492895266688, "risk_tier_today": "Low", "rolling_2day_rain_mm_tomorrow": 3.6, "dynamic_risk_score_tomorrow": 0.18457901950136879, "risk_tier_tomorrow": "Low", "dynamic_risk_score": 0.15950492895266688, "risk_tier": "Low" }, "geometry": { "type": "Polygon", "coordinates": [ [ [ 3.542817838191123, 6.431748453955425 ], [ 3.542827442300975, 6.440794217421296 ], [ 3.551870475371422, 6.440784523458126 ], [ 3.551860711285081, 6.431738773717501 ], [ 3.542817838191123, 6.431748453955425 ] ] ] } },
{ "type": "Feature", "properties": { "mean_susceptibility": 0.42996744126236242, "mean_effective_drainage_score": 0.3558552421581534, "building_count": 310.0, "area_name": "Okun-Ajah", "rain_mm_yesterday": 9.7, "forecast_rain_mm_today": 0.2, "forecast_rain_mm_tomorrow": 3.6, "et0_mm_yesterday": 3.17, "et0_mm_today": 4.52, "et0_mm_tomorrow": 3.2, "rolling_2day_rain_mm_today": 0.90125709425386114, "dynamic_risk_score_today": 0.13441538927301111, "risk_tier_today": "Low", "rolling_2day_rain_mm_tomorrow": 3.6, "dynamic_risk_score_tomorrow": 0.15066059141833177, "risk_tier_tomorrow": "Low", "dynamic_risk_score": 0.13441538927301111, "risk_tier": "Low" }, "geometry": { "type": "Polygon", "coordinates": [ [ [ 3.569946415213729, 6.431718933505961 ], [ 3.578989245589346, 6.431708773534809 ], [ 3.578980244580939, 6.423749929084434 ], [ 3.578195094000137, 6.423749925000037 ], [ 3.578195094000137, 6.424027921000116 ], [ 3.577639103000025, 6.424027921000117 ], [ 3.577639103000024, 6.423749925000037 ], [ 3.577083112000139, 6.423749925000037 ], [ 3.577083112000139, 6.424027921000117 ], [ 3.575695037000116, 6.424027921000116 ], [ 3.575695037000115, 6.423749925000038 ], [ 3.57513904600006, 6.423749925000037 ], [ 3.575139046000061, 6.423471927000152 ], [ 3.574583055000119, 6.423471927000151 ], [ 3.57458305500012, 6.423193932000116 ], [ 3.574305057000061, 6.423193932000116 ], [ 3.574305057000061, 6.423471927000151 ], [ 3.573194980000097, 6.42347192700015 ], [ 3.573194980000096, 6.423749925000037 ], [ 3.572082995000017, 6.423749925000037 ], [ 3.572082995000017, 6.423471927000151 ], [ 3.57013893200002, 6.423471927000151 ], [ 3.57013893200002, 6.423193932000116 ], [ 3.569936924916121, 6.423193932124804 ], [ 3.569946415213729, 6.431718933505961 ] ] ] } },
{ "type": "Feature", "properties": { "mean_susceptibility": 0.42180759214783448, "mean_effective_drainage_score": 0.54048091163765843, "building_count": 663.0, "area_name": "Ikota", "rain_mm_yesterday": 9.7, "forecast_rain_mm_today": 0.2, "forecast_rain_mm_tomorrow": 3.6, "et0_mm_yesterday": 3.17, "et0_mm_today": 4.52, "et0_mm_tomorrow": 3.2, "rolling_2day_rain_mm_today": 2.1548653900197001, "dynamic_risk_score_today": 0.13926741778628715, "risk_tier_today": "Low", "rolling_2day_rain_mm_tomorrow": 3.6, "dynamic_risk_score_tomorrow": 0.14780138028860124, "risk_tier_tomorrow": "Low", "dynamic_risk_score": 0.13926741778628715, "risk_tier": "Low" }, "geometry": { "type": "Polygon", "coordinates": [ [ [ 3.560903570369129, 6.431728933567271 ], [ 3.569946415213729, 6.431718933505961 ], [ 3.569936924916121, 6.423193932124804 ], [ 3.56930494300002, 6.423193932000115 ], [ 3.569304943000019, 6.422917844000037 ], [ 3.568473101000166, 6.42291784400004 ], [ 3.568473101000166, 6.423193932000117 ], [ 3.56680703100011, 6.423193932000116 ], [ 3.56680703100011, 6.422917844000039 ], [ 3.565416098000071, 6.422917844000038 ], [ 3.565416098000071, 6.423193932000117 ], [ 3.563750029000175, 6.423193932000117 ], [ 3.563750029000175, 6.423471927000151 ], [ 3.561527968000064, 6.423471927000151 ], [ 3.561527968000064, 6.423193932000117 ], [ 3.560894219694617, 6.423193933843594 ], [ 3.560903570369129, 6.431728933567271 ] ] ] } },
{ "type": "Feature", "properties": { "mean_susceptibility": 0.38698308142472138, "mean_effective_drainage_score": 0.44444275789904919, "building_count": 376.0, "area_name": "Okun-Ajah", "rain_mm_yesterday": 9.7, "forecast_rain_mm_today": 0.2, "forecast_rain_mm_tomorrow": 3.6, "et0_mm_yesterday": 3.17, "et0_mm_today": 4.52, "et0_mm_tomorrow": 3.2, "rolling_2day_rain_mm_today": 1.5027663261345425, "dynamic_risk_score_today": 0.1242365564371003, "risk_tier_today": "Low", "rolling_2day_rain_mm_tomorrow": 3.6, "dynamic_risk_score_tomorrow": 0.13559887173122243, "risk_tier_tomorrow": "Low", "dynamic_risk_score": 0.1242365564371003, "risk_tier": "Low" }, "geometry": { "type": "Polygon", "coordinates": [ [ [ 3.578989245589346, 6.431708773534809 ], [ 3.588032061266445, 6.431698453655078 ], [ 3.588023569769689, 6.424305920490304 ], [ 3.587084055000104, 6.42430591600015 ], [ 3.587084055000104, 6.424027921000117 ], [ 3.584306001000073, 6.424027921000118 ], [ 3.584306001000073, 6.423749925000037 ], [ 3.578980244580939, 6.423749929084434 ], [ 3.578989245589346, 6.431708773534809 ] ] ] } },
{ "type": "Feature", "properties": { "mean_susceptibility": 0.59410846900158809, "mean_effective_drainage_score": 0.4970775887578861, "building_count": 299.0, "area_name": "Ikota", "rain_mm_yesterday": 9.7, "forecast_rain_mm_today": 0.2, "forecast_rain_mm_tomorrow": 3.6, "et0_mm_yesterday": 3.16, "et0_mm_today": 4.52, "et0_mm_tomorrow": 3.2, "rolling_2day_rain_mm_today": 1.8701568276660454, "dynamic_risk_score_today": 0.19378760483596202, "risk_tier_today": "Low", "rolling_2day_rain_mm_tomorrow": 3.6, "dynamic_risk_score_tomorrow": 0.20817560753815645, "risk_tier_tomorrow": "Low", "dynamic_risk_score": 0.19378760483596202, "risk_tier": "Low" }, "geometry": { "type": "Polygon", "coordinates": [ [ [ 3.551860711285081, 6.431738773717501 ], [ 3.560903570369129, 6.431728933567271 ], [ 3.560894219694617, 6.423193933843594 ], [ 3.557915925999964, 6.423193932000115 ], [ 3.557915925999965, 6.422917844000038 ], [ 3.556528091000189, 6.42291784400004 ], [ 3.556528091000189, 6.423193932000117 ], [ 3.555972100000075, 6.423193932000117 ], [ 3.555972100000076, 6.422917844000039 ], [ 3.554028034000169, 6.42291784400004 ], [ 3.554028034000169, 6.423193932000117 ], [ 3.551851500765155, 6.423193940955178 ], [ 3.551860711285081, 6.431738773717501 ] ] ] } },
{ "type": "Feature", "properties": { "mean_susceptibility": 0.61276679179993976, "mean_effective_drainage_score": 0.23598323604804852, "building_count": 264.0, "area_name": "Ikota", "rain_mm_yesterday": 9.7, "forecast_rain_mm_today": 0.2, "forecast_rain_mm_tomorrow": 3.6, "et0_mm_yesterday": 3.17, "et0_mm_today": 4.52, "et0_mm_tomorrow": 3.2, "rolling_2day_rain_mm_today": 0.2, "dynamic_risk_score_today": 0.18554578455702175, "risk_tier_today": "Low", "rolling_2day_rain_mm_tomorrow": 3.6, "dynamic_risk_score_tomorrow": 0.21471348384669886, "risk_tier_tomorrow": "Low", "dynamic_risk_score": 0.18554578455702175, "risk_tier": "Low" }, "geometry": { "type": "Polygon", "coordinates": [ [ [ 3.560903570369129, 6.431728933567271 ], [ 3.560913494430738, 6.44077466935592 ], [ 3.569956499249366, 6.440764655115903 ], [ 3.569946415213729, 6.431718933505961 ], [ 3.560903570369129, 6.431728933567271 ] ] ] } },
{ "type": "Feature", "properties": { "mean_susceptibility": 0.29721735332574245, "mean_effective_drainage_score": 0.20087466870753073, "building_count": 4.0, "area_name": "Okun-Ajah", "rain_mm_yesterday": 9.7, "forecast_rain_mm_today": 0.2, "forecast_rain_mm_tomorrow": 3.6, "et0_mm_yesterday": 3.17, "et0_mm_today": 4.52, "et0_mm_tomorrow": 3.2, "rolling_2day_rain_mm_today": 0.2, "dynamic_risk_score_today": 0.089997414587034807, "risk_tier_today": "Low", "rolling_2day_rain_mm_tomorrow": 3.6, "dynamic_risk_score_tomorrow": 0.10414496060534018, "risk_tier_tomorrow": "Low", "dynamic_risk_score": 0.089997414587034807, "risk_tier": "Low" }, "geometry": { "type": "Polygon", "coordinates": [ [ [ 3.578989245589346, 6.431708773534809 ], [ 3.57899948959775, 6.440754480739312 ], [ 3.588042465246335, 6.440744146227416 ], [ 3.588032061266445, 6.431698453655078 ], [ 3.578989245589346, 6.431708773534809 ] ] ] } },
{ "type": "Feature", "properties": { "mean_susceptibility": 0.66778056703009259, "mean_effective_drainage_score": 0.32348405137183744, "building_count": 533.0, "area_name": "Ikota", "rain_mm_yesterday": 9.7, "forecast_rain_mm_today": 0.2, "forecast_rain_mm_tomorrow": 3.6, "et0_mm_yesterday": 3.17, "et0_mm_today": 4.52, "et0_mm_tomorrow": 3.2, "rolling_2day_rain_mm_today": 0.68145670881477538, "dynamic_risk_score_today": 0.20670505977289078, "risk_tier_today": "Low", "rolling_2day_rain_mm_tomorrow": 3.6, "dynamic_risk_score_tomorrow": 0.23399031068734444, "risk_tier_tomorrow": "Low", "dynamic_risk_score": 0.20670505977289078, "risk_tier": "Low" }, "geometry": { "type": "Polygon", "coordinates": [ [ [ 3.551860711285081, 6.431738773717501 ], [ 3.551870475371422, 6.440784523458126 ], [ 3.560913494430738, 6.44077466935592 ], [ 3.560903570369129, 6.431728933567271 ], [ 3.551860711285081, 6.431738773717501 ] ] ] } },
{ "type": "Feature", "properties": { "mean_susceptibility": 0.57305938835463643, "mean_effective_drainage_score": 0.28671471943745319, "building_count": 20.0, "area_name": "Lekki Phase II", "rain_mm_yesterday": 9.7, "forecast_rain_mm_today": 0.2, "forecast_rain_mm_tomorrow": 3.6, "et0_mm_yesterday": 3.16, "et0_mm_today": 4.51, "et0_mm_tomorrow": 3.2, "rolling_2day_rain_mm_today": 0.44179294498030625, "dynamic_risk_score_today": 0.17546224683400824, "risk_tier_today": "Low", "rolling_2day_rain_mm_tomorrow": 3.6, "dynamic_risk_score_tomorrow": 0.20080000967946465, "risk_tier_tomorrow": "Low", "dynamic_risk_score": 0.17546224683400824, "risk_tier": "Low" }, "geometry": { "type": "Polygon", "coordinates": [ [ [ 3.569946415213729, 6.431718933505961 ], [ 3.569956499249366, 6.440764655115903 ], [ 3.57899948959775, 6.440754480739312 ], [ 3.578989245589346, 6.431708773534809 ], [ 3.569946415213729, 6.431718933505961 ] ] ] } },
{ "type": "Feature", "properties": { "mean_susceptibility": 0.62079777858906937, "mean_effective_drainage_score": 0.41758178450550359, "building_count": 368.0, "area_name": "Lekki Phase II", "rain_mm_yesterday": 9.7, "forecast_rain_mm_today": 0.2, "forecast_rain_mm_tomorrow": 3.6, "et0_mm_yesterday": 3.17, "et0_mm_today": 4.52, "et0_mm_tomorrow": 3.2, "rolling_2day_rain_mm_today": 1.3203803167923682, "dynamic_risk_score_today": 0.1977149819225249, "risk_tier_today": "Low", "rolling_2day_rain_mm_tomorrow": 3.6, "dynamic_risk_score_tomorrow": 0.2175275416176099, "risk_tier_tomorrow": "Low", "dynamic_risk_score": 0.1977149819225249, "risk_tier": "Low" }, "geometry": { "type": "Polygon", "coordinates": [ [ [ 3.560913494430738, 6.44077466935592 ], [ 3.560923432733037, 6.44982040193202 ], [ 3.569966597755248, 6.449810373512812 ], [ 3.569956499249366, 6.440764655115903 ], [ 3.560913494430738, 6.44077466935592 ] ] ] } },
{ "type": "Feature", "properties": { "mean_susceptibility": 0.57294416160928419, "mean_effective_drainage_score": 0.43655901149704296, "building_count": 33.0, "area_name": "Lekki Phase II", "rain_mm_yesterday": 9.7, "forecast_rain_mm_today": 0.2, "forecast_rain_mm_tomorrow": 3.6, "et0_mm_yesterday": 3.17, "et0_mm_today": 4.52, "et0_mm_tomorrow": 3.2, "rolling_2day_rain_mm_today": 1.4492356880649211, "dynamic_risk_score_today": 0.18350788425060172, "risk_tier_today": "Low", "rolling_2day_rain_mm_tomorrow": 3.6, "dynamic_risk_score_tomorrow": 0.20075963422789322, "risk_tier_tomorrow": "Low", "dynamic_risk_score": 0.18350788425060172, "risk_tier": "Low" }, "geometry": { "type": "Polygon", "coordinates": [ [ [ 3.57899948959775, 6.440754480739312 ], [ 3.579009748305952, 6.449800184730296 ], [ 3.588052884155576, 6.449789835585736 ], [ 3.588042465246335, 6.440744146227416 ], [ 3.57899948959775, 6.440754480739312 ] ] ] } },
{ "type": "Feature", "properties": { "mean_susceptibility": 0.58255057466184579, "mean_effective_drainage_score": 0.41510322335216571, "building_count": 74.0, "area_name": "Lekki Phase II", "rain_mm_yesterday": 9.7, "forecast_rain_mm_today": 0.2, "forecast_rain_mm_tomorrow": 3.6, "et0_mm_yesterday": 3.17, "et0_mm_today": 4.52, "et0_mm_tomorrow": 3.2, "rolling_2day_rain_mm_today": 1.3035508865612051, "dynamic_risk_score_today": 0.18539655285149437, "risk_tier_today": "Low", "rolling_2day_rain_mm_tomorrow": 3.6, "dynamic_risk_score_tomorrow": 0.20412572136151075, "risk_tier_tomorrow": "Low", "dynamic_risk_score": 0.18539655285149437, "risk_tier": "Low" }, "geometry": { "type": "Polygon", "coordinates": [ [ [ 3.569956499249366, 6.440764655115903 ], [ 3.569966597755248, 6.449810373512812 ], [ 3.579009748305952, 6.449800184730296 ], [ 3.57899948959775, 6.440754480739312 ], [ 3.569956499249366, 6.440764655115903 ] ] ] } },
{ "type": "Feature", "properties": { "mean_susceptibility": 0.66762331827321209, "mean_effective_drainage_score": 0.4296228482256918, "building_count": 538.0, "area_name": "Ikota", "rain_mm_yesterday": 9.7, "forecast_rain_mm_today": 0.2, "forecast_rain_mm_tomorrow": 3.6, "et0_mm_yesterday": 3.17, "et0_mm_today": 4.52, "et0_mm_tomorrow": 3.2, "rolling_2day_rain_mm_today": 1.4021391394524467, "dynamic_risk_score_today": 0.21339240647143143, "risk_tier_today": "Low", "rolling_2day_rain_mm_tomorrow": 3.6, "dynamic_risk_score_tomorrow": 0.23393521072293355, "risk_tier_tomorrow": "Low", "dynamic_risk_score": 0.21339240647143143, "risk_tier": "Low" }, "geometry": { "type": "Polygon", "coordinates": [ [ [ 3.551870475371422, 6.440784523458126 ], [ 3.551880253468894, 6.449830269986675 ], [ 3.560923432733037, 6.44982040193202 ], [ 3.560913494430738, 6.44077466935592 ], [ 3.551870475371422, 6.440784523458126 ] ] ] } },
{ "type": "Feature", "properties": { "mean_susceptibility": 0.53326855299415543, "mean_effective_drainage_score": 0.47293040043161683, "building_count": 15.0, "area_name": "Lekki Phase II", "rain_mm_yesterday": 9.7, "forecast_rain_mm_today": 0.2, "forecast_rain_mm_tomorrow": 3.6, "et0_mm_yesterday": 3.17, "et0_mm_today": 4.52, "et0_mm_tomorrow": 3.2, "rolling_2day_rain_mm_today": 1.6961974189306772, "dynamic_risk_score_today": 0.17264396830284479, "risk_tier_today": "Low", "rolling_2day_rain_mm_tomorrow": 3.6, "dynamic_risk_score_tomorrow": 0.1868573009691521, "risk_tier_tomorrow": "Low", "dynamic_risk_score": 0.17264396830284479, "risk_tier": "Low" }, "geometry": { "type": "Polygon", "coordinates": [ [ [ 3.588042465246335, 6.440744146227416 ], [ 3.588052884155576, 6.449789835585736 ], [ 3.597096005074545, 6.449779326080417 ], [ 3.597085425965569, 6.440733651581492 ], [ 3.588042465246335, 6.440744146227416 ] ] ] } },
{ "type": "Feature", "properties": { "mean_susceptibility": 0.50502820581108765, "mean_effective_drainage_score": 0.52631097302885088, "building_count": 283.0, "area_name": "Lekki Phase II", "rain_mm_yesterday": 9.7, "forecast_rain_mm_today": 0.2, "forecast_rain_mm_tomorrow": 3.6, "et0_mm_yesterday": 3.16, "et0_mm_today": 4.52, "et0_mm_tomorrow": 3.2, "rolling_2day_rain_mm_today": 2.0686515068658968, "dynamic_risk_score_today": 0.16613464476877871, "risk_tier_today": "Low", "rolling_2day_rain_mm_tomorrow": 3.6, "dynamic_risk_score_tomorrow": 0.1769618833162051, "risk_tier_tomorrow": "Low", "dynamic_risk_score": 0.16613464476877871, "risk_tier": "Low" }, "geometry": { "type": "Polygon", "coordinates": [ [ [ 3.569966597755248, 6.449810373512812 ], [ 3.569976710732637, 6.458856088692253 ], [ 3.579020021715237, 6.458845885503322 ], [ 3.579009748305952, 6.449800184730296 ], [ 3.569966597755248, 6.449810373512812 ] ] ] } },
{ "type": "Feature", "properties": { "mean_susceptibility": 0.57832621117108829, "mean_effective_drainage_score": 0.43920545564611213, "building_count": 586.0, "area_name": "Ikota", "rain_mm_yesterday": 9.7, "forecast_rain_mm_today": 0.2, "forecast_rain_mm_tomorrow": 3.6, "et0_mm_yesterday": 3.16, "et0_mm_today": 4.52, "et0_mm_tomorrow": 3.2, "rolling_2day_rain_mm_today": 1.4772050438371005, "dynamic_risk_score_today": 0.18545815289707834, "risk_tier_today": "Low", "rolling_2day_rain_mm_tomorrow": 3.6, "dynamic_risk_score_tomorrow": 0.20264550439434936, "risk_tier_tomorrow": "Low", "dynamic_risk_score": 0.18545815289707834, "risk_tier": "Low" }, "geometry": { "type": "Polygon", "coordinates": [ [ [ 3.551880253468894, 6.449830269986675 ], [ 3.55189004557872, 6.458876013298711 ], [ 3.560933385277266, 6.458866131291132 ], [ 3.560923432733037, 6.44982040193202 ], [ 3.551880253468894, 6.449830269986675 ] ] ] } },
{ "type": "Feature", "properties": { "mean_susceptibility": 0.46072473080433823, "mean_effective_drainage_score": 0.45568553104100312, "building_count": 79.0, "area_name": "Lekki Phase II", "rain_mm_yesterday": 9.7, "forecast_rain_mm_today": 0.2, "forecast_rain_mm_tomorrow": 3.6, "et0_mm_yesterday": 3.16, "et0_mm_today": 4.52, "et0_mm_tomorrow": 3.2, "rolling_2day_rain_mm_today": 1.5891047557684101, "dynamic_risk_score_today": 0.14846737729279957, "risk_tier_today": "Low", "rolling_2day_rain_mm_tomorrow": 3.6, "dynamic_risk_score_tomorrow": 0.16143794567384018, "risk_tier_tomorrow": "Low", "dynamic_risk_score": 0.14846737729279957, "risk_tier": "Low" }, "geometry": { "type": "Polygon", "coordinates": [ [ [ 3.579009748305952, 6.449800184730296 ], [ 3.579020021715237, 6.458845885503322 ], [ 3.588063317995471, 6.458835521725604 ], [ 3.588052884155576, 6.449789835585736 ], [ 3.579009748305952, 6.449800184730296 ] ] ] } },
{ "type": "Feature", "properties": { "mean_susceptibility": 0.59442876194692074, "mean_effective_drainage_score": 0.41423388368622871, "building_count": 227.0, "area_name": "Jakande", "rain_mm_yesterday": 9.7, "forecast_rain_mm_today": 0.2, "forecast_rain_mm_tomorrow": 3.6, "et0_mm_yesterday": 3.17, "et0_mm_today": 4.52, "et0_mm_tomorrow": 3.2, "rolling_2day_rain_mm_today": 1.2976480702294928, "dynamic_risk_score_today": 0.18912765928568676, "risk_tier_today": "Low", "rolling_2day_rain_mm_tomorrow": 3.6, "dynamic_risk_score_tomorrow": 0.208287838186201, "risk_tier_tomorrow": "Low", "dynamic_risk_score": 0.18912765928568676, "risk_tier": "Low" }, "geometry": { "type": "Polygon", "coordinates": [ [ [ 3.524732050891639, 6.431767334689585 ], [ 3.524741335044933, 6.440813124925739 ], [ 3.533784395448959, 6.440803751244228 ], [ 3.533774951316795, 6.431757974279847 ], [ 3.524732050891639, 6.431767334689585 ] ] ] } },
{ "type": "Feature", "properties": { "mean_susceptibility": 0.65714869841095125, "mean_effective_drainage_score": 0.5307600079506678, "building_count": 1280.0, "area_name": "Jakande", "rain_mm_yesterday": 9.7, "forecast_rain_mm_today": 0.2, "forecast_rain_mm_tomorrow": 3.6, "et0_mm_yesterday": 3.17, "et0_mm_today": 4.52, "et0_mm_tomorrow": 3.2, "rolling_2day_rain_mm_today": 2.0888604539850339, "dynamic_risk_score_today": 0.21636229652226258, "risk_tier_today": "Low", "rolling_2day_rain_mm_tomorrow": 3.6, "dynamic_risk_score_tomorrow": 0.23026490392319732, "risk_tier_tomorrow": "Low", "dynamic_risk_score": 0.21636229652226258, "risk_tier": "Low" }, "geometry": { "type": "Polygon", "coordinates": [ [ [ 3.515689137145199, 6.431776535183477 ], [ 3.515698261318461, 6.440822338464665 ], [ 3.524741335044933, 6.440813124925739 ], [ 3.524732050891639, 6.431767334689585 ], [ 3.515689137145199, 6.431776535183477 ] ] ] } },
{ "type": "Feature", "properties": { "mean_susceptibility": 0.6652188797272296, "mean_effective_drainage_score": 0.42538559408539689, "building_count": 1671.0, "area_name": "Jakande", "rain_mm_yesterday": 9.7, "forecast_rain_mm_today": 0.2, "forecast_rain_mm_tomorrow": 3.6, "et0_mm_yesterday": 3.17, "et0_mm_today": 4.52, "et0_mm_tomorrow": 3.2, "rolling_2day_rain_mm_today": 1.3733681838398437, "dynamic_risk_score_today": 0.21235593014406628, "risk_tier_today": "Low", "rolling_2day_rain_mm_tomorrow": 3.6, "dynamic_risk_score_tomorrow": 0.2330926954564212, "risk_tier_tomorrow": "Low", "dynamic_risk_score": 0.21235593014406628, "risk_tier": "Low" }, "geometry": { "type": "Polygon", "coordinates": [ [ [ 3.506646210307018, 6.431785575760383 ], [ 3.506655174499109, 6.440831391859864 ], [ 3.515698261318461, 6.440822338464665 ], [ 3.515689137145199, 6.431776535183477 ], [ 3.506646210307018, 6.431785575760383 ] ] ] } },
{ "type": "Feature", "properties": { "mean_susceptibility": 0.7299415944407357, "mean_effective_drainage_score": 0.51746527069414472, "building_count": 1508.0, "area_name": "Jakande", "rain_mm_yesterday": 9.7, "forecast_rain_mm_today": 0.2, "forecast_rain_mm_tomorrow": 3.6, "et0_mm_yesterday": 3.17, "et0_mm_today": 4.52, "et0_mm_tomorrow": 3.2, "rolling_2day_rain_mm_today": 1.998589188013242, "dynamic_risk_score_today": 0.23940642563164638, "risk_tier_today": "Low", "rolling_2day_rain_mm_tomorrow": 3.6, "dynamic_risk_score_tomorrow": 0.25577153469203373, "risk_tier_tomorrow": "Medium", "dynamic_risk_score": 0.23940642563164638, "risk_tier": "Low" }, "geometry": { "type": "Polygon", "coordinates": [ [ [ 3.515698261318461, 6.440822338464665 ], [ 3.515707398584605, 6.44986813853559 ], [ 3.524750632520672, 6.449858911951186 ], [ 3.524741335044933, 6.440813124925739 ], [ 3.515698261318461, 6.440822338464665 ] ] ] } },
{ "type": "Feature", "properties": { "mean_susceptibility": 0.72454036683063772, "mean_effective_drainage_score": 0.53980550553479589, "building_count": 1594.0, "area_name": "Jakande", "rain_mm_yesterday": 9.7, "forecast_rain_mm_today": 0.2, "forecast_rain_mm_tomorrow": 3.6, "et0_mm_yesterday": 3.17, "et0_mm_today": 4.52, "et0_mm_tomorrow": 3.2, "rolling_2day_rain_mm_today": 2.1502793825812638, "dynamic_risk_score_today": 0.23917360902620433, "risk_tier_today": "Low", "rolling_2day_rain_mm_tomorrow": 3.6, "dynamic_risk_score_tomorrow": 0.25387894453745541, "risk_tier_tomorrow": "Medium", "dynamic_risk_score": 0.23917360902620433, "risk_tier": "Low" }, "geometry": { "type": "Polygon", "coordinates": [ [ [ 3.506655174499109, 6.440831391859864 ], [ 3.506664151554514, 6.449877204749519 ], [ 3.515707398584605, 6.44986813853559 ], [ 3.515698261318461, 6.440822338464665 ], [ 3.506655174499109, 6.440831391859864 ] ] ] } },
{ "type": "Feature", "properties": { "mean_susceptibility": 0.62820962752366016, "mean_effective_drainage_score": 0.24069912199890456, "building_count": 532.0, "area_name": "Ikota", "rain_mm_yesterday": 9.7, "forecast_rain_mm_today": 0.2, "forecast_rain_mm_tomorrow": 3.6, "et0_mm_yesterday": 3.17, "et0_mm_today": 4.52, "et0_mm_tomorrow": 3.2, "rolling_2day_rain_mm_today": 0.2, "dynamic_risk_score_today": 0.19022187521416434, "risk_tier_today": "Low", "rolling_2day_rain_mm_tomorrow": 3.6, "dynamic_risk_score_tomorrow": 0.22012465348429056, "risk_tier_tomorrow": "Low", "dynamic_risk_score": 0.19022187521416434, "risk_tier": "Low" }, "geometry": { "type": "Polygon", "coordinates": [ [ [ 3.542827442300975, 6.440794217421296 ], [ 3.5428370601924, 6.449839977675555 ], [ 3.551880253468894, 6.449830269986675 ], [ 3.551870475371422, 6.440784523458126 ], [ 3.542827442300975, 6.440794217421296 ] ] ] } },
{ "type": "Feature", "properties": { "mean_susceptibility": 0.62345431796047446, "mean_effective_drainage_score": 0.38905132476260684, "building_count": 245.0, "area_name": "Ikota", "rain_mm_yesterday": 9.7, "forecast_rain_mm_today": 0.2, "forecast_rain_mm_tomorrow": 3.6, "et0_mm_yesterday": 3.16, "et0_mm_today": 4.52, "et0_mm_tomorrow": 3.2, "rolling_2day_rain_mm_today": 1.1366584951380998, "dynamic_risk_score_today": 0.19695746044390661, "risk_tier_today": "Low", "rolling_2day_rain_mm_tomorrow": 3.6, "dynamic_risk_score_tomorrow": 0.21845839301335024, "risk_tier_tomorrow": "Low", "dynamic_risk_score": 0.19695746044390661, "risk_tier": "Low" }, "geometry": { "type": "Polygon", "coordinates": [ [ [ 3.533784395448959, 6.440803751244228 ], [ 3.533793853133131, 6.449849524997453 ], [ 3.5428370601924, 6.449839977675555 ], [ 3.542827442300975, 6.440794217421296 ], [ 3.533784395448959, 6.440803751244228 ] ] ] } },
{ "type": "Feature", "properties": { "mean_susceptibility": 0.60951652213759455, "mean_effective_drainage_score": 0.40450001089559473, "building_count": 425.0, "area_name": "Ikota", "rain_mm_yesterday": 9.7, "forecast_rain_mm_today": 0.2, "forecast_rain_mm_tomorrow": 3.6, "et0_mm_yesterday": 3.17, "et0_mm_today": 4.52, "et0_mm_tomorrow": 3.2, "rolling_2day_rain_mm_today": 1.231555073981087, "dynamic_risk_score_today": 0.19336410095847234, "risk_tier_today": "Low", "rolling_2day_rain_mm_tomorrow": 3.6, "dynamic_risk_score_tomorrow": 0.21357458935701312, "risk_tier_tomorrow": "Low", "dynamic_risk_score": 0.19336410095847234, "risk_tier": "Low" }, "geometry": { "type": "Polygon", "coordinates": [ [ [ 3.524741335044933, 6.440813124925739 ], [ 3.524750632520672, 6.449858911951186 ], [ 3.533793853133131, 6.449849524997453 ], [ 3.533784395448959, 6.440803751244228 ], [ 3.524741335044933, 6.440813124925739 ] ] ] } },
{ "type": "Feature", "properties": { "mean_susceptibility": 0.67823563793471175, "mean_effective_drainage_score": 0.38299624813250277, "building_count": 1022.0, "area_name": "Jakande", "rain_mm_yesterday": 9.7, "forecast_rain_mm_today": 0.2, "forecast_rain_mm_tomorrow": 3.6, "et0_mm_yesterday": 3.17, "et0_mm_today": 4.52, "et0_mm_tomorrow": 3.2, "rolling_2day_rain_mm_today": 1.0855445248196929, "dynamic_risk_score_today": 0.21377826114658016, "risk_tier_today": "Low", "rolling_2day_rain_mm_tomorrow": 3.6, "dynamic_risk_score_tomorrow": 0.23765376753232292, "risk_tier_tomorrow": "Low", "dynamic_risk_score": 0.21377826114658016, "risk_tier": "Low" }, "geometry": { "type": "Polygon", "coordinates": [ [ [ 3.515707398584605, 6.44986813853559 ], [ 3.515716548944772, 6.458913935391819 ], [ 3.52475994332002, 6.458904695761495 ], [ 3.524750632520672, 6.449858911951186 ], [ 3.515707398584605, 6.44986813853559 ] ] ] } },
{ "type": "Feature", "properties": { "mean_susceptibility": 0.68126741585314354, "mean_effective_drainage_score": 0.499565906590207, "building_count": 458.0, "area_name": "Jakande", "rain_mm_yesterday": 9.7, "forecast_rain_mm_today": 0.2, "forecast_rain_mm_tomorrow": 3.6, "et0_mm_yesterday": 3.17, "et0_mm_today": 4.52, "et0_mm_tomorrow": 3.2, "rolling_2day_rain_mm_today": 1.8770525057475049, "dynamic_risk_score_today": 0.22228307069610087, "risk_tier_today": "Low", "rolling_2day_rain_mm_tomorrow": 3.6, "dynamic_risk_score_tomorrow": 0.23871610251494146, "risk_tier_tomorrow": "Low", "dynamic_risk_score": 0.22228307069610087, "risk_tier": "Low" }, "geometry": { "type": "Polygon", "coordinates": [ [ [ 3.506664151554514, 6.449877204749519 ], [ 3.506673141474356, 6.458923014424912 ], [ 3.515716548944772, 6.458913935391819 ], [ 3.515707398584605, 6.44986813853559 ], [ 3.506664151554514, 6.449877204749519 ] ] ] } },
{ "type": "Feature", "properties": { "mean_susceptibility": 0.71316132997934567, "mean_effective_drainage_score": 0.29320888513024307, "building_count": 401.0, "area_name": "Ikota", "rain_mm_yesterday": 9.7, "forecast_rain_mm_today": 0.2, "forecast_rain_mm_tomorrow": 3.6, "et0_mm_yesterday": 3.17, "et0_mm_today": 4.52, "et0_mm_tomorrow": 3.2, "rolling_2day_rain_mm_today": 0.47588833003435022, "dynamic_risk_score_today": 0.21869979115496896, "risk_tier_today": "Low", "rolling_2day_rain_mm_tomorrow": 3.6, "dynamic_risk_score_tomorrow": 0.24989173002476273, "risk_tier_tomorrow": "Low", "dynamic_risk_score": 0.21869979115496896, "risk_tier": "Low" }, "geometry": { "type": "Polygon", "coordinates": [ [ [ 3.5428370601924, 6.449839977675555 ], [ 3.542846691866596, 6.458885734713766 ], [ 3.55189004557872, 6.458876013298711 ], [ 3.551880253468894, 6.449830269986675 ], [ 3.5428370601924, 6.449839977675555 ] ] ] } },
{ "type": "Feature", "properties": { "mean_susceptibility": 0.73802245376190001, "mean_effective_drainage_score": 0.34505613440474997, "building_count": 31.0, "area_name": "Ikota", "rain_mm_yesterday": 9.7, "forecast_rain_mm_today": 0.2, "forecast_rain_mm_tomorrow": 3.6, "et0_mm_yesterday": 3.17, "et0_mm_today": 4.52, "et0_mm_tomorrow": 3.2, "rolling_2day_rain_mm_today": 0.82793115260825201, "dynamic_risk_score_today": 0.22996118105968399, "risk_tier_today": "Low", "rolling_2day_rain_mm_tomorrow": 3.6, "dynamic_risk_score_tomorrow": 0.25860306779816977, "risk_tier_tomorrow": "Medium", "dynamic_risk_score": 0.22996118105968399, "risk_tier": "Low" }, "geometry": { "type": "Polygon", "coordinates": [ [ [ 3.533793853133131, 6.449849524997453 ], [ 3.533803324370496, 6.458895295535089 ], [ 3.542846691866596, 6.458885734713766 ], [ 3.5428370601924, 6.449839977675555 ], [ 3.533793853133131, 6.449849524997453 ] ] ] } },
{ "type": "Feature", "properties": { "mean_susceptibility": 0.69706168499650267, "mean_effective_drainage_score": 0.39201488070828683, "building_count": 359.0, "area_name": "Ikota", "rain_mm_yesterday": 9.7, "forecast_rain_mm_today": 0.2, "forecast_rain_mm_tomorrow": 3.6, "et0_mm_yesterday": 3.17, "et0_mm_today": 4.52, "et0_mm_tomorrow": 3.2, "rolling_2day_rain_mm_today": 1.1467810400092675, "dynamic_risk_score_today": 0.22030978523594347, "risk_tier_today": "Low", "rolling_2day_rain_mm_tomorrow": 3.6, "dynamic_risk_score_tomorrow": 0.24425041442277451, "risk_tier_tomorrow": "Low", "dynamic_risk_score": 0.22030978523594347, "risk_tier": "Low" }, "geometry": { "type": "Polygon", "coordinates": [ [ [ 3.524750632520672, 6.449858911951186 ], [ 3.52475994332002, 6.458904695761495 ], [ 3.533803324370496, 6.458895295535089 ], [ 3.533793853133131, 6.449849524997453 ], [ 3.524750632520672, 6.449858911951186 ] ] ] } },
{ "type": "Feature", "properties": { "mean_susceptibility": 0.68043407645238951, "mean_effective_drainage_score": 0.52517432721702739, "building_count": 333.0, "area_name": "Jakande", "rain_mm_yesterday": 9.7, "forecast_rain_mm_today": 0.2, "forecast_rain_mm_tomorrow": 3.6, "et0_mm_yesterday": 3.17, "et0_mm_today": 4.52, "et0_mm_tomorrow": 3.2, "rolling_2day_rain_mm_today": 2.050933681803615, "dynamic_risk_score_today": 0.22366757525472081, "risk_tier_today": "Low", "rolling_2day_rain_mm_tomorrow": 3.6, "dynamic_risk_score_tomorrow": 0.23842410038891726, "risk_tier_tomorrow": "Low", "dynamic_risk_score": 0.22366757525472081, "risk_tier": "Low" }, "geometry": { "type": "Polygon", "coordinates": [ [ [ 3.506673141474356, 6.458923014424912 ], [ 3.506682144259759, 6.467968820881615 ], [ 3.515725712400106, 6.467959729028923 ], [ 3.515716548944772, 6.458913935391819 ], [ 3.506673141474356, 6.458923014424912 ] ] ] } },
{ "type": "Feature", "properties": { "mean_susceptibility": 0.61352674698880072, "mean_effective_drainage_score": 0.49346998223990157, "building_count": 248.0, "area_name": "Victoria Garden City", "rain_mm_yesterday": 9.7, "forecast_rain_mm_today": 0.2, "forecast_rain_mm_tomorrow": 3.6, "et0_mm_yesterday": 3.17, "et0_mm_today": 4.52, "et0_mm_tomorrow": 3.2, "rolling_2day_rain_mm_today": 1.835661179408931, "dynamic_risk_score_today": 0.1998252053443097, "risk_tier_today": "Low", "rolling_2day_rain_mm_tomorrow": 3.6, "dynamic_risk_score_tomorrow": 0.21497977214487574, "risk_tier_tomorrow": "Low", "dynamic_risk_score": 0.1998252053443097, "risk_tier": "Low" }, "geometry": { "type": "Polygon", "coordinates": [ [ [ 3.542846691866596, 6.458885734713766 ], [ 3.542856337324771, 6.467931488531499 ], [ 3.551899851702122, 6.467921753389801 ], [ 3.55189004557872, 6.458876013298711 ], [ 3.542846691866596, 6.458885734713766 ] ] ] } },
{ "type": "Feature", "properties": { "mean_susceptibility": 0.54572657750272402, "mean_effective_drainage_score": 0.46415696901878389, "building_count": 68.0, "area_name": "Victoria Garden City", "rain_mm_yesterday": 9.7, "forecast_rain_mm_today": 0.2, "forecast_rain_mm_tomorrow": 3.6, "et0_mm_yesterday": 3.17, "et0_mm_today": 4.52, "et0_mm_tomorrow": 3.2, "rolling_2day_rain_mm_today": 1.6366258196375421, "dynamic_risk_score_today": 0.17622207615166463, "risk_tier_today": "Low", "rolling_2day_rain_mm_tomorrow": 3.6, "dynamic_risk_score_tomorrow": 0.19122259275695452, "risk_tier_tomorrow": "Low", "dynamic_risk_score": 0.17622207615166463, "risk_tier": "Low" }, "geometry": { "type": "Polygon", "coordinates": [ [ [ 3.533803324370496, 6.458895295535089 ], [ 3.533812809162237, 6.467941062852706 ], [ 3.542856337324771, 6.467931488531499 ], [ 3.542846691866596, 6.458885734713766 ], [ 3.533803324370496, 6.458895295535089 ] ] ] } },
{ "type": "Feature", "properties": { "mean_susceptibility": 0.7345309583399583, "mean_effective_drainage_score": 0.51717578016369148, "building_count": 24.0, "area_name": "Victoria Garden City", "rain_mm_yesterday": 9.7, "forecast_rain_mm_today": 0.2, "forecast_rain_mm_tomorrow": 3.6, "et0_mm_yesterday": 3.17, "et0_mm_today": 4.52, "et0_mm_tomorrow": 3.2, "rolling_2day_rain_mm_today": 1.9966235473114649, "dynamic_risk_score_today": 0.24089143280909897, "risk_tier_today": "Low", "rolling_2day_rain_mm_tomorrow": 3.6, "dynamic_risk_score_tomorrow": 0.25737964780232137, "risk_tier_tomorrow": "Medium", "dynamic_risk_score": 0.24089143280909897, "risk_tier": "Low" }, "geometry": { "type": "Polygon", "coordinates": [ [ [ 3.52475994332002, 6.458904695761495 ], [ 3.52476926744414, 6.467950476352237 ], [ 3.533812809162237, 6.467941062852706 ], [ 3.533803324370496, 6.458895295535089 ], [ 3.52475994332002, 6.458904695761495 ] ] ] } },
{ "type": "Feature", "properties": { "mean_susceptibility": 0.65989089019462588, "mean_effective_drainage_score": 0.44554428698855736, "building_count": 355.0, "area_name": "Jakande", "rain_mm_yesterday": 9.7, "forecast_rain_mm_today": 0.2, "forecast_rain_mm_tomorrow": 3.6, "et0_mm_yesterday": 3.17, "et0_mm_today": 4.52, "et0_mm_tomorrow": 3.2, "rolling_2day_rain_mm_today": 1.510245708652304, "dynamic_risk_score_today": 0.21191963044972029, "risk_tier_today": "Low", "rolling_2day_rain_mm_tomorrow": 3.6, "dynamic_risk_score_tomorrow": 0.23122576792419691, "risk_tier_tomorrow": "Low", "dynamic_risk_score": 0.21191963044972029, "risk_tier": "Low" }, "geometry": { "type": "Polygon", "coordinates": [ [ [ 3.515716548944772, 6.458913935391819 ], [ 3.515725712400106, 6.467959729028923 ], [ 3.52476926744414, 6.467950476352237 ], [ 3.52475994332002, 6.458904695761495 ], [ 3.515716548944772, 6.458913935391819 ] ] ] } },
{ "type": "Feature", "properties": { "mean_susceptibility": 0.65098582615705947, "mean_effective_drainage_score": 0.60738425160603582, "building_count": 3.0, "area_name": "Victoria Garden City", "rain_mm_yesterday": 9.7, "forecast_rain_mm_today": 0.2, "forecast_rain_mm_tomorrow": 3.6, "et0_mm_yesterday": 3.17, "et0_mm_today": 4.52, "et0_mm_tomorrow": 3.2, "rolling_2day_rain_mm_today": 2.6091390684049829, "dynamic_risk_score_today": 0.21907492357517766, "risk_tier_today": "Low", "rolling_2day_rain_mm_tomorrow": 3.6, "dynamic_risk_score_tomorrow": 0.22810543348543366, "risk_tier_tomorrow": "Low", "dynamic_risk_score": 0.21907492357517766, "risk_tier": "Low" }, "geometry": { "type": "Polygon", "coordinates": [ [ [ 3.542856337324771, 6.467931488531499 ], [ 3.542865996568129, 6.476977239124317 ], [ 3.551909671840329, 6.476967490255511 ], [ 3.551899851702122, 6.467921753389801 ], [ 3.542856337324771, 6.467931488531499 ] ] ] } },
{ "type": "Feature", "properties": { "mean_susceptibility": 0.47986906717862243, "mean_effective_drainage_score": 0.46527469699740237, "building_count": 328.0, "area_name": "Lekki Phase II", "rain_mm_yesterday": 9.7, "forecast_rain_mm_today": 0.2, "forecast_rain_mm_tomorrow": 3.6, "et0_mm_yesterday": 3.16, "et0_mm_today": 4.52, "et0_mm_tomorrow": 3.2, "rolling_2day_rain_mm_today": 1.6542151926123612, "dynamic_risk_score_today": 0.15507401397306908, "risk_tier_today": "Low", "rolling_2day_rain_mm_tomorrow": 3.6, "dynamic_risk_score_tomorrow": 0.16814612113938932, "risk_tier_tomorrow": "Low", "dynamic_risk_score": 0.15507401397306908, "risk_tier": "Low" }, "geometry": { "type": "Polygon", "coordinates": [ [ [ 3.560923432733037, 6.44982040193202 ], [ 3.560933385277266, 6.458866131291132 ], [ 3.569976710732637, 6.458856088692253 ], [ 3.569966597755248, 6.449810373512812 ], [ 3.560923432733037, 6.44982040193202 ] ] ] } },
{ "type": "Feature", "properties": { "mean_susceptibility": 0.36582894091428508, "mean_effective_drainage_score": 0.78473990094998736, "building_count": 412.0, "area_name": "Lekki Phase II", "rain_mm_yesterday": 9.7, "forecast_rain_mm_today": 0.2, "forecast_rain_mm_tomorrow": 3.6, "et0_mm_yesterday": 3.16, "et0_mm_today": 4.52, "et0_mm_tomorrow": 3.2, "rolling_2day_rain_mm_today": 3.823383927450414, "dynamic_risk_score_today": 0.12933054517471587, "risk_tier_today": "Low", "rolling_2day_rain_mm_tomorrow": 3.6, "dynamic_risk_score_tomorrow": 0.12818646089636543, "risk_tier_tomorrow": "Low", "dynamic_risk_score": 0.12933054517471587, "risk_tier": "Low" }, "geometry": { "type": "Polygon", "coordinates": [ [ [ 3.579020021715237, 6.458845885503322 ], [ 3.579030309826887, 6.467891583053956 ], [ 3.588073766767324, 6.467881204642582 ], [ 3.588063317995471, 6.458835521725604 ], [ 3.579020021715237, 6.458845885503322 ] ] ] } },
{ "type": "Feature", "properties": { "mean_susceptibility": 0.41425739919350402, "mean_effective_drainage_score": 0.72373594260571505, "building_count": 197.0, "area_name": "Lekki Phase II", "rain_mm_yesterday": 9.7, "forecast_rain_mm_today": 0.2, "forecast_rain_mm_tomorrow": 3.6, "et0_mm_yesterday": 3.16, "et0_mm_today": 4.52, "et0_mm_tomorrow": 3.2, "rolling_2day_rain_mm_today": 3.4091670502928046, "dynamic_risk_score_today": 0.144049037217438, "risk_tier_today": "Low", "rolling_2day_rain_mm_tomorrow": 3.6, "dynamic_risk_score_tomorrow": 0.14515579267740386, "risk_tier_tomorrow": "Low", "dynamic_risk_score": 0.144049037217438, "risk_tier": "Low" }, "geometry": { "type": "Polygon", "coordinates": [ [ [ 3.569976710732637, 6.458856088692253 ], [ 3.569986838182797, 6.467901800649793 ], [ 3.579030309826887, 6.467891583053956 ], [ 3.579020021715237, 6.458845885503322 ], [ 3.569976710732637, 6.458856088692253 ] ] ] } },
{ "type": "Feature", "properties": { "mean_susceptibility": 0.38697633728629743, "mean_effective_drainage_score": 0.52790566153929952, "building_count": 148.0, "area_name": "Ajah", "rain_mm_yesterday": 9.7, "forecast_rain_mm_today": 0.2, "forecast_rain_mm_tomorrow": 3.6, "et0_mm_yesterday": 3.16, "et0_mm_today": 4.52, "et0_mm_tomorrow": 3.2, "rolling_2day_rain_mm_today": 2.0794794418518432, "dynamic_risk_score_today": 0.127358831916069, "risk_tier_today": "Low", "rolling_2day_rain_mm_tomorrow": 3.6, "dynamic_risk_score_tomorrow": 0.13559650858511862, "risk_tier_tomorrow": "Low", "dynamic_risk_score": 0.127358831916069, "risk_tier": "Low" }, "geometry": { "type": "Polygon", "coordinates": [ [ [ 3.560933385277266, 6.458866131291132 ], [ 3.56094335206467, 6.467911857428823 ], [ 3.569986838182797, 6.467901800649793 ], [ 3.569976710732637, 6.458856088692253 ], [ 3.560933385277266, 6.458866131291132 ] ] ] } },
{ "type": "Feature", "properties": { "mean_susceptibility": 0.42169456842581426, "mean_effective_drainage_score": 0.46580298129205311, "building_count": 389.0, "area_name": "Victoria Garden City", "rain_mm_yesterday": 9.7, "forecast_rain_mm_today": 0.2, "forecast_rain_mm_tomorrow": 3.6, "et0_mm_yesterday": 3.16, "et0_mm_today": 4.52, "et0_mm_tomorrow": 3.2, "rolling_2day_rain_mm_today": 1.6578022429730399, "dynamic_risk_score_today": 0.13629557734714637, "risk_tier_today": "Low", "rolling_2day_rain_mm_tomorrow": 3.6, "dynamic_risk_score_tomorrow": 0.14776177677640534, "risk_tier_tomorrow": "Low", "dynamic_risk_score": 0.13629557734714637, "risk_tier": "Low" }, "geometry": { "type": "Polygon", "coordinates": [ [ [ 3.55189004557872, 6.458876013298711 ], [ 3.551899851702122, 6.467921753389801 ], [ 3.56094335206467, 6.467911857428823 ], [ 3.560933385277266, 6.458866131291132 ], [ 3.55189004557872, 6.458876013298711 ] ] ] } },
{ "type": "Feature", "properties": { "mean_susceptibility": 0.51100894514598472, "mean_effective_drainage_score": 0.73176896418088588, "building_count": 405.0, "area_name": "Lekki Phase II", "rain_mm_yesterday": 9.7, "forecast_rain_mm_today": 0.2, "forecast_rain_mm_tomorrow": 3.6, "et0_mm_yesterday": 3.16, "et0_mm_today": 4.52, "et0_mm_tomorrow": 3.2, "rolling_2day_rain_mm_today": 3.4637112667882146, "dynamic_risk_score_today": 0.17808250771403933, "risk_tier_today": "Low", "rolling_2day_rain_mm_tomorrow": 3.6, "dynamic_risk_score_tomorrow": 0.17905753437915306, "risk_tier_tomorrow": "Low", "dynamic_risk_score": 0.17808250771403933, "risk_tier": "Low" }, "geometry": { "type": "Polygon", "coordinates": [ [ [ 3.579030309826887, 6.467891583053956 ], [ 3.579040612642189, 6.476937277377761 ], [ 3.588084230472442, 6.476926884332233 ], [ 3.588073766767324, 6.467881204642582 ], [ 3.579030309826887, 6.467891583053956 ] ] ] } },
{ "type": "Feature", "properties": { "mean_susceptibility": 0.51675486777906365, "mean_effective_drainage_score": 0.87971926086612773, "building_count": 312.0, "area_name": "Ajah", "rain_mm_yesterday": 9.7, "forecast_rain_mm_today": 0.2, "forecast_rain_mm_tomorrow": 3.6, "et0_mm_yesterday": 3.16, "et0_mm_today": 4.52, "et0_mm_tomorrow": 3.2, "rolling_2day_rain_mm_today": 4.4682937812810062, "dynamic_risk_score_today": 0.18735263620373344, "risk_tier_today": "Low", "rolling_2day_rain_mm_tomorrow": 3.6, "dynamic_risk_score_tomorrow": 0.1810709056697839, "risk_tier_tomorrow": "Low", "dynamic_risk_score": 0.18735263620373344, "risk_tier": "Low" }, "geometry": { "type": "Polygon", "coordinates": [ [ [ 3.569986838182797, 6.467901800649793 ], [ 3.569996980106996, 6.476947509380993 ], [ 3.579040612642189, 6.476937277377761 ], [ 3.579030309826887, 6.467891583053956 ], [ 3.569986838182797, 6.467901800649793 ] ] ] } },
{ "type": "Feature", "properties": { "mean_susceptibility": 0.57061377690947479, "mean_effective_drainage_score": 0.73503157847829503, "building_count": 532.0, "area_name": "Ajah", "rain_mm_yesterday": 9.7, "forecast_rain_mm_today": 0.2, "forecast_rain_mm_tomorrow": 3.6, "et0_mm_yesterday": 3.16, "et0_mm_today": 4.52, "et0_mm_tomorrow": 3.2, "rolling_2day_rain_mm_today": 3.4858644178676235, "dynamic_risk_score_today": 0.19903128473067555, "risk_tier_today": "Low", "rolling_2day_rain_mm_tomorrow": 3.6, "dynamic_risk_score_tomorrow": 0.19994306742907997, "risk_tier_tomorrow": "Low", "dynamic_risk_score": 0.19903128473067555, "risk_tier": "Low" }, "geometry": { "type": "Polygon", "coordinates": [ [ [ 3.56094335206467, 6.467911857428823 ], [ 3.560953333096497, 6.47695758034066 ], [ 3.569996980106996, 6.476947509380993 ], [ 3.569986838182797, 6.467901800649793 ], [ 3.56094335206467, 6.467911857428823 ] ] ] } },
{ "type": "Feature", "properties": { "mean_susceptibility": 0.81673828676840332, "mean_effective_drainage_score": 0.72205857347388891, "building_count": 313.0, "area_name": "Ajah", "rain_mm_yesterday": 9.7, "forecast_rain_mm_today": 0.2, "forecast_rain_mm_tomorrow": 3.6, "et0_mm_yesterday": 3.17, "et0_mm_today": 4.52, "et0_mm_tomorrow": 3.2, "rolling_2day_rain_mm_today": 3.3877777138877052, "dynamic_risk_score_today": 0.2837584747544204, "risk_tier_today": "Medium", "rolling_2day_rain_mm_tomorrow": 3.6, "dynamic_risk_score_tomorrow": 0.28618509568364847, "risk_tier_tomorrow": "Medium", "dynamic_risk_score": 0.2837584747544204, "risk_tier": "Medium" }, "geometry": { "type": "Polygon", "coordinates": [ [ [ 3.551899851702122, 6.467921753389801 ], [ 3.551909671840329, 6.476967490255511 ], [ 3.560953333096497, 6.47695758034066 ], [ 3.56094335206467, 6.467911857428823 ], [ 3.551899851702122, 6.467921753389801 ] ] ] } },
{ "type": "Feature", "properties": { "mean_susceptibility": 0.80383009740939948, "mean_effective_drainage_score": 0.5883456792314703, "building_count": 224.0, "area_name": "Ajah", "rain_mm_yesterday": 9.7, "forecast_rain_mm_today": 0.2, "forecast_rain_mm_tomorrow": 3.6, "et0_mm_yesterday": 3.17, "et0_mm_today": 4.52, "et0_mm_tomorrow": 3.2, "rolling_2day_rain_mm_today": 2.4798671619816828, "dynamic_risk_score_today": 0.2690565152961133, "risk_tier_today": "Medium", "rolling_2day_rain_mm_tomorrow": 3.6, "dynamic_risk_score_tomorrow": 0.28166206613225353, "risk_tier_tomorrow": "Medium", "dynamic_risk_score": 0.2690565152961133, "risk_tier": "Medium" }, "geometry": { "type": "Polygon", "coordinates": [ [ [ 3.579040612642189, 6.476937277377761 ], [ 3.579050930162432, 6.485982968470303 ], [ 3.588094709112133, 6.485972560790122 ], [ 3.588084230472442, 6.476926884332233 ], [ 3.579040612642189, 6.476937277377761 ] ] ] } },
{ "type": "Feature", "properties": { "mean_susceptibility": 0.7390879103290624, "mean_effective_drainage_score": 0.34771977582265601, "building_count": 6.0, "area_name": "Lekki Phase I", "rain_mm_yesterday": 5.0, "forecast_rain_mm_today": 0.0, "forecast_rain_mm_tomorrow": 5.0, "et0_mm_yesterday": 2.99, "et0_mm_today": 4.6, "et0_mm_tomorrow": 3.2, "rolling_2day_rain_mm_today": 0.0, "dynamic_risk_score_today": 0.22172637309871868, "risk_tier_today": "Low", "rolling_2day_rain_mm_tomorrow": 5.0, "dynamic_risk_score_tomorrow": 0.27346252682175309, "risk_tier_tomorrow": "Medium", "dynamic_risk_score": 0.22172637309871868, "risk_tier": "Low" }, "geometry": { "type": "Polygon", "coordinates": [ [ [ 3.488586288166452, 6.458940690694923 ], [ 3.479542842788182, 6.458949287929648 ], [ 3.479546385558535, 6.462711944805887 ], [ 3.486556053000186, 6.461813926000104 ], [ 3.488589540552731, 6.462331105543083 ], [ 3.488586288166452, 6.458940690694923 ] ] ] } },
{ "type": "Feature", "properties": { "mean_susceptibility": 0.63289197591112956, "mean_effective_drainage_score": 0.21351979738678659, "building_count": 85.0, "area_name": "Banana Island", "rain_mm_yesterday": 5.0, "forecast_rain_mm_today": 0.0, "forecast_rain_mm_tomorrow": 5.0, "et0_mm_yesterday": 2.99, "et0_mm_today": 4.6, "et0_mm_tomorrow": 3.2, "rolling_2day_rain_mm_today": 0.0, "dynamic_risk_score_today": 0.18986759277333887, "risk_tier_today": "Low", "rolling_2day_rain_mm_tomorrow": 5.0, "dynamic_risk_score_tomorrow": 0.23417003108711798, "risk_tier_tomorrow": "Low", "dynamic_risk_score": 0.18986759277333887, "risk_tier": "Low" }, "geometry": { "type": "Polygon", "coordinates": [ [ [ 3.470499385233182, 6.458957724562756 ], [ 3.461455915731066, 6.458966000593202 ], [ 3.461463830108148, 6.46769761671465 ], [ 3.461508036000056, 6.467766763000157 ], [ 3.462239723742409, 6.468011163272822 ], [ 3.467883596385725, 6.468006001403176 ], [ 3.47050630824068, 6.466449531626807 ], [ 3.470499385233182, 6.458957724562756 ] ] ] } },
{ "type": "Feature", "properties": { "mean_susceptibility": 0.32385018320064057, "mean_effective_drainage_score": 0.43658005247121207, "building_count": 47.0, "area_name": "Okun-Ajah", "rain_mm_yesterday": 9.7, "forecast_rain_mm_today": 0.2, "forecast_rain_mm_tomorrow": 3.6, "et0_mm_yesterday": 3.16, "et0_mm_today": 4.52, "et0_mm_tomorrow": 3.2, "rolling_2day_rain_mm_today": 1.4593785562795298, "dynamic_risk_score_today": 0.10377173513953508, "risk_tier_today": "Low", "rolling_2day_rain_mm_tomorrow": 3.6, "dynamic_risk_score_tomorrow": 0.11347710419350443, "risk_tier_tomorrow": "Low", "dynamic_risk_score": 0.10377173513953508, "risk_tier": "Low" }, "geometry": { "type": "Polygon", "coordinates": [ [ [ 3.606117647606963, 6.431677334175014 ], [ 3.615160417811321, 6.431666534577301 ], [ 3.615151572911931, 6.424305918610818 ], [ 3.614583969000138, 6.424305916000151 ], [ 3.614583969000138, 6.424583912000059 ], [ 3.613749980000137, 6.424583912000059 ], [ 3.613749980000136, 6.424861907000036 ], [ 3.612915993000114, 6.424861907000035 ], [ 3.612915993000115, 6.424583912000059 ], [ 3.61069393200006, 6.424583912000059 ], [ 3.610693932000061, 6.42430591600015 ], [ 3.609584093000137, 6.424305916000149 ], [ 3.609584093000137, 6.424583912000059 ], [ 3.607362031000151, 6.424583912000058 ], [ 3.607362031000151, 6.42430591600015 ], [ 3.606805087000055, 6.424305916000151 ], [ 3.606805087000055, 6.424027921000117 ], [ 3.606527089000167, 6.424027921000118 ], [ 3.606527089000167, 6.424305916000149 ], [ 3.606249094000133, 6.42430591600015 ], [ 3.606249094000134, 6.424027921000117 ], [ 3.606108590996702, 6.424027921018988 ], [ 3.606117647606963, 6.431677334175014 ] ] ] } },
{ "type": "Feature", "properties": { "mean_susceptibility": 0.34555610166724093, "mean_effective_drainage_score": 0.41259935479645266, "building_count": 140.0, "area_name": "Okun-Ajah", "rain_mm_yesterday": 9.7, "forecast_rain_mm_today": 0.2, "forecast_rain_mm_tomorrow": 3.6, "et0_mm_yesterday": 3.16, "et0_mm_today": 4.52, "et0_mm_tomorrow": 3.2, "rolling_2day_rain_mm_today": 1.296549619067912, "dynamic_risk_score_today": 0.1099392593479378, "risk_tier_today": "Low", "rolling_2day_rain_mm_tomorrow": 3.6, "dynamic_risk_score_tomorrow": 0.12108285802420127, "risk_tier_tomorrow": "Low", "dynamic_risk_score": 0.1099392593479378, "risk_tier": "Low" }, "geometry": { "type": "Polygon", "coordinates": [ [ [ 3.597074862015494, 6.431687973868045 ], [ 3.606117647606963, 6.431677334175014 ], [ 3.606108590996702, 6.424027921018988 ], [ 3.605971098000055, 6.424027921000118 ], [ 3.605971098000055, 6.42430591600015 ], [ 3.603194953000127, 6.42430591600015 ], [ 3.603194953000127, 6.424027921000117 ], [ 3.60291695500007, 6.424027921000118 ], [ 3.602916955000069, 6.424305916000149 ], [ 3.602082968000047, 6.42430591600015 ], [ 3.602082968000047, 6.42458391200006 ], [ 3.597066576216865, 6.424583925537737 ], [ 3.597074862015494, 6.431687973868045 ] ] ] } },
{ "type": "Feature", "properties": { "mean_susceptibility": 0.4906616406976716, "mean_effective_drainage_score": 0.80967365941620206, "building_count": 96.0, "area_name": "Ogombo", "rain_mm_yesterday": 9.7, "forecast_rain_mm_today": 0.2, "forecast_rain_mm_tomorrow": 3.6, "et0_mm_yesterday": 3.16, "et0_mm_today": 4.52, "et0_mm_tomorrow": 3.2, "rolling_2day_rain_mm_today": 3.9926841474360115, "dynamic_risk_score_today": 0.17462528957326096, "risk_tier_today": "Low", "rolling_2day_rain_mm_tomorrow": 3.6, "dynamic_risk_score_tomorrow": 0.17192783890046415, "risk_tier_tomorrow": "Low", "dynamic_risk_score": 0.17462528957326096, "risk_tier": "Low" }, "geometry": { "type": "Polygon", "coordinates": [ [ [ 3.615160417811321, 6.431666534577301 ], [ 3.623469864390389, 6.431656469778272 ], [ 3.622832000000186, 6.429780000000109 ], [ 3.621262063000017, 6.424862000000133 ], [ 3.62126206339758, 6.424862000000132 ], [ 3.621262062333358, 6.424861996666777 ], [ 3.619307041000127, 6.424861907000034 ], [ 3.619307041000127, 6.424583912000058 ], [ 3.61985993400009, 6.424583912000058 ], [ 3.61985993400009, 6.424305916000148 ], [ 3.615151572911931, 6.424305918610818 ], [ 3.615160417811321, 6.431666534577301 ] ] ] } },
{ "type": "Feature", "properties": { "mean_susceptibility": 0.41949282906439939, "mean_effective_drainage_score": 0.41966522484624147, "building_count": 267.0, "area_name": "Okun-Ajah", "rain_mm_yesterday": 9.7, "forecast_rain_mm_today": 0.2, "forecast_rain_mm_tomorrow": 3.6, "et0_mm_yesterday": 3.16, "et0_mm_today": 4.52, "et0_mm_tomorrow": 3.2, "rolling_2day_rain_mm_today": 1.3445268767059779, "dynamic_risk_score_today": 0.13374412008499492, "risk_tier_today": "Low", "rolling_2day_rain_mm_tomorrow": 3.6, "dynamic_risk_score_tomorrow": 0.14699028730416552, "risk_tier_tomorrow": "Low", "dynamic_risk_score": 0.13374412008499492, "risk_tier": "Low" }, "geometry": { "type": "Polygon", "coordinates": [ [ [ 3.588032061266445, 6.431698453655078 ], [ 3.597074862015494, 6.431687973868045 ], [ 3.597066576216865, 6.424583925537737 ], [ 3.594304083999988, 6.424583912000058 ], [ 3.594304083999988, 6.42430591600015 ], [ 3.593750953000153, 6.42430591600015 ], [ 3.593750953000152, 6.42458391200006 ], [ 3.592916011000171, 6.424583912000058 ], [ 3.592916011000169, 6.424305916000151 ], [ 3.588023569769689, 6.424305920490304 ], [ 3.588032061266445, 6.431698453655078 ] ] ] } },
{ "type": "Feature", "properties": { "mean_susceptibility": 0.38761742371710806, "mean_effective_drainage_score": 0.24991706822066598, "building_count": 4.0, "area_name": "Okun-Ajah", "rain_mm_yesterday": 9.7, "forecast_rain_mm_today": 0.2, "forecast_rain_mm_tomorrow": 3.6, "et0_mm_yesterday": 3.17, "et0_mm_today": 4.52, "et0_mm_tomorrow": 3.2, "rolling_2day_rain_mm_today": 0.2, "dynamic_risk_score_today": 0.11737055590154033, "risk_tier_today": "Low", "rolling_2day_rain_mm_tomorrow": 3.6, "dynamic_risk_score_tomorrow": 0.13582114527047462, "risk_tier_tomorrow": "Low", "dynamic_risk_score": 0.11737055590154033, "risk_tier": "Low" }, "geometry": { "type": "Polygon", "coordinates": [ [ [ 3.588032061266445, 6.431698453655078 ], [ 3.588042465246335, 6.440744146227416 ], [ 3.597085425965569, 6.440733651581492 ], [ 3.597074862015494, 6.431687973868045 ], [ 3.588032061266445, 6.431698453655078 ] ] ] } },
{ "type": "Feature", "properties": { "mean_susceptibility": 0.61674775898748269, "mean_effective_drainage_score": 0.87832632000836119, "building_count": 27.0, "area_name": "Ogombo", "rain_mm_yesterday": 9.7, "forecast_rain_mm_today": 0.2, "forecast_rain_mm_tomorrow": 3.6, "et0_mm_yesterday": 3.17, "et0_mm_today": 4.52, "et0_mm_tomorrow": 3.2, "rolling_2day_rain_mm_today": 4.4488357128567717, "dynamic_risk_score_today": 0.22343766008035526, "risk_tier_today": "Low", "rolling_2day_rain_mm_tomorrow": 3.6, "dynamic_risk_score_tomorrow": 0.21610841474921394, "risk_tier_tomorrow": "Low", "dynamic_risk_score": 0.22343766008035526, "risk_tier": "Low" }, "geometry": { "type": "Polygon", "coordinates": [ [ [ 3.615171301697784, 6.440712181892792 ], [ 3.615182201202244, 6.449757825992734 ], [ 3.624225275951838, 6.449746835413039 ], [ 3.62421421625167, 6.440701206852681 ], [ 3.615171301697784, 6.440712181892792 ] ] ] } },
{ "type": "Feature", "properties": { "mean_susceptibility": 0.59180387099150944, "mean_effective_drainage_score": 0.66497150928004611, "building_count": 75.0, "area_name": "Ogombo", "rain_mm_yesterday": 9.7, "forecast_rain_mm_today": 0.2, "forecast_rain_mm_tomorrow": 3.6, "et0_mm_yesterday": 3.16, "et0_mm_today": 4.52, "et0_mm_tomorrow": 3.2, "rolling_2day_rain_mm_today": 3.010156548011512, "dynamic_risk_score_today": 0.202481073461104, "risk_tier_today": "Low", "rolling_2day_rain_mm_tomorrow": 3.6, "dynamic_risk_score_tomorrow": 0.20736807639542487, "risk_tier_tomorrow": "Low", "dynamic_risk_score": 0.202481073461104, "risk_tier": "Low" }, "geometry": { "type": "Polygon", "coordinates": [ [ [ 3.597085425965569, 6.440733651581492 ], [ 3.597096005074545, 6.449779326080417 ], [ 3.606139110833292, 6.449768656215642 ], [ 3.606128371525902, 6.440722996802842 ], [ 3.597085425965569, 6.440733651581492 ] ] ] } },
{ "type": "Feature", "properties": { "mean_susceptibility": 0.63997962534168862, "mean_effective_drainage_score": 0.73502093072049102, "building_count": 269.0, "area_name": "Ogombo", "rain_mm_yesterday": 9.7, "forecast_rain_mm_today": 0.2, "forecast_rain_mm_tomorrow": 3.6, "et0_mm_yesterday": 3.17, "et0_mm_today": 4.52, "et0_mm_tomorrow": 3.2, "rolling_2day_rain_mm_today": 3.4757921195921337, "dynamic_risk_score_today": 0.22313599354097691, "risk_tier_today": "Low", "rolling_2day_rain_mm_tomorrow": 3.6, "dynamic_risk_score_tomorrow": 0.22424886071972772, "risk_tier_tomorrow": "Low", "dynamic_risk_score": 0.22313599354097691, "risk_tier": "Low" }, "geometry": { "type": "Polygon", "coordinates": [ [ [ 3.606128371525902, 6.440722996802842 ], [ 3.606139110833292, 6.449768656215642 ], [ 3.615182201202244, 6.449757825992734 ], [ 3.615171301697784, 6.440712181892792 ], [ 3.606128371525902, 6.440722996802842 ] ] ] } },
{ "type": "Feature", "properties": { "mean_susceptibility": 0.63620585492471848, "mean_effective_drainage_score": 0.90282926441817002, "building_count": 260.0, "area_name": "Ogombo", "rain_mm_yesterday": 9.7, "forecast_rain_mm_today": 0.2, "forecast_rain_mm_tomorrow": 3.6, "et0_mm_yesterday": 3.17, "et0_mm_today": 4.52, "et0_mm_tomorrow": 3.2, "rolling_2day_rain_mm_today": 4.6152107053993738, "dynamic_risk_score_today": 0.23196889349222405, "risk_tier_today": "Low", "rolling_2day_rain_mm_tomorrow": 3.6, "dynamic_risk_score_tomorrow": 0.22292653156562137, "risk_tier_tomorrow": "Low", "dynamic_risk_score": 0.23196889349222405, "risk_tier": "Low" }, "geometry": { "type": "Polygon", "coordinates": [ [ [ 3.615182201202244, 6.449757825992734 ], [ 3.615193116326064, 6.458803466872684 ], [ 3.62423635150093, 6.458792460752876 ], [ 3.624225275951838, 6.449746835413039 ], [ 3.615182201202244, 6.449757825992734 ] ] ] } },
{ "type": "Feature", "properties": { "mean_susceptibility": 0.45318342425290919, "mean_effective_drainage_score": 0.54629998480682318, "building_count": 218.0, "area_name": "Ogombo", "rain_mm_yesterday": 9.7, "forecast_rain_mm_today": 0.2, "forecast_rain_mm_tomorrow": 3.6, "et0_mm_yesterday": 3.17, "et0_mm_today": 4.52, "et0_mm_tomorrow": 3.2, "rolling_2day_rain_mm_today": 2.194376896838329, "dynamic_risk_score_today": 0.14987740058282206, "risk_tier_today": "Low", "rolling_2day_rain_mm_tomorrow": 3.6, "dynamic_risk_score_tomorrow": 0.15879547185821941, "risk_tier_tomorrow": "Low", "dynamic_risk_score": 0.14987740058282206, "risk_tier": "Low" }, "geometry": { "type": "Polygon", "coordinates": [ [ [ 3.624225275951838, 6.449746835413039 ], [ 3.62423635150093, 6.458792460752876 ], [ 3.633279570825488, 6.458781294050909 ], [ 3.633270741007566, 6.451673868705647 ], [ 3.632405001000051, 6.451046999000139 ], [ 3.63059486169179, 6.449738997817573 ], [ 3.624225275951838, 6.449746835413039 ] ] ] } },
{ "type": "Feature", "properties": { "mean_susceptibility": 0.67798139635683097, "mean_effective_drainage_score": 0.96149604393933608, "building_count": 445.0, "area_name": "Ogombo", "rain_mm_yesterday": 9.7, "forecast_rain_mm_today": 0.2, "forecast_rain_mm_tomorrow": 3.6, "et0_mm_yesterday": 3.17, "et0_mm_today": 4.52, "et0_mm_tomorrow": 3.2, "rolling_2day_rain_mm_today": 5.0135581383480918, "dynamic_risk_score_today": 0.25098180696999672, "risk_tier_today": "Medium", "rolling_2day_rain_mm_tomorrow": 3.6, "dynamic_risk_score_tomorrow": 0.23756468128343355, "risk_tier_tomorrow": "Low", "dynamic_risk_score": 0.25098180696999672, "risk_tier": "Medium" }, "geometry": { "type": "Polygon", "coordinates": [ [ [ 3.606139110833292, 6.449768656215642 ], [ 3.606149865530474, 6.458814312408969 ], [ 3.615193116326064, 6.458803466872684 ], [ 3.615182201202244, 6.449757825992734 ], [ 3.606139110833292, 6.449768656215642 ] ] ] } },
{ "type": "Feature", "properties": { "mean_susceptibility": 0.56612031357090375, "mean_effective_drainage_score": 0.8658397660374143, "building_count": 228.0, "area_name": "Ogombo", "rain_mm_yesterday": 9.7, "forecast_rain_mm_today": 0.2, "forecast_rain_mm_tomorrow": 3.6, "et0_mm_yesterday": 3.17, "et0_mm_today": 4.52, "et0_mm_tomorrow": 3.2, "rolling_2day_rain_mm_today": 4.3640520113940431, "dynamic_risk_score_today": 0.20442419297509296, "risk_tier_today": "Low", "rolling_2day_rain_mm_tomorrow": 3.6, "dynamic_risk_score_tomorrow": 0.19836855787524466, "risk_tier_tomorrow": "Low", "dynamic_risk_score": 0.20442419297509296, "risk_tier": "Low" }, "geometry": { "type": "Polygon", "coordinates": [ [ [ 3.597096005074545, 6.449779326080417 ], [ 3.597106599343747, 6.458824997360384 ], [ 3.606149865530474, 6.458814312408969 ], [ 3.606139110833292, 6.449768656215642 ], [ 3.597096005074545, 6.449779326080417 ] ] ] } },
{ "type": "Feature", "properties": { "mean_susceptibility": 0.35689296209817351, "mean_effective_drainage_score": 0.4208194638779833, "building_count": 110.0, "area_name": "Sangotedo", "rain_mm_yesterday": 9.7, "forecast_rain_mm_today": 0.2, "forecast_rain_mm_tomorrow": 3.6, "et0_mm_yesterday": 3.17, "et0_mm_today": 4.52, "et0_mm_tomorrow": 3.2, "rolling_2day_rain_mm_today": 1.3423641597315059, "dynamic_risk_score_today": 0.11377501312598604, "risk_tier_today": "Low", "rolling_2day_rain_mm_tomorrow": 3.6, "dynamic_risk_score_tomorrow": 0.12505529391920001, "risk_tier_tomorrow": "Low", "dynamic_risk_score": 0.11377501312598604, "risk_tier": "Low" }, "geometry": { "type": "Polygon", "coordinates": [ [ [ 3.633279570825488, 6.458781294050909 ], [ 3.638757450609535, 6.458774451777337 ], [ 3.636137962000134, 6.453750134000074 ], [ 3.633706258000188, 6.451989219000153 ], [ 3.633270741007566, 6.451673868705647 ], [ 3.633279570825488, 6.458781294050909 ] ] ] } },
{ "type": "Feature", "properties": { "mean_susceptibility": 0.43496009881114545, "mean_effective_drainage_score": 0.66790557679412632, "building_count": 180.0, "area_name": "Lekki Phase II", "rain_mm_yesterday": 9.7, "forecast_rain_mm_today": 0.2, "forecast_rain_mm_tomorrow": 3.6, "et0_mm_yesterday": 3.17, "et0_mm_today": 4.52, "et0_mm_tomorrow": 3.2, "rolling_2day_rain_mm_today": 3.020078866432117, "dynamic_risk_score_today": 0.14887862287359432, "risk_tier_today": "Low", "rolling_2day_rain_mm_tomorrow": 3.6, "dynamic_risk_score_tomorrow": 0.1524100186234254, "risk_tier_tomorrow": "Low", "dynamic_risk_score": 0.14887862287359432, "risk_tier": "Low" }, "geometry": { "type": "Polygon", "coordinates": [ [ [ 3.588052884155576, 6.449789835585736 ], [ 3.588063317995471, 6.458835521725604 ], [ 3.597106599343747, 6.458824997360384 ], [ 3.597096005074545, 6.449779326080417 ], [ 3.588052884155576, 6.449789835585736 ] ] ] } },
{ "type": "Feature", "properties": { "mean_susceptibility": 0.50544910085771821, "mean_effective_drainage_score": 0.98464723967437151, "building_count": 292.0, "area_name": "Ogombo", "rain_mm_yesterday": 9.7, "forecast_rain_mm_today": 0.2, "forecast_rain_mm_tomorrow": 3.6, "et0_mm_yesterday": 3.16, "et0_mm_today": 4.52, "et0_mm_tomorrow": 3.2, "rolling_2day_rain_mm_today": 5.1807547573889812, "dynamic_risk_score_today": 0.18829523993172792, "risk_tier_today": "Low", "rolling_2day_rain_mm_tomorrow": 3.6, "dynamic_risk_score_tomorrow": 0.17710936494054441, "risk_tier_tomorrow": "Low", "dynamic_risk_score": 0.18829523993172792, "risk_tier": "Low" }, "geometry": { "type": "Polygon", "coordinates": [ [ [ 3.615193116326064, 6.458803466872684 ], [ 3.615204047070608, 6.467849104528208 ], [ 3.624247442900331, 6.46783808286776 ], [ 3.62423635150093, 6.458792460752876 ], [ 3.615193116326064, 6.458803466872684 ] ] ] } },
{ "type": "Feature", "properties": { "mean_susceptibility": 0.45367219388907515, "mean_effective_drainage_score": 0.85075927478480318, "building_count": 480.0, "area_name": "Sangotedo", "rain_mm_yesterday": 9.7, "forecast_rain_mm_today": 0.2, "forecast_rain_mm_tomorrow": 3.6, "et0_mm_yesterday": 3.16, "et0_mm_today": 4.52, "et0_mm_tomorrow": 3.2, "rolling_2day_rain_mm_today": 4.2716554757888128, "dynamic_risk_score_today": 0.16323269652407402, "risk_tier_today": "Low", "rolling_2day_rain_mm_tomorrow": 3.6, "dynamic_risk_score_tomorrow": 0.15896673673873196, "risk_tier_tomorrow": "Low", "dynamic_risk_score": 0.16323269652407402, "risk_tier": "Low" }, "geometry": { "type": "Polygon", "coordinates": [ [ [ 3.62423635150093, 6.458792460752876 ], [ 3.624247442900331, 6.46783808286776 ], [ 3.633290822878358, 6.467826900398411 ], [ 3.633279570825488, 6.458781294050909 ], [ 3.62423635150093, 6.458792460752876 ] ] ] } },
{ "type": "Feature", "properties": { "mean_susceptibility": 0.40330617891897214, "mean_effective_drainage_score": 0.76374851580195902, "building_count": 412.0, "area_name": "Lekki Phase II", "rain_mm_yesterday": 9.7, "forecast_rain_mm_today": 0.2, "forecast_rain_mm_tomorrow": 3.6, "et0_mm_yesterday": 3.16, "et0_mm_today": 4.52, "et0_mm_tomorrow": 3.2, "rolling_2day_rain_mm_today": 3.6808524222953007, "dynamic_risk_score_today": 0.14177500103409946, "risk_tier_today": "Low", "rolling_2day_rain_mm_tomorrow": 3.6, "dynamic_risk_score_tomorrow": 0.14131848509320788, "risk_tier_tomorrow": "Low", "dynamic_risk_score": 0.14177500103409946, "risk_tier": "Low" }, "geometry": { "type": "Polygon", "coordinates": [ [ [ 3.588063317995471, 6.458835521725604 ], [ 3.588073766767324, 6.467881204642582 ], [ 3.597117208774496, 6.467870665416958 ], [ 3.597106599343747, 6.458824997360384 ], [ 3.588063317995471, 6.458835521725604 ] ] ] } },
{ "type": "Feature", "properties": { "mean_susceptibility": 0.35373331141287723, "mean_effective_drainage_score": 0.85161488469350355, "building_count": 160.0, "area_name": "Ogombo", "rain_mm_yesterday": 9.7, "forecast_rain_mm_today": 0.2, "forecast_rain_mm_tomorrow": 3.6, "et0_mm_yesterday": 3.16, "et0_mm_today": 4.52, "et0_mm_tomorrow": 3.2, "rolling_2day_rain_mm_today": 4.2774650670688876, "dynamic_risk_score_today": 0.12730313978064367, "risk_tier_today": "Low", "rolling_2day_rain_mm_tomorrow": 3.6, "dynamic_risk_score_tomorrow": 0.12394815231907219, "risk_tier_tomorrow": "Low", "dynamic_risk_score": 0.12730313978064367, "risk_tier": "Low" }, "geometry": { "type": "Polygon", "coordinates": [ [ [ 3.597106599343747, 6.458824997360384 ], [ 3.597117208774496, 6.467870665416958 ], [ 3.606160635618794, 6.467859965378391 ], [ 3.606149865530474, 6.458814312408969 ], [ 3.597106599343747, 6.458824997360384 ] ] ] } },
{ "type": "Feature", "properties": { "mean_susceptibility": 0.40306203619892628, "mean_effective_drainage_score": 0.91357877259166309, "building_count": 300.0, "area_name": "Ogombo", "rain_mm_yesterday": 9.7, "forecast_rain_mm_today": 0.2, "forecast_rain_mm_tomorrow": 3.6, "et0_mm_yesterday": 3.16, "et0_mm_today": 4.52, "et0_mm_tomorrow": 3.2, "rolling_2day_rain_mm_today": 4.6981998658973918, "dynamic_risk_score_today": 0.14742993492153167, "risk_tier_today": "Low", "rolling_2day_rain_mm_tomorrow": 3.6, "dynamic_risk_score_tomorrow": 0.1412329374841037, "risk_tier_tomorrow": "Low", "dynamic_risk_score": 0.14742993492153167, "risk_tier": "Low" }, "geometry": { "type": "Polygon", "coordinates": [ [ [ 3.606149865530474, 6.458814312408969 ], [ 3.606160635618794, 6.467859965378391 ], [ 3.615204047070608, 6.467849104528208 ], [ 3.615193116326064, 6.458803466872684 ], [ 3.606149865530474, 6.458814312408969 ] ] ] } },
{ "type": "Feature", "properties": { "mean_susceptibility": 0.2582131779716067, "mean_effective_drainage_score": 0.53211286737099195, "building_count": 238.0, "area_name": "Ogombo", "rain_mm_yesterday": 9.7, "forecast_rain_mm_today": 0.2, "forecast_rain_mm_tomorrow": 3.6, "et0_mm_yesterday": 3.17, "et0_mm_today": 4.52, "et0_mm_tomorrow": 3.2, "rolling_2day_rain_mm_today": 2.098046369449035, "dynamic_risk_score_today": 0.085048358479703157, "risk_tier_today": "Low", "rolling_2day_rain_mm_tomorrow": 3.6, "dynamic_risk_score_tomorrow": 0.090477897561251019, "risk_tier_tomorrow": "Low", "dynamic_risk_score": 0.085048358479703157, "risk_tier": "Low" }, "geometry": { "type": "Polygon", "coordinates": [ [ [ 3.597117208774496, 6.467870665416958 ], [ 3.597127833368122, 6.476916330245697 ], [ 3.606171421099598, 6.476905615119465 ], [ 3.606160635618794, 6.467859965378391 ], [ 3.597117208774496, 6.467870665416958 ] ] ] } },
{ "type": "Feature", "properties": { "mean_susceptibility": 0.39925118322597541, "mean_effective_drainage_score": 0.91807912869239472, "building_count": 538.0, "area_name": "Sangotedo", "rain_mm_yesterday": 9.7, "forecast_rain_mm_today": 0.2, "forecast_rain_mm_tomorrow": 3.6, "et0_mm_yesterday": 3.17, "et0_mm_today": 4.52, "et0_mm_tomorrow": 3.2, "rolling_2day_rain_mm_today": 4.7187572838213603, "dynamic_risk_score_today": 0.14615092697269882, "risk_tier_today": "Low", "rolling_2day_rain_mm_tomorrow": 3.6, "dynamic_risk_score_tomorrow": 0.13989761460238181, "risk_tier_tomorrow": "Low", "dynamic_risk_score": 0.14615092697269882, "risk_tier": "Low" }, "geometry": { "type": "Polygon", "coordinates": [ [ [ 3.615204047070608, 6.467849104528208 ], [ 3.615214993437242, 6.476894738954864 ], [ 3.624258550151427, 6.476883701753244 ], [ 3.624247442900331, 6.46783808286776 ], [ 3.615204047070608, 6.467849104528208 ] ] ] } },
{ "type": "Feature", "properties": { "mean_susceptibility": 0.42352974347432565, "mean_effective_drainage_score": 0.99277008853988857, "building_count": 643.0, "area_name": "Sangotedo", "rain_mm_yesterday": 9.7, "forecast_rain_mm_today": 0.2, "forecast_rain_mm_tomorrow": 3.6, "et0_mm_yesterday": 3.17, "et0_mm_today": 4.52, "et0_mm_tomorrow": 3.2, "rolling_2day_rain_mm_today": 5.2259089011858437, "dynamic_risk_score_today": 0.15804551303104986, "risk_tier_today": "Low", "rolling_2day_rain_mm_tomorrow": 3.6, "dynamic_risk_score_tomorrow": 0.14840482211340367, "risk_tier_tomorrow": "Low", "dynamic_risk_score": 0.15804551303104986, "risk_tier": "Low" }, "geometry": { "type": "Polygon", "coordinates": [ [ [ 3.624247442900331, 6.46783808286776 ], [ 3.624258550151427, 6.476883701753244 ], [ 3.633302091012527, 6.476872503515977 ], [ 3.633290822878358, 6.467826900398411 ], [ 3.624247442900331, 6.46783808286776 ] ] ] } },
{ "type": "Feature", "properties": { "mean_susceptibility": 0.3873408371516186, "mean_effective_drainage_score": 0.52845433013179355, "building_count": 456.0, "area_name": "Lekki Phase II", "rain_mm_yesterday": 9.7, "forecast_rain_mm_today": 0.2, "forecast_rain_mm_tomorrow": 3.6, "et0_mm_yesterday": 3.17, "et0_mm_today": 4.52, "et0_mm_tomorrow": 3.2, "rolling_2day_rain_mm_today": 2.0732049015948775, "dynamic_risk_score_today": 0.1274447680558739, "risk_tier_today": "Low", "rolling_2day_rain_mm_tomorrow": 3.6, "dynamic_risk_score_tomorrow": 0.13572422933792716, "risk_tier_tomorrow": "Low", "dynamic_risk_score": 0.1274447680558739, "risk_tier": "Low" }, "geometry": { "type": "Polygon", "coordinates": [ [ [ 3.588073766767324, 6.467881204642582 ], [ 3.588084230472442, 6.476926884332233 ], [ 3.597127833368122, 6.476916330245697 ], [ 3.597117208774496, 6.467870665416958 ], [ 3.588073766767324, 6.467881204642582 ] ] ] } },
{ "type": "Feature", "properties": { "mean_susceptibility": 0.38163373187580429, "mean_effective_drainage_score": 0.68993116587132131, "building_count": 259.0, "area_name": "Sangotedo", "rain_mm_yesterday": 9.7, "forecast_rain_mm_today": 0.2, "forecast_rain_mm_tomorrow": 3.6, "et0_mm_yesterday": 3.16, "et0_mm_today": 4.52, "et0_mm_tomorrow": 3.2, "rolling_2day_rain_mm_today": 3.1796326162662716, "dynamic_risk_score_today": 0.1314784904214974, "risk_tier_today": "Low", "rolling_2day_rain_mm_tomorrow": 3.6, "dynamic_risk_score_tomorrow": 0.13372445964928181, "risk_tier_tomorrow": "Low", "dynamic_risk_score": 0.1314784904214974, "risk_tier": "Low" }, "geometry": { "type": "Polygon", "coordinates": [ [ [ 3.633279570825488, 6.458781294050909 ], [ 3.633290822878358, 6.467826900398411 ], [ 3.642334186775088, 6.467815557121548 ], [ 3.642327803933755, 6.462758177687162 ], [ 3.639597499000104, 6.460259835000045 ], [ 3.639472000000126, 6.460145000000182 ], [ 3.639213754000082, 6.459649653000155 ], [ 3.638757450609535, 6.458774451777337 ], [ 3.633279570825488, 6.458781294050909 ] ] ] } },
{ "type": "Feature", "properties": { "mean_susceptibility": 0.49328183273545334, "mean_effective_drainage_score": 1.0, "building_count": 92.0, "area_name": "Sangotedo", "rain_mm_yesterday": 10.0, "forecast_rain_mm_today": 0.4, "forecast_rain_mm_tomorrow": 2.9, "et0_mm_yesterday": 3.06, "et0_mm_today": 4.53, "et0_mm_tomorrow": 3.22, "rolling_2day_rain_mm_today": 5.84, "dynamic_risk_score_today": 0.18831527246508672, "risk_tier_today": "Low", "rolling_2day_rain_mm_tomorrow": 2.9, "dynamic_risk_score_tomorrow": 0.16801179222969542, "risk_tier_tomorrow": "Low", "dynamic_risk_score": 0.18831527246508672, "risk_tier": "Low" }, "geometry": { "type": "Polygon", "coordinates": [ [ [ 3.660432616181107, 6.47683794260427 ], [ 3.667915890503457, 6.476828154805992 ], [ 3.668091000000175, 6.475329001000033 ], [ 3.667712860000164, 6.475147054000162 ], [ 3.667162, 6.474882 ], [ 3.664837, 6.47377 ], [ 3.662838478000083, 6.47205521800015 ], [ 3.662731, 6.47196300000013 ], [ 3.660424994789732, 6.470972591971847 ], [ 3.660432616181107, 6.47683794260427 ] ] ] } },
{ "type": "Feature", "properties": { "mean_susceptibility": 0.4513560362727661, "mean_effective_drainage_score": 0.83114525144065099, "building_count": 394.0, "area_name": "Sangotedo", "rain_mm_yesterday": 9.7, "forecast_rain_mm_today": 0.2, "forecast_rain_mm_tomorrow": 3.6, "et0_mm_yesterday": 3.17, "et0_mm_today": 4.52, "et0_mm_tomorrow": 3.2, "rolling_2day_rain_mm_today": 4.1284762572820197, "dynamic_risk_score_today": 0.16149458839249231, "risk_tier_today": "Low", "rolling_2day_rain_mm_tomorrow": 3.6, "dynamic_risk_score_tomorrow": 0.15815515510997724, "risk_tier_tomorrow": "Low", "dynamic_risk_score": 0.16149458839249231, "risk_tier": "Low" }, "geometry": { "type": "Polygon", "coordinates": [ [ [ 3.642334186775088, 6.467815557121548 ], [ 3.642345615790921, 6.476861144244449 ], [ 3.651389124256987, 6.476849623940072 ], [ 3.651377829308208, 6.468034410905001 ], [ 3.650353976863026, 6.467805363181963 ], [ 3.642334186775088, 6.467815557121548 ] ] ] } },
{ "type": "Feature", "properties": { "mean_susceptibility": 0.73379487002768584, "mean_effective_drainage_score": 0.9697677295034357, "building_count": 829.0, "area_name": "Sangotedo", "rain_mm_yesterday": 9.7, "forecast_rain_mm_today": 0.2, "forecast_rain_mm_tomorrow": 3.6, "et0_mm_yesterday": 3.17, "et0_mm_today": 4.52, "et0_mm_tomorrow": 3.2, "rolling_2day_rain_mm_today": 5.0697228833283274, "dynamic_risk_score_today": 0.27222037402778188, "risk_tier_today": "Medium", "rolling_2day_rain_mm_tomorrow": 3.6, "dynamic_risk_score_tomorrow": 0.25712172245770115, "risk_tier_tomorrow": "Medium", "dynamic_risk_score": 0.27222037402778188, "risk_tier": "Medium" }, "geometry": { "type": "Polygon", "coordinates": [ [ [ 3.633290822878358, 6.467826900398411 ], [ 3.633302091012527, 6.476872503515977 ], [ 3.642345615790921, 6.476861144244449 ], [ 3.642334186775088, 6.467815557121548 ], [ 3.633290822878358, 6.467826900398411 ] ] ] } },
{ "type": "Feature", "properties": { "mean_susceptibility": 0.41037488673932432, "mean_effective_drainage_score": 0.97047672487847891, "building_count": 528.0, "area_name": "Sangotedo", "rain_mm_yesterday": 9.7, "forecast_rain_mm_today": 0.2, "forecast_rain_mm_tomorrow": 3.6, "et0_mm_yesterday": 3.17, "et0_mm_today": 4.52, "et0_mm_tomorrow": 3.2, "rolling_2day_rain_mm_today": 5.0745369619248715, "dynamic_risk_score_today": 0.15226694145585939, "risk_tier_today": "Low", "rolling_2day_rain_mm_tomorrow": 3.6, "dynamic_risk_score_tomorrow": 0.14379536031345919, "risk_tier_tomorrow": "Low", "dynamic_risk_score": 0.15226694145585939, "risk_tier": "Low" }, "geometry": { "type": "Polygon", "coordinates": [ [ [ 3.651389124256987, 6.476849623940072 ], [ 3.660432616181107, 6.47683794260427 ], [ 3.660424994789732, 6.470972591971847 ], [ 3.658086000000138, 6.469968000000108 ], [ 3.656071669000028, 6.469296215000042 ], [ 3.6541429990001, 6.468653000000187 ], [ 3.651377829308208, 6.468034410905001 ], [ 3.651389124256987, 6.476849623940072 ] ] ] } },
{ "type": "Feature", "properties": { "mean_susceptibility": 0.80344234771345646, "mean_effective_drainage_score": 1.0, "building_count": 14.0, "area_name": "Sangotedo", "rain_mm_yesterday": 10.0, "forecast_rain_mm_today": 0.4, "forecast_rain_mm_tomorrow": 2.9, "et0_mm_yesterday": 3.06, "et0_mm_today": 4.53, "et0_mm_tomorrow": 3.22, "rolling_2day_rain_mm_today": 5.84, "dynamic_risk_score_today": 0.30672215066308905, "risk_tier_today": "Medium", "rolling_2day_rain_mm_tomorrow": 2.9, "dynamic_risk_score_tomorrow": 0.27365246363120321, "risk_tier_tomorrow": "Medium", "dynamic_risk_score": 0.30672215066308905, "risk_tier": "Medium" }, "geometry": { "type": "Polygon", "coordinates": [ [ [ 3.660432616181107, 6.47683794260427 ], [ 3.660444383727523, 6.485883493821575 ], [ 3.666308798667419, 6.485875822118302 ], [ 3.667282, 6.482254999000189 ], [ 3.667915890503457, 6.476828154805992 ], [ 3.660432616181107, 6.47683794260427 ] ] ] } },
{ "type": "Feature", "properties": { "mean_susceptibility": 0.29127762618704667, "mean_effective_drainage_score": 0.67098848878577211, "building_count": 516.0, "area_name": "Ogombo", "rain_mm_yesterday": 9.7, "forecast_rain_mm_today": 0.2, "forecast_rain_mm_tomorrow": 3.6, "et0_mm_yesterday": 3.17, "et0_mm_today": 4.52, "et0_mm_tomorrow": 3.2, "rolling_2day_rain_mm_today": 3.0410118388553915, "dynamic_risk_score_today": 0.09978418979091308, "risk_tier_today": "Low", "rolling_2day_rain_mm_tomorrow": 3.6, "dynamic_risk_score_tomorrow": 0.10206368021594114, "risk_tier_tomorrow": "Low", "dynamic_risk_score": 0.09978418979091308, "risk_tier": "Low" }, "geometry": { "type": "Polygon", "coordinates": [ [ [ 3.606160635618794, 6.467859965378391 ], [ 3.606171421099598, 6.476905615119465 ], [ 3.615214993437242, 6.476894738954864 ], [ 3.615204047070608, 6.467849104528208 ], [ 3.606160635618794, 6.467859965378391 ] ] ] } },
{ "type": "Feature", "properties": { "mean_susceptibility": 0.77906585968656594, "mean_effective_drainage_score": 0.99988113545693846, "building_count": 131.0, "area_name": "Sangotedo", "rain_mm_yesterday": 9.7, "forecast_rain_mm_today": 0.2, "forecast_rain_mm_tomorrow": 3.6, "et0_mm_yesterday": 3.17, "et0_mm_today": 4.52, "et0_mm_tomorrow": 3.2, "rolling_2day_rain_mm_today": 5.2741929097526112, "dynamic_risk_score_today": 0.29124496877341866, "risk_tier_today": "Medium", "rolling_2day_rain_mm_tomorrow": 3.6, "dynamic_risk_score_tomorrow": 0.27298467723417263, "risk_tier_tomorrow": "Medium", "dynamic_risk_score": 0.29124496877341866, "risk_tier": "Medium" }, "geometry": { "type": "Polygon", "coordinates": [ [ [ 3.624258550151427, 6.476883701753244 ], [ 3.624269673255607, 6.485929317404896 ], [ 3.633313375229403, 6.485918103399172 ], [ 3.633302091012527, 6.476872503515977 ], [ 3.624258550151427, 6.476883701753244 ] ] ] } },
{ "type": "Feature", "properties": { "mean_susceptibility": 0.66088266617811708, "mean_effective_drainage_score": 0.4692386217739154, "building_count": 271.0, "area_name": "Sangotedo", "rain_mm_yesterday": 9.7, "forecast_rain_mm_today": 0.2, "forecast_rain_mm_tomorrow": 3.6, "et0_mm_yesterday": 3.17, "et0_mm_today": 4.52, "et0_mm_tomorrow": 3.2, "rolling_2day_rain_mm_today": 1.671130241844885, "dynamic_risk_score_today": 0.2137266939900937, "risk_tier_today": "Low", "rolling_2day_rain_mm_tomorrow": 3.6, "dynamic_risk_score_tomorrow": 0.23157328622881224, "risk_tier_tomorrow": "Low", "dynamic_risk_score": 0.2137266939900937, "risk_tier": "Low" }, "geometry": { "type": "Polygon", "coordinates": [ [ [ 3.606171421099598, 6.476905615119465 ], [ 3.606182221974235, 6.485951261627755 ], [ 3.615225955427336, 6.485940370148215 ], [ 3.615214993437242, 6.476894738954864 ], [ 3.606171421099598, 6.476905615119465 ] ] ] } },
{ "type": "Feature", "properties": { "mean_susceptibility": 0.4869549616369504, "mean_effective_drainage_score": 0.27975093781261556, "building_count": 149.0, "area_name": "Badore", "rain_mm_yesterday": 9.7, "forecast_rain_mm_today": 0.2, "forecast_rain_mm_tomorrow": 3.6, "et0_mm_yesterday": 3.17, "et0_mm_today": 4.52, "et0_mm_tomorrow": 3.2, "rolling_2day_rain_mm_today": 0.38450886774765963, "dynamic_risk_score_today": 0.1487078275042889, "risk_tier_today": "Low", "rolling_2day_rain_mm_tomorrow": 3.6, "dynamic_risk_score_tomorrow": 0.17062901855758739, "risk_tier_tomorrow": "Low", "dynamic_risk_score": 0.1487078275042889, "risk_tier": "Low" }, "geometry": { "type": "Polygon", "coordinates": [ [ [ 3.597127833368122, 6.476916330245697 ], [ 3.597138473125951, 6.485961991842169 ], [ 3.606182221974235, 6.485951261627755 ], [ 3.606171421099598, 6.476905615119465 ], [ 3.597127833368122, 6.476916330245697 ] ] ] } },
{ "type": "Feature", "properties": { "mean_susceptibility": 0.79901377737004164, "mean_effective_drainage_score": 0.82079356942924464, "building_count": 177.0, "area_name": "Sangotedo", "rain_mm_yesterday": 9.7, "forecast_rain_mm_today": 0.2, "forecast_rain_mm_tomorrow": 3.6, "et0_mm_yesterday": 3.17, "et0_mm_today": 4.52, "et0_mm_tomorrow": 3.2, "rolling_2day_rain_mm_today": 4.0581883364245703, "dynamic_risk_score_today": 0.28509981069853141, "risk_tier_today": "Medium", "rolling_2day_rain_mm_tomorrow": 3.6, "dynamic_risk_score_tomorrow": 0.27997442759046254, "risk_tier_tomorrow": "Medium", "dynamic_risk_score": 0.28509981069853141, "risk_tier": "Medium" }, "geometry": { "type": "Polygon", "coordinates": [ [ [ 3.615214993437242, 6.476894738954864 ], [ 3.615225955427336, 6.485940370148215 ], [ 3.624269673255607, 6.485929317404896 ], [ 3.624258550151427, 6.476883701753244 ], [ 3.615214993437242, 6.476894738954864 ] ] ] } },
{ "type": "Feature", "properties": { "mean_susceptibility": 0.64161468153918222, "mean_effective_drainage_score": 0.26416889441065661, "building_count": 360.0, "area_name": "Langbasa", "rain_mm_yesterday": 9.7, "forecast_rain_mm_today": 0.2, "forecast_rain_mm_tomorrow": 3.6, "et0_mm_yesterday": 3.17, "et0_mm_today": 4.52, "et0_mm_tomorrow": 3.2, "rolling_2day_rain_mm_today": 0.2787067930483576, "dynamic_risk_score_today": 0.19498791764545809, "risk_tier_today": "Low", "rolling_2day_rain_mm_tomorrow": 3.6, "dynamic_risk_score_tomorrow": 0.22482178441132938, "risk_tier_tomorrow": "Low", "dynamic_risk_score": 0.19498791764545809, "risk_tier": "Low" }, "geometry": { "type": "Polygon", "coordinates": [ [ [ 3.588084230472442, 6.476926884332233 ], [ 3.588094709112133, 6.485972560790122 ], [ 3.597138473125951, 6.485961991842169 ], [ 3.597127833368122, 6.476916330245697 ], [ 3.588084230472442, 6.476926884332233 ] ] ] } },
{ "type": "Feature", "properties": { "mean_susceptibility": 0.47557318397728698, "mean_effective_drainage_score": 0.44369082907218116, "building_count": 471.0, "area_name": "Badore", "rain_mm_yesterday": 9.7, "forecast_rain_mm_today": 0.2, "forecast_rain_mm_tomorrow": 3.6, "et0_mm_yesterday": 3.17, "et0_mm_today": 4.52, "et0_mm_tomorrow": 3.2, "rolling_2day_rain_mm_today": 1.4976607294001096, "dynamic_risk_score_today": 0.15264341713556595, "risk_tier_today": "Low", "rolling_2day_rain_mm_tomorrow": 3.6, "dynamic_risk_score_tomorrow": 0.16664084366564136, "risk_tier_tomorrow": "Low", "dynamic_risk_score": 0.15264341713556595, "risk_tier": "Low" }, "geometry": { "type": "Polygon", "coordinates": [ [ [ 3.597138473125951, 6.485961991842169 ], [ 3.597149128049315, 6.495007650201934 ], [ 3.606193038244056, 6.494996904898826 ], [ 3.606182221974235, 6.485951261627755 ], [ 3.597138473125951, 6.485961991842169 ] ] ] } },
{ "type": "Feature", "properties": { "mean_susceptibility": 0.63200019551235131, "mean_effective_drainage_score": 0.50496564331180527, "building_count": 147.0, "area_name": "Badore", "rain_mm_yesterday": 9.7, "forecast_rain_mm_today": 0.2, "forecast_rain_mm_tomorrow": 3.6, "et0_mm_yesterday": 3.17, "et0_mm_today": 4.52, "et0_mm_tomorrow": 3.2, "rolling_2day_rain_mm_today": 1.9137167180871566, "dynamic_risk_score_today": 0.20653262941351413, "risk_tier_today": "Low", "rolling_2day_rain_mm_tomorrow": 3.6, "dynamic_risk_score_tomorrow": 0.22145286850752788, "risk_tier_tomorrow": "Low", "dynamic_risk_score": 0.20653262941351413, "risk_tier": "Low" }, "geometry": { "type": "Polygon", "coordinates": [ [ [ 3.615225955427336, 6.485940370148215 ], [ 3.606182221974235, 6.485951261627755 ], [ 3.606193038244056, 6.494996904898826 ], [ 3.607513194678337, 6.494995322878171 ], [ 3.606333970000093, 6.493655206000142 ], [ 3.606482029000176, 6.488584041000024 ], [ 3.609927893000134, 6.487604142000067 ], [ 3.615230362727927, 6.489573562804774 ], [ 3.615225955427336, 6.485940370148215 ] ] ] } },
{ "type": "Feature", "properties": { "mean_susceptibility": 0.48613800445462546, "mean_effective_drainage_score": 0.50899930554676975, "building_count": 517.0, "area_name": "Langbasa", "rain_mm_yesterday": 9.7, "forecast_rain_mm_today": 0.2, "forecast_rain_mm_tomorrow": 3.6, "et0_mm_yesterday": 3.17, "et0_mm_today": 4.52, "et0_mm_tomorrow": 3.2, "rolling_2day_rain_mm_today": 1.9411052846625656, "dynamic_risk_score_today": 0.15905243202969821, "risk_tier_today": "Low", "rolling_2day_rain_mm_tomorrow": 3.6, "dynamic_risk_score_tomorrow": 0.17034275676090072, "risk_tier_tomorrow": "Low", "dynamic_risk_score": 0.15905243202969821, "risk_tier": "Low" }, "geometry": { "type": "Polygon", "coordinates": [ [ [ 3.588094709112133, 6.485972560790122 ], [ 3.588105202687709, 6.495018234011812 ], [ 3.597149128049315, 6.495007650201934 ], [ 3.597138473125951, 6.485961991842169 ], [ 3.588094709112133, 6.485972560790122 ] ] ] } },
{ "type": "Feature", "properties": { "mean_susceptibility": 0.76674698859206614, "mean_effective_drainage_score": 1.0, "building_count": 5.0, "area_name": "Sangotedo", "rain_mm_yesterday": 9.7, "forecast_rain_mm_today": 0.2, "forecast_rain_mm_tomorrow": 3.6, "et0_mm_yesterday": 3.17, "et0_mm_today": 4.52, "et0_mm_tomorrow": 3.2, "rolling_2day_rain_mm_today": 5.275, "dynamic_risk_score_today": 0.28664836168514385, "risk_tier_today": "Medium", "rolling_2day_rain_mm_tomorrow": 3.6, "dynamic_risk_score_tomorrow": 0.26866814480265999, "risk_tier_tomorrow": "Medium", "dynamic_risk_score": 0.28664836168514385, "risk_tier": "Medium" }, "geometry": { "type": "Polygon", "coordinates": [ [ [ 3.642345615790921, 6.476861144244449 ], [ 3.642357061119081, 6.485906728132431 ], [ 3.651400730695001, 6.485895191606089 ], [ 3.651389124256987, 6.476849623940072 ], [ 3.642345615790921, 6.476861144244449 ] ] ] } },
{ "type": "Feature", "properties": { "mean_susceptibility": 0.96546942640259592, "mean_effective_drainage_score": 1.0, "building_count": 212.0, "area_name": "Sangotedo", "rain_mm_yesterday": 9.7, "forecast_rain_mm_today": 0.2, "forecast_rain_mm_tomorrow": 3.6, "et0_mm_yesterday": 3.17, "et0_mm_today": 4.52, "et0_mm_tomorrow": 3.2, "rolling_2day_rain_mm_today": 5.275, "dynamic_risk_score_today": 0.36094074506061047, "risk_tier_today": "Medium", "rolling_2day_rain_mm_tomorrow": 3.6, "dynamic_risk_score_tomorrow": 0.33830048701146964, "risk_tier_tomorrow": "Medium", "dynamic_risk_score": 0.36094074506061047, "risk_tier": "Medium" }, "geometry": { "type": "Polygon", "coordinates": [ [ [ 3.633302091012527, 6.476872503515977 ], [ 3.633313375229403, 6.485918103399172 ], [ 3.642357061119081, 6.485906728132431 ], [ 3.642345615790921, 6.476861144244449 ], [ 3.633302091012527, 6.476872503515977 ] ] ] } },
{ "type": "Feature", "properties": { "mean_susceptibility": 0.71435357512561992, "mean_effective_drainage_score": 1.0, "building_count": 208.0, "area_name": "Sangotedo", "rain_mm_yesterday": 9.7, "forecast_rain_mm_today": 0.2, "forecast_rain_mm_tomorrow": 3.6, "et0_mm_yesterday": 3.17, "et0_mm_today": 4.52, "et0_mm_tomorrow": 3.2, "rolling_2day_rain_mm_today": 5.275, "dynamic_risk_score_today": 0.26706108406071305, "risk_tier_today": "Medium", "rolling_2day_rain_mm_tomorrow": 3.6, "dynamic_risk_score_tomorrow": 0.25030949272401726, "risk_tier_tomorrow": "Medium", "dynamic_risk_score": 0.26706108406071305, "risk_tier": "Medium" }, "geometry": { "type": "Polygon", "coordinates": [ [ [ 3.651389124256987, 6.476849623940072 ], [ 3.651400730695001, 6.485895191606089 ], [ 3.660444383727523, 6.485883493821575 ], [ 3.660432616181107, 6.47683794260427 ], [ 3.651389124256987, 6.476849623940072 ] ] ] } },
{ "type": "Feature", "properties": { "mean_susceptibility": 0.95739876560803694, "mean_effective_drainage_score": 0.91294356945289201, "building_count": 469.0, "area_name": "Ajah", "rain_mm_yesterday": 9.7, "forecast_rain_mm_today": 0.2, "forecast_rain_mm_tomorrow": 3.6, "et0_mm_yesterday": 3.17, "et0_mm_today": 4.52, "et0_mm_tomorrow": 3.2, "rolling_2day_rain_mm_today": 4.6838868365851365, "dynamic_risk_score_today": 0.35000049434073188, "risk_tier_today": "Medium", "rolling_2day_rain_mm_tomorrow": 3.6, "dynamic_risk_score_tomorrow": 0.3354725274690562, "risk_tier_tomorrow": "Medium", "dynamic_risk_score": 0.35000049434073188, "risk_tier": "Medium" }, "geometry": { "type": "Polygon", "coordinates": [ [ [ 3.569996980106996, 6.476947509380993 ], [ 3.570007136506501, 6.485993214881423 ], [ 3.579050930162432, 6.485982968470303 ], [ 3.579040612642189, 6.476937277377761 ], [ 3.569996980106996, 6.476947509380993 ] ] ] } },
{ "type": "Feature", "properties": { "mean_susceptibility": 0.97838596352962348, "mean_effective_drainage_score": 0.94723923636069685, "building_count": 78.0, "area_name": "Ajah", "rain_mm_yesterday": 9.7, "forecast_rain_mm_today": 0.2, "forecast_rain_mm_tomorrow": 3.6, "et0_mm_yesterday": 3.17, "et0_mm_today": 4.52, "et0_mm_tomorrow": 3.2, "rolling_2day_rain_mm_today": 4.9167544148891311, "dynamic_risk_score_today": 0.36086255813798473, "risk_tier_today": "Medium", "rolling_2day_rain_mm_tomorrow": 3.6, "dynamic_risk_score_tomorrow": 0.34282644162078002, "risk_tier_tomorrow": "Medium", "dynamic_risk_score": 0.36086255813798473, "risk_tier": "Medium" }, "geometry": { "type": "Polygon", "coordinates": [ [ [ 3.560953333096497, 6.47695758034066 ], [ 3.560963328373993, 6.486003300022206 ], [ 3.570007136506501, 6.485993214881423 ], [ 3.569996980106996, 6.476947509380993 ], [ 3.560953333096497, 6.47695758034066 ] ] ] } },
{ "type": "Feature", "properties": { "mean_susceptibility": 0.92620864245435253, "mean_effective_drainage_score": 0.81552160613588143, "building_count": 62.0, "area_name": "Langbasa", "rain_mm_yesterday": 9.7, "forecast_rain_mm_today": 0.2, "forecast_rain_mm_tomorrow": 3.6, "et0_mm_yesterday": 3.17, "et0_mm_today": 4.52, "et0_mm_tomorrow": 3.2, "rolling_2day_rain_mm_today": 4.0223917056626339, "dynamic_risk_score_today": 0.33002062819200584, "risk_tier_today": "Medium", "rolling_2day_rain_mm_tomorrow": 3.6, "dynamic_risk_score_tomorrow": 0.32454350831600509, "risk_tier_tomorrow": "Medium", "dynamic_risk_score": 0.33002062819200584, "risk_tier": "Medium" }, "geometry": { "type": "Polygon", "coordinates": [ [ [ 3.570007136506501, 6.485993214881423 ], [ 3.570017307382581, 6.495038917146645 ], [ 3.579061262388906, 6.495028656327146 ], [ 3.579050930162432, 6.485982968470303 ], [ 3.570007136506501, 6.485993214881423 ] ] ] } },
{ "type": "Feature", "properties": { "mean_susceptibility": 0.66114100514294505, "mean_effective_drainage_score": 0.65059721049011887, "building_count": 402.0, "area_name": "Langbasa", "rain_mm_yesterday": 9.7, "forecast_rain_mm_today": 0.2, "forecast_rain_mm_tomorrow": 3.6, "et0_mm_yesterday": 3.17, "et0_mm_today": 4.52, "et0_mm_tomorrow": 3.2, "rolling_2day_rain_mm_today": 2.9025550592279066, "dynamic_risk_score_today": 0.225208275913653, "risk_tier_today": "Low", "rolling_2day_rain_mm_tomorrow": 3.6, "dynamic_risk_score_tomorrow": 0.23166380820208787, "risk_tier_tomorrow": "Low", "dynamic_risk_score": 0.225208275913653, "risk_tier": "Low" }, "geometry": { "type": "Polygon", "coordinates": [ [ [ 3.579050930162432, 6.485982968470303 ], [ 3.579061262388906, 6.495028656327146 ], [ 3.588105202687709, 6.495018234011812 ], [ 3.588094709112133, 6.485972560790122 ], [ 3.579050930162432, 6.485982968470303 ] ] ] } },
{ "type": "Feature", "properties": { "mean_susceptibility": 0.74616829277738428, "mean_effective_drainage_score": 0.7533946835651002, "building_count": 571.0, "area_name": "Langbasa", "rain_mm_yesterday": 9.7, "forecast_rain_mm_today": 0.2, "forecast_rain_mm_tomorrow": 3.6, "et0_mm_yesterday": 3.17, "et0_mm_today": 4.52, "et0_mm_tomorrow": 3.2, "rolling_2day_rain_mm_today": 3.6005499014070299, "dynamic_risk_score_today": 0.26146311425511248, "risk_tier_today": "Medium", "rolling_2day_rain_mm_tomorrow": 3.6, "dynamic_risk_score_tomorrow": 0.26145736978919543, "risk_tier_tomorrow": "Medium", "dynamic_risk_score": 0.26146311425511248, "risk_tier": "Medium" }, "geometry": { "type": "Polygon", "coordinates": [ [ [ 3.588105202687709, 6.495018234011812 ], [ 3.58811571120048, 6.504063903992869 ], [ 3.597159798139546, 6.504053305320558 ], [ 3.597149128049315, 6.495007650201934 ], [ 3.588105202687709, 6.495018234011812 ] ] ] } },
{ "type": "Feature", "properties": { "mean_susceptibility": 0.72547757760789822, "mean_effective_drainage_score": 0.8301597953403661, "building_count": 75.0, "area_name": "Langbasa", "rain_mm_yesterday": 9.7, "forecast_rain_mm_today": 0.2, "forecast_rain_mm_tomorrow": 3.6, "et0_mm_yesterday": 3.17, "et0_mm_today": 4.52, "et0_mm_tomorrow": 3.2, "rolling_2day_rain_mm_today": 4.1217850103610854, "dynamic_risk_score_today": 0.25950694974869171, "risk_tier_today": "Medium", "rolling_2day_rain_mm_tomorrow": 3.6, "dynamic_risk_score_tomorrow": 0.25420734319380744, "risk_tier_tomorrow": "Medium", "dynamic_risk_score": 0.25950694974869171, "risk_tier": "Medium" }, "geometry": { "type": "Polygon", "coordinates": [ [ [ 3.579061262388906, 6.495028656327146 ], [ 3.579071609322903, 6.504074340943856 ], [ 3.58811571120048, 6.504063903992869 ], [ 3.588105202687709, 6.495018234011812 ], [ 3.579061262388906, 6.495028656327146 ] ] ] } },
{ "type": "Feature", "properties": { "mean_susceptibility": 0.88192771759204858, "mean_effective_drainage_score": 1.0, "building_count": 2.0, "area_name": "Langbasa", "rain_mm_yesterday": 9.7, "forecast_rain_mm_today": 0.2, "forecast_rain_mm_tomorrow": 3.6, "et0_mm_yesterday": 3.17, "et0_mm_today": 4.52, "et0_mm_tomorrow": 3.2, "rolling_2day_rain_mm_today": 5.275, "dynamic_risk_score_today": 0.32970867722178732, "risk_tier_today": "Medium", "rolling_2day_rain_mm_tomorrow": 3.6, "dynamic_risk_score_tomorrow": 0.30902747224425386, "risk_tier_tomorrow": "Medium", "dynamic_risk_score": 0.32970867722178732, "risk_tier": "Medium" }, "geometry": { "type": "Polygon", "coordinates": [ [ [ 3.579071609322903, 6.504074340943856 ], [ 3.579081970965717, 6.513120022315999 ], [ 3.588126234651761, 6.513109570728856 ], [ 3.58811571120048, 6.504063903992869 ], [ 3.579071609322903, 6.504074340943856 ] ] ] } },
{ "type": "Feature", "properties": { "mean_susceptibility": 0.83169898601043124, "mean_effective_drainage_score": 0.61143054226793436, "building_count": 92.0, "area_name": "Langbasa", "rain_mm_yesterday": 9.7, "forecast_rain_mm_today": 0.2, "forecast_rain_mm_tomorrow": 3.6, "et0_mm_yesterday": 3.17, "et0_mm_today": 4.52, "et0_mm_tomorrow": 3.2, "rolling_2day_rain_mm_today": 2.6366133819992736, "dynamic_risk_score_today": 0.28020985727147396, "risk_tier_today": "Medium", "rolling_2day_rain_mm_tomorrow": 3.6, "dynamic_risk_score_tomorrow": 0.2914273246980551, "risk_tier_tomorrow": "Medium", "dynamic_risk_score": 0.28020985727147396, "risk_tier": "Medium" }, "geometry": { "type": "Polygon", "coordinates": [ [ [ 3.58811571120048, 6.504063903992869 ], [ 3.588126234651761, 6.513109570728856 ], [ 3.597170483397979, 6.513098957193603 ], [ 3.597159798139546, 6.504053305320558 ], [ 3.58811571120048, 6.504063903992869 ] ] ] } },
{ "type": "Feature", "properties": { "mean_susceptibility": 0.97228916194757675, "mean_effective_drainage_score": 1.0, "building_count": 1.0, "area_name": "Langbasa", "rain_mm_yesterday": 9.7, "forecast_rain_mm_today": 0.2, "forecast_rain_mm_tomorrow": 3.6, "et0_mm_yesterday": 3.16, "et0_mm_today": 4.52, "et0_mm_tomorrow": 3.2, "rolling_2day_rain_mm_today": 5.285, "dynamic_risk_score_today": 0.36362642367677422, "risk_tier_today": "Medium", "rolling_2day_rain_mm_tomorrow": 3.6, "dynamic_risk_score_tomorrow": 0.34069012234643092, "risk_tier_tomorrow": "Medium", "dynamic_risk_score": 0.36362642367677422, "risk_tier": "Medium" }, "geometry": { "type": "Polygon", "coordinates": [ [ [ 3.579081970965717, 6.513120022315999 ], [ 3.579071609322903, 6.504074340943856 ], [ 3.570027492736509, 6.504084616172226 ], [ 3.570029055425953, 6.50547131689429 ], [ 3.570574045000058, 6.507624150000026 ], [ 3.573254706631767, 6.513126670529744 ], [ 3.579081970965717, 6.513120022315999 ] ] ] } },
{ "type": "Feature", "properties": { "mean_susceptibility": 0.75976506690772838, "mean_effective_drainage_score": 0.69017570329864053, "building_count": 15.0, "area_name": "Badore", "rain_mm_yesterday": 9.7, "forecast_rain_mm_today": 0.2, "forecast_rain_mm_tomorrow": 3.6, "et0_mm_yesterday": 3.17, "et0_mm_today": 4.52, "et0_mm_tomorrow": 3.2, "rolling_2day_rain_mm_today": 3.1712930253977687, "dynamic_risk_score_today": 0.26166164727907337, "risk_tier_today": "Medium", "rolling_2day_rain_mm_tomorrow": 3.6, "dynamic_risk_score_tomorrow": 0.26622167944446806, "risk_tier_tomorrow": "Medium", "dynamic_risk_score": 0.26166164727907337, "risk_tier": "Medium" }, "geometry": { "type": "Polygon", "coordinates": [ [ [ 3.624269673255607, 6.485929317404896 ], [ 3.615225955427336, 6.485940370148215 ], [ 3.615230362727927, 6.489573562804774 ], [ 3.615266084000154, 6.489586830000122 ], [ 3.618068933000131, 6.49184322400015 ], [ 3.620616912000059, 6.492493154000099 ], [ 3.624276300283113, 6.491312478189723 ], [ 3.624269673255607, 6.485929317404896 ] ] ] } },
{ "type": "Feature", "properties": { "mean_susceptibility": 0.64475500702701116, "mean_effective_drainage_score": 0.62731443051327673, "building_count": 230.0, "area_name": "Badore", "rain_mm_yesterday": 9.7, "forecast_rain_mm_today": 0.2, "forecast_rain_mm_tomorrow": 3.6, "et0_mm_yesterday": 3.17, "et0_mm_today": 4.52, "et0_mm_tomorrow": 3.2, "rolling_2day_rain_mm_today": 2.7444649831851491, "dynamic_risk_score_today": 0.21819960766136837, "risk_tier_today": "Low", "rolling_2day_rain_mm_tomorrow": 3.6, "dynamic_risk_score_tomorrow": 0.22592215446226471, "risk_tier_tomorrow": "Low", "dynamic_risk_score": 0.21819960766136837, "risk_tier": "Low" }, "geometry": { "type": "Polygon", "coordinates": [ [ [ 3.606193038244056, 6.494996904898826 ], [ 3.606203869910412, 6.504042544928238 ], [ 3.614549535906749, 6.504032471995238 ], [ 3.612694978000036, 6.501843930000176 ], [ 3.610328912000056, 6.498195170999962 ], [ 3.607513194678337, 6.494995322878171 ], [ 3.606193038244056, 6.494996904898826 ] ] ] } },
{ "type": "Feature", "properties": { "mean_susceptibility": 0.63486370176347273, "mean_effective_drainage_score": 0.66640609122426375, "building_count": 442.0, "area_name": "Badore", "rain_mm_yesterday": 9.7, "forecast_rain_mm_today": 0.2, "forecast_rain_mm_tomorrow": 3.6, "et0_mm_yesterday": 3.17, "et0_mm_today": 4.52, "et0_mm_tomorrow": 3.2, "rolling_2day_rain_mm_today": 3.0098973594127507, "dynamic_risk_score_today": 0.21721135464239016, "risk_tier_today": "Low", "rolling_2day_rain_mm_tomorrow": 3.6, "dynamic_risk_score_tomorrow": 0.22245624109792084, "risk_tier_tomorrow": "Low", "dynamic_risk_score": 0.21721135464239016, "risk_tier": "Low" }, "geometry": { "type": "Polygon", "coordinates": [ [ [ 3.597149128049315, 6.495007650201934 ], [ 3.597159798139546, 6.504053305320558 ], [ 3.606203869910412, 6.504042544928238 ], [ 3.606193038244056, 6.494996904898826 ], [ 3.597149128049315, 6.495007650201934 ] ] ] } },
{ "type": "Feature", "properties": { "mean_susceptibility": 0.60966216340979318, "mean_effective_drainage_score": 0.34670945778059942, "building_count": 614.0, "area_name": "Badore", "rain_mm_yesterday": 9.7, "forecast_rain_mm_today": 0.2, "forecast_rain_mm_tomorrow": 3.6, "et0_mm_yesterday": 3.17, "et0_mm_today": 4.52, "et0_mm_tomorrow": 3.2, "rolling_2day_rain_mm_today": 0.83915721833026935, "dynamic_risk_score_today": 0.19006108269529243, "risk_tier_today": "Low", "rolling_2day_rain_mm_tomorrow": 3.6, "dynamic_risk_score_tomorrow": 0.21362562205879154, "risk_tier_tomorrow": "Low", "dynamic_risk_score": 0.19006108269529243, "risk_tier": "Low" }, "geometry": { "type": "Polygon", "coordinates": [ [ [ 3.615249537317365, 6.505356158571612 ], [ 3.614811897000152, 6.504342079000025 ], [ 3.614549535906749, 6.504032471995238 ], [ 3.606203869910412, 6.504042544928238 ], [ 3.606214716974659, 6.513088181711556 ], [ 3.614976271119879, 6.513077588569486 ], [ 3.615257924401658, 6.512247279450106 ], [ 3.615249537317365, 6.505356158571612 ] ] ] } },
{ "type": "Feature", "properties": { "mean_susceptibility": 0.6747139671228789, "mean_effective_drainage_score": 0.40827342675812722, "building_count": 468.0, "area_name": "Badore", "rain_mm_yesterday": 9.7, "forecast_rain_mm_today": 0.2, "forecast_rain_mm_tomorrow": 3.6, "et0_mm_yesterday": 3.17, "et0_mm_today": 4.52, "et0_mm_tomorrow": 3.2, "rolling_2day_rain_mm_today": 1.2571765676876836, "dynamic_risk_score_today": 0.21428947438788248, "risk_tier_today": "Low", "rolling_2day_rain_mm_tomorrow": 3.6, "dynamic_risk_score_tomorrow": 0.23641977407985681, "risk_tier_tomorrow": "Low", "dynamic_risk_score": 0.21428947438788248, "risk_tier": "Low" }, "geometry": { "type": "Polygon", "coordinates": [ [ [ 3.597159798139546, 6.504053305320558 ], [ 3.597170483397979, 6.513098957193603 ], [ 3.606214716974659, 6.513088181711556 ], [ 3.606203869910412, 6.504042544928238 ], [ 3.597159798139546, 6.504053305320558 ] ] ] } },
{ "type": "Feature", "properties": { "mean_susceptibility": 0.68097256816662188, "mean_effective_drainage_score": 0.20243142041655485, "building_count": 1.0, "area_name": "Badore", "rain_mm_yesterday": 9.7, "forecast_rain_mm_today": 0.2, "forecast_rain_mm_tomorrow": 3.6, "et0_mm_yesterday": 3.17, "et0_mm_today": 4.52, "et0_mm_tomorrow": 3.2, "rolling_2day_rain_mm_today": 0.2, "dynamic_risk_score_today": 0.20619849364085308, "risk_tier_today": "Low", "rolling_2day_rain_mm_tomorrow": 3.6, "dynamic_risk_score_tomorrow": 0.23861278788558427, "risk_tier_tomorrow": "Low", "dynamic_risk_score": 0.20619849364085308, "risk_tier": "Low" }, "geometry": { "type": "Polygon", "coordinates": [ [ [ 3.597170483397979, 6.513098957193603 ], [ 3.597181183825948, 6.522144605816635 ], [ 3.606225579438153, 6.522133815244343 ], [ 3.606214716974659, 6.513088181711556 ], [ 3.597170483397979, 6.513098957193603 ] ] ] } }
]
}
