{
"type": "FeatureCollection",
"name": "etiosa_drainage_polygons",
"crs": { "type": "name", "properties": { "name": "urn:ogc:def:crs:OGC:1.3:CRS84" } },
"features": [
{ "type": "Feature", "properties": { "element": "way", "id": 893057173, "intermittent": null, "name": null, "natural": "water", "source": null, "tidal": null, "water": null, "waterway": null, "wikidata": null, "wikipedia": null, "layer": null, "tunnel": null, "type": null, "GNS:dsg_code": null, "GNS:dsg_string": null, "GNS:id": null, "is_in:country": null, "name:ar": null, "name:de": null, "name:en": null, "name:eo": null, "name:es": null, "name:fr": null, "name:pt": null, "name:sw": null }, "geometry": { "type": "Polygon", "coordinates": [ [ [ 3.4052872, 6.4047026 ], [ 3.4051328, 6.4047631 ], [ 3.404941, 6.4048281 ], [ 3.4031631, 6.404963 ], [ 3.4031444, 6.4048514 ], [ 3.4028964, 6.40487 ], [ 3.4025923, 6.4049118 ], [ 3.4025408, 6.4049304 ], [ 3.4026531, 6.4058696 ], [ 3.402859, 6.4057813 ], [ 3.4030883, 6.4056279 ], [ 3.4031725, 6.4054977 ], [ 3.4031912, 6.4053675 ], [ 3.4031771, 6.4052187 ], [ 3.4034953, 6.4051908 ], [ 3.4036684, 6.4051257 ], [ 3.4049691, 6.4050699 ], [ 3.4051749, 6.4051071 ], [ 3.40532, 6.4051815 ], [ 3.4055118, 6.4052931 ], [ 3.4056615, 6.4054698 ], [ 3.4057925, 6.4056604 ], [ 3.4059423, 6.4058231 ], [ 3.4061434, 6.4059533 ], [ 3.4064008, 6.4060649 ], [ 3.4067096, 6.40613 ], [ 3.4069762, 6.4061393 ], [ 3.4071026, 6.4061765 ], [ 3.4072804, 6.4062509 ], [ 3.4074207, 6.4063811 ], [ 3.4075236, 6.4065206 ], [ 3.4087638, 6.409045 ], [ 3.4106337, 6.4128505 ], [ 3.4106467, 6.4129453 ], [ 3.4106221, 6.4130401 ], [ 3.4104465, 6.4131436 ], [ 3.4102495, 6.4131856 ], [ 3.4072834, 6.4146242 ], [ 3.4071894, 6.4144025 ], [ 3.4061958, 6.4148943 ], [ 3.4061685, 6.4149646 ], [ 3.4060675, 6.4150252 ], [ 3.4061687, 6.4152309 ], [ 3.4062538, 6.4154162 ], [ 3.4076074, 6.4147614 ], [ 3.4108018, 6.4131909 ], [ 3.4109448, 6.4131112 ], [ 3.4119033, 6.4126199 ], [ 3.4123276, 6.4124634 ], [ 3.4126348, 6.4123975 ], [ 3.4131065, 6.41234 ], [ 3.4136444, 6.4123809 ], [ 3.4141272, 6.4124998 ], [ 3.4160195, 6.4132255 ], [ 3.4185784, 6.4142346 ], [ 3.4219764, 6.4155843 ], [ 3.4231081, 6.4160345 ], [ 3.4241927, 6.4163433 ], [ 3.4260819, 6.4168649 ], [ 3.4272201, 6.4171559 ], [ 3.4280959, 6.4173453 ], [ 3.4280844, 6.4173959 ], [ 3.4285902, 6.4175084 ], [ 3.4286016, 6.4174579 ], [ 3.4291902, 6.4175836 ], [ 3.4297341, 6.4176954 ], [ 3.4302546, 6.4177775 ], [ 3.4307782, 6.4178472 ], [ 3.4313438, 6.4178783 ], [ 3.4319094, 6.4178784 ], [ 3.4319144, 6.4177026 ], [ 3.4313625, 6.417698 ], [ 3.4307982, 6.4176469 ], [ 3.43029, 6.4175819 ], [ 3.4297693, 6.4174922 ], [ 3.4292338, 6.4173869 ], [ 3.4272771, 6.4169375 ], [ 3.426134, 6.4166719 ], [ 3.4242386, 6.4161655 ], [ 3.4231567, 6.4158428 ], [ 3.4221967, 6.4154936 ], [ 3.4186141, 6.4140883 ], [ 3.4157549, 6.4129493 ], [ 3.4141927, 6.4123395 ], [ 3.4136749, 6.4122159 ], [ 3.4130725, 6.4121895 ], [ 3.4125114, 6.4122369 ], [ 3.4120949, 6.4123789 ], [ 3.4118024, 6.4125044 ], [ 3.4111624, 6.4127953 ], [ 3.4109594, 6.4128618 ], [ 3.4108579, 6.4128439 ], [ 3.4107564, 6.4127887 ], [ 3.408899, 6.4089643 ], [ 3.4077155, 6.4065578 ], [ 3.4076359, 6.4063532 ], [ 3.4076172, 6.4061393 ], [ 3.4076712, 6.4058735 ], [ 3.4077893, 6.4056738 ], [ 3.4079292, 6.4054857 ], [ 3.4080115, 6.4053166 ], [ 3.4080746, 6.4050958 ], [ 3.4080938, 6.4048558 ], [ 3.4080774, 6.404605 ], [ 3.408039, 6.404436 ], [ 3.4079484, 6.4042206 ], [ 3.4077234, 6.4043651 ], [ 3.4077042, 6.404425 ], [ 3.407578, 6.404515 ], [ 3.4076301, 6.4046813 ], [ 3.4076494, 6.4048313 ], [ 3.4076384, 6.4050113 ], [ 3.407578, 6.4051858 ], [ 3.4075012, 6.4053357 ], [ 3.4073873, 6.4054639 ], [ 3.4072501, 6.4055702 ], [ 3.4070814, 6.4056493 ], [ 3.4069223, 6.4056806 ], [ 3.4066918, 6.4056888 ], [ 3.4065162, 6.4056425 ], [ 3.4063543, 6.4055648 ], [ 3.4062144, 6.4054584 ], [ 3.4061115, 6.4053412 ], [ 3.406047, 6.4052308 ], [ 3.4060237, 6.4051803 ], [ 3.4059702, 6.4051994 ], [ 3.4059428, 6.4051394 ], [ 3.4061142, 6.4050644 ], [ 3.4061417, 6.4051203 ], [ 3.4060758, 6.4051503 ], [ 3.4060937, 6.4051967 ], [ 3.406154, 6.4053044 ], [ 3.4062501, 6.4054175 ], [ 3.4063763, 6.405513 ], [ 3.4065286, 6.4055852 ], [ 3.4066918, 6.4056288 ], [ 3.406899, 6.4056261 ], [ 3.4070485, 6.4055934 ], [ 3.407187, 6.4055334 ], [ 3.4063337, 6.4042178 ], [ 3.4062391, 6.4042914 ], [ 3.4061444, 6.404406 ], [ 3.4060827, 6.4045191 ], [ 3.4060415, 6.4046391 ], [ 3.4061019, 6.4046595 ], [ 3.4060882, 6.4047209 ], [ 3.4058974, 6.4046744 ], [ 3.4059171, 6.4046025 ], [ 3.405986, 6.4046221 ], [ 3.4060287, 6.4044888 ], [ 3.4060882, 6.4043814 ], [ 3.4061915, 6.40425 ], [ 3.4063239, 6.4041353 ], [ 3.4065057, 6.4040374 ], [ 3.4067709, 6.4039874 ], [ 3.4069981, 6.4040103 ], [ 3.4071834, 6.4040661 ], [ 3.4073693, 6.4042005 ], [ 3.4074408, 6.4042778 ], [ 3.4075478, 6.4042042 ], [ 3.4076329, 6.4042178 ], [ 3.4078496, 6.4040788 ], [ 3.4078044, 6.4040284 ], [ 3.4076453, 6.4038657 ], [ 3.4074535, 6.4037123 ], [ 3.4072289, 6.40361 ], [ 3.4070417, 6.4035635 ], [ 3.4067844, 6.4035356 ], [ 3.4065411, 6.4035588 ], [ 3.4063306, 6.4036053 ], [ 3.4061388, 6.4036983 ], [ 3.4059563, 6.4038239 ], [ 3.4058066, 6.403968 ], [ 3.4056662, 6.4041679 ], [ 3.4055773, 6.4043632 ], [ 3.4055025, 6.404498 ], [ 3.4054048, 6.4046154 ], [ 3.4052872, 6.4047026 ] ] ] } },
{ "type": "Feature", "properties": { "element": "way", "id": 1434388169, "intermittent": null, "name": null, "natural": "water", "source": null, "tidal": null, "water": null, "waterway": null, "wikidata": null, "wikipedia": null, "layer": null, "tunnel": null, "type": null, "GNS:dsg_code": null, "GNS:dsg_string": null, "GNS:id": null, "is_in:country": null, "name:ar": null, "name:de": null, "name:en": null, "name:eo": null, "name:es": null, "name:fr": null, "name:pt": null, "name:sw": null }, "geometry": { "type": "Polygon", "coordinates": [ [ [ 3.4401666, 6.4227737 ], [ 3.4368249, 6.4227737 ], [ 3.4363382, 6.4228059 ], [ 3.4345098, 6.4228389 ], [ 3.4340203, 6.4228403 ], [ 3.4334288, 6.4228366 ], [ 3.4334057, 6.4229566 ], [ 3.4331396, 6.4229463 ], [ 3.4330656, 6.4230356 ], [ 3.4331112, 6.4231817 ], [ 3.4333021, 6.4231519 ], [ 3.4335357, 6.4231613 ], [ 3.4339524, 6.4233182 ], [ 3.4341172, 6.4232514 ], [ 3.4343794, 6.4231475 ], [ 3.4345193, 6.4232024 ], [ 3.4347015, 6.4232749 ], [ 3.4355055, 6.4234828 ], [ 3.4368582, 6.4233462 ], [ 3.4373602, 6.4235475 ], [ 3.4381713, 6.4237409 ], [ 3.4386904, 6.4237409 ], [ 3.4396799, 6.4234346 ], [ 3.4404586, 6.4230477 ], [ 3.4401666, 6.4227737 ] ] ] } },
{ "type": "Feature", "properties": { "element": "way", "id": 88264233, "intermittent": null, "name": "Kuramo Waters", "natural": "water", "source": null, "tidal": null, "water": null, "waterway": null, "wikidata": null, "wikipedia": null, "layer": null, "tunnel": null, "type": null, "GNS:dsg_code": null, "GNS:dsg_string": null, "GNS:id": null, "is_in:country": null, "name:ar": null, "name:de": null, "name:en": null, "name:eo": null, "name:es": null, "name:fr": null, "name:pt": null, "name:sw": null }, "geometry": { "type": "Polygon", "coordinates": [ [ [ 3.4354903, 6.4241395 ], [ 3.4350993, 6.4240101 ], [ 3.4347084, 6.4240097 ], [ 3.4344052, 6.4238997 ], [ 3.4341183, 6.4238784 ], [ 3.4338847, 6.4236846 ], [ 3.4333591, 6.423664 ], [ 3.4330266, 6.4237244 ], [ 3.4325906, 6.4236841 ], [ 3.4321933, 6.4237203 ], [ 3.4318877, 6.4237081 ], [ 3.4317605, 6.4235328 ], [ 3.4313452, 6.4235041 ], [ 3.4311491, 6.4235223 ], [ 3.4310481, 6.4235387 ], [ 3.4306853, 6.4234931 ], [ 3.4303737, 6.4235347 ], [ 3.4303277, 6.4236245 ], [ 3.4303562, 6.4237469 ], [ 3.4302315, 6.4238022 ], [ 3.4300086, 6.4237978 ], [ 3.429915, 6.4236599 ], [ 3.4297414, 6.4235406 ], [ 3.4295871, 6.4233435 ], [ 3.4294909, 6.4231306 ], [ 3.4293596, 6.4230764 ], [ 3.4292403, 6.4231486 ], [ 3.4293005, 6.4232664 ], [ 3.4293871, 6.4233196 ], [ 3.4293738, 6.4233859 ], [ 3.4292902, 6.4234519 ], [ 3.4293083, 6.4237189 ], [ 3.4294537, 6.4238366 ], [ 3.4294991, 6.4239599 ], [ 3.4296149, 6.4239066 ], [ 3.4296852, 6.4239603 ], [ 3.4298164, 6.4240099 ], [ 3.4298313, 6.4241132 ], [ 3.4297931, 6.4242194 ], [ 3.4294787, 6.4245202 ], [ 3.4294778, 6.4246199 ], [ 3.4294776, 6.4246425 ], [ 3.4297248, 6.4246411 ], [ 3.4298113, 6.4246589 ], [ 3.4298699, 6.4247013 ], [ 3.4299809, 6.4247942 ], [ 3.4308709, 6.4257487 ], [ 3.4309409, 6.4257594 ], [ 3.4310139, 6.4257595 ], [ 3.4310999, 6.4257641 ], [ 3.4311783, 6.4257751 ], [ 3.4312668, 6.4258037 ], [ 3.4313393, 6.425855 ], [ 3.4314041, 6.4259261 ], [ 3.4314497, 6.4259865 ], [ 3.431489, 6.426063 ], [ 3.4315191, 6.4261487 ], [ 3.4316163, 6.4262599 ], [ 3.4319808, 6.4262715 ], [ 3.4323642, 6.4261974 ], [ 3.432429, 6.4262739 ], [ 3.4329802, 6.4261254 ], [ 3.4338767, 6.425921 ], [ 3.4346997, 6.4255705 ], [ 3.4354356, 6.425131 ], [ 3.4358795, 6.4250829 ], [ 3.4366155, 6.4249448 ], [ 3.4368748, 6.4247964 ], [ 3.4370732, 6.4247519 ], [ 3.4373507, 6.4246973 ], [ 3.4373946, 6.4245809 ], [ 3.437041, 6.4244122 ], [ 3.43664, 6.4243669 ], [ 3.4363451, 6.4243443 ], [ 3.4361606, 6.4241846 ], [ 3.4354903, 6.4241395 ] ] ] } },
{ "type": "Feature", "properties": { "element": "way", "id": 604051576, "intermittent": null, "name": null, "natural": "water", "source": null, "tidal": null, "water": null, "waterway": null, "wikidata": null, "wikipedia": null, "layer": null, "tunnel": null, "type": null, "GNS:dsg_code": null, "GNS:dsg_string": null, "GNS:id": null, "is_in:country": null, "name:ar": null, "name:de": null, "name:en": null, "name:eo": null, "name:es": null, "name:fr": null, "name:pt": null, "name:sw": null }, "geometry": { "type": "Polygon", "coordinates": [ [ [ 3.533603, 6.4266817 ], [ 3.535221, 6.4266211 ], [ 3.5356316, 6.4265524 ], [ 3.5358878, 6.4264797 ], [ 3.5360016, 6.4263746 ], [ 3.536087, 6.4262454 ], [ 3.536091, 6.4260797 ], [ 3.5360585, 6.4259504 ], [ 3.5359772, 6.4258171 ], [ 3.5357739, 6.4256959 ], [ 3.5355463, 6.4256677 ], [ 3.5349934, 6.4255828 ], [ 3.533603, 6.4256232 ], [ 3.5332127, 6.4257161 ], [ 3.5329932, 6.4259383 ], [ 3.5329566, 6.4261565 ], [ 3.5330013, 6.4263585 ], [ 3.5331111, 6.4265241 ], [ 3.5331883, 6.426609 ], [ 3.5333082, 6.4266675 ], [ 3.5334607, 6.4266776 ], [ 3.533603, 6.4266817 ] ] ] } },
{ "type": "Feature", "properties": { "element": "way", "id": 796421396, "intermittent": null, "name": "Koi Pond", "natural": "water", "source": null, "tidal": null, "water": "pond", "waterway": null, "wikidata": null, "wikipedia": null, "layer": null, "tunnel": null, "type": null, "GNS:dsg_code": null, "GNS:dsg_string": null, "GNS:id": null, "is_in:country": null, "name:ar": null, "name:de": null, "name:en": null, "name:eo": null, "name:es": null, "name:fr": null, "name:pt": null, "name:sw": null }, "geometry": { "type": "Polygon", "coordinates": [ [ [ 3.5357315, 6.4316682 ], [ 3.5357708, 6.4316771 ], [ 3.5358006, 6.4316752 ], [ 3.5358216, 6.431661 ], [ 3.5358264, 6.4316313 ], [ 3.5358173, 6.4315941 ], [ 3.5357924, 6.4315667 ], [ 3.5357638, 6.4315568 ], [ 3.5357345, 6.4315671 ], [ 3.5357137, 6.4315848 ], [ 3.5356872, 6.4315857 ], [ 3.5356658, 6.4315953 ], [ 3.5356649, 6.4316294 ], [ 3.5356756, 6.4316774 ], [ 3.535695, 6.4316869 ], [ 3.5357146, 6.4316782 ], [ 3.5357315, 6.4316682 ] ] ] } },
{ "type": "Feature", "properties": { "element": "way", "id": 790306537, "intermittent": null, "name": "Tilapia Pond", "natural": "water", "source": null, "tidal": null, "water": "pond", "waterway": null, "wikidata": null, "wikipedia": null, "layer": null, "tunnel": null, "type": null, "GNS:dsg_code": null, "GNS:dsg_string": null, "GNS:id": null, "is_in:country": null, "name:ar": null, "name:de": null, "name:en": null, "name:eo": null, "name:es": null, "name:fr": null, "name:pt": null, "name:sw": null }, "geometry": { "type": "Polygon", "coordinates": [ [ [ 3.5353039, 6.4319716 ], [ 3.535305, 6.4320249 ], [ 3.5353136, 6.4320964 ], [ 3.5353383, 6.4321839 ], [ 3.5353737, 6.4322544 ], [ 3.5354049, 6.4322853 ], [ 3.5354253, 6.4322853 ], [ 3.5355617, 6.4322287 ], [ 3.535581, 6.4322053 ], [ 3.5355767, 6.4321743 ], [ 3.535566, 6.4321423 ], [ 3.535523, 6.4320676 ], [ 3.5355004, 6.4320463 ], [ 3.5353673, 6.4319844 ], [ 3.5353566, 6.4319663 ], [ 3.5353415, 6.4319567 ], [ 3.5353286, 6.4319545 ], [ 3.5353147, 6.4319577 ], [ 3.5353039, 6.4319716 ] ] ] } },
{ "type": "Feature", "properties": { "element": "way", "id": 294887119, "intermittent": null, "name": null, "natural": "water", "source": null, "tidal": null, "water": null, "waterway": null, "wikidata": null, "wikipedia": null, "layer": null, "tunnel": null, "type": null, "GNS:dsg_code": null, "GNS:dsg_string": null, "GNS:id": null, "is_in:country": null, "name:ar": null, "name:de": null, "name:en": null, "name:eo": null, "name:es": null, "name:fr": null, "name:pt": null, "name:sw": null }, "geometry": { "type": "Polygon", "coordinates": [ [ [ 3.5299517, 6.4368706 ], [ 3.5301982, 6.4368917 ], [ 3.5304164, 6.4368667 ], [ 3.5306065, 6.4367989 ], [ 3.5307917, 6.4366989 ], [ 3.5309589, 6.436571 ], [ 3.5310776, 6.4364107 ], [ 3.531151, 6.4362558 ], [ 3.5311858, 6.4360787 ], [ 3.5311939, 6.4359032 ], [ 3.5311692, 6.4357238 ], [ 3.5311007, 6.435527 ], [ 3.5309506, 6.4353234 ], [ 3.5308327, 6.4351458 ], [ 3.5307186, 6.4349431 ], [ 3.5306329, 6.4347368 ], [ 3.5305863, 6.4345057 ], [ 3.5305579, 6.4342746 ], [ 3.5305795, 6.4340222 ], [ 3.5306298, 6.4337768 ], [ 3.5307298, 6.433503 ], [ 3.5308336, 6.433215 ], [ 3.5309124, 6.4329235 ], [ 3.5309801, 6.4326393 ], [ 3.5310085, 6.4323518 ], [ 3.5310085, 6.4319977 ], [ 3.5309624, 6.4317525 ], [ 3.5308625, 6.4315255 ], [ 3.5307515, 6.4313618 ], [ 3.5306144, 6.4312379 ], [ 3.5304815, 6.4311242 ], [ 3.5302874, 6.4310288 ], [ 3.5300614, 6.4309476 ], [ 3.5298184, 6.4309369 ], [ 3.5296016, 6.4309612 ], [ 3.5293654, 6.4310287 ], [ 3.5291619, 6.4311317 ], [ 3.5289796, 6.4312629 ], [ 3.5288326, 6.4314296 ], [ 3.5287301, 6.4315993 ], [ 3.5286477, 6.4318338 ], [ 3.5286012, 6.4320999 ], [ 3.5286131, 6.4324016 ], [ 3.5286745, 6.4326994 ], [ 3.5287602, 6.4329615 ], [ 3.5288419, 6.4331702 ], [ 3.5289868, 6.4334767 ], [ 3.5291263, 6.433733 ], [ 3.5292478, 6.4339715 ], [ 3.529309, 6.4341887 ], [ 3.529352, 6.4344382 ], [ 3.52937, 6.4346587 ], [ 3.5293594, 6.4348721 ], [ 3.5293057, 6.4351315 ], [ 3.5292364, 6.4353635 ], [ 3.5291589, 6.4355756 ], [ 3.5291268, 6.435768 ], [ 3.529134, 6.4359889 ], [ 3.5291667, 6.4361817 ], [ 3.5292528, 6.4363621 ], [ 3.5293748, 6.4365205 ], [ 3.5295264, 6.4366696 ], [ 3.5297399, 6.4367984 ], [ 3.5299517, 6.4368706 ] ] ] } },
{ "type": "Feature", "properties": { "element": "relation", "id": 17721809, "intermittent": null, "name": "Commodore Channel", "natural": "water", "source": null, "tidal": null, "water": null, "waterway": null, "wikidata": null, "wikipedia": null, "layer": null, "tunnel": null, "type": "multipolygon", "GNS:dsg_code": null, "GNS:dsg_string": null, "GNS:id": null, "is_in:country": null, "name:ar": null, "name:de": null, "name:en": null, "name:eo": null, "name:es": null, "name:fr": null, "name:pt": null, "name:sw": null }, "geometry": { "type": "Polygon", "coordinates": [ [ [ 3.4039331, 6.4379559 ], [ 3.4047914, 6.4363454 ], [ 3.4049889, 6.4361255 ], [ 3.4056442, 6.4352857 ], [ 3.4067245, 6.4323724 ], [ 3.4065287, 6.4317301 ], [ 3.4065189, 6.4316979 ], [ 3.4063538, 6.4311565 ], [ 3.4058382, 6.4301006 ], [ 3.4059055, 6.4298127 ], [ 3.4063479, 6.4292137 ], [ 3.4063842, 6.4289742 ], [ 3.4063869, 6.4289561 ], [ 3.4064474, 6.4285566 ], [ 3.4064919, 6.4285403 ], [ 3.4064553, 6.4285047 ], [ 3.4065677, 6.4277664 ], [ 3.4071194, 6.4263121 ], [ 3.4071859, 6.4258685 ], [ 3.4070894, 6.4258353 ], [ 3.4068276, 6.4258116 ], [ 3.4057678, 6.4254428 ], [ 3.4056335, 6.425305 ], [ 3.4055769, 6.4251214 ], [ 3.4053983, 6.4240638 ], [ 3.4054355, 6.4240036 ], [ 3.4054974, 6.4240419 ], [ 3.4056731, 6.4251357 ], [ 3.405719, 6.4252639 ], [ 3.4058393, 6.425371 ], [ 3.4067929, 6.4257031 ], [ 3.4073851, 6.4248062 ], [ 3.4059541, 6.4237183 ], [ 3.4066558, 6.4224632 ], [ 3.4065252, 6.4224452 ], [ 3.4063773, 6.4224541 ], [ 3.4061549, 6.4224951 ], [ 3.4058793, 6.4228356 ], [ 3.4057705, 6.4227681 ], [ 3.40609, 6.4223965 ], [ 3.4064232, 6.4223154 ], [ 3.4068379, 6.4223627 ], [ 3.4071055, 6.4216423 ], [ 3.4075293, 6.4209946 ], [ 3.4075347, 6.4209159 ], [ 3.4072919, 6.4208573 ], [ 3.4072651, 6.4203789 ], [ 3.4073174, 6.4203509 ], [ 3.4073201, 6.4200297 ], [ 3.4072061, 6.420011 ], [ 3.4071927, 6.4197898 ], [ 3.407359, 6.4197552 ], [ 3.4074797, 6.4194806 ], [ 3.4073818, 6.4188649 ], [ 3.4072115, 6.4185371 ], [ 3.4067971, 6.4175935 ], [ 3.4064765, 6.4169578 ], [ 3.4061855, 6.4165087 ], [ 3.4059401, 6.4162195 ], [ 3.405808, 6.4160506 ], [ 3.4058026, 6.4160196 ], [ 3.4058073, 6.4159936 ], [ 3.4058194, 6.415969 ], [ 3.4058543, 6.4159423 ], [ 3.4060227, 6.415807 ], [ 3.4061153, 6.4156833 ], [ 3.4062401, 6.4155145 ], [ 3.4062772, 6.41548 ], [ 3.4062538, 6.4154162 ], [ 3.4061687, 6.4152309 ], [ 3.4060675, 6.4150252 ], [ 3.4060485, 6.4149627 ], [ 3.4059825, 6.4150157 ], [ 3.4058702, 6.4150298 ], [ 3.4057884, 6.4149685 ], [ 3.405582, 6.4148761 ], [ 3.405472, 6.4148215 ], [ 3.405401, 6.4147855 ], [ 3.4053661, 6.4147455 ], [ 3.4053433, 6.4146762 ], [ 3.4053393, 6.4146123 ], [ 3.4053272, 6.4145323 ], [ 3.405236, 6.4141045 ], [ 3.4048766, 6.4131503 ], [ 3.4042463, 6.4116816 ], [ 3.4039727, 6.4110339 ], [ 3.4035623, 6.4099624 ], [ 3.4032968, 6.4092747 ], [ 3.4030044, 6.4081526 ], [ 3.4027764, 6.4071984 ], [ 3.4026369, 6.4065853 ], [ 3.4024774, 6.4062108 ], [ 3.4024599, 6.4061188 ], [ 3.4024706, 6.4060669 ], [ 3.4024908, 6.4060349 ], [ 3.4025404, 6.4059842 ], [ 3.4025632, 6.4059336 ], [ 3.4025739, 6.4058923 ], [ 3.4025645, 6.4057617 ], [ 3.4024901, 6.4051326 ], [ 3.4024807, 6.4050893 ], [ 3.402468, 6.405068 ], [ 3.4024452, 6.4050533 ], [ 3.4024163, 6.4050447 ], [ 3.402366, 6.405026 ], [ 3.4022829, 6.4049807 ], [ 3.4022614, 6.4049247 ], [ 3.402248, 6.4045835 ], [ 3.4022292, 6.403608 ], [ 3.4022239, 6.4025844 ], [ 3.4022775, 6.4016995 ], [ 3.4024936, 6.4003974 ], [ 3.401538408752715, 6.400435466885662 ], [ 3.4015273, 6.4005054 ], [ 3.3980272, 6.4066906 ], [ 3.4019481, 6.4272724 ], [ 3.3998804, 6.4343886 ], [ 3.40189, 6.4361706 ], [ 3.403083781592718, 6.438796273620563 ], [ 3.4039331, 6.4379559 ] ] ] } },
{ "type": "Feature", "properties": { "element": "way", "id": 789351076, "intermittent": null, "name": null, "natural": "water", "source": null, "tidal": null, "water": "wastewater", "waterway": null, "wikidata": null, "wikipedia": null, "layer": null, "tunnel": null, "type": null, "GNS:dsg_code": null, "GNS:dsg_string": null, "GNS:id": null, "is_in:country": null, "name:ar": null, "name:de": null, "name:en": null, "name:eo": null, "name:es": null, "name:fr": null, "name:pt": null, "name:sw": null }, "geometry": { "type": "Polygon", "coordinates": [ [ [ 3.434824, 6.4407163 ], [ 3.4348065, 6.4407169 ], [ 3.4347895, 6.4407234 ], [ 3.4347756, 6.4407351 ], [ 3.4347665, 6.4407507 ], [ 3.434763, 6.4407685 ], [ 3.4347656, 6.4407863 ], [ 3.4347741, 6.4408023 ], [ 3.4347874, 6.4408147 ], [ 3.4348041, 6.4408219 ], [ 3.4348222, 6.4408233 ], [ 3.4348391, 6.4408189 ], [ 3.4348538, 6.4408093 ], [ 3.4348646, 6.4407956 ], [ 3.4348704, 6.4407792 ], [ 3.4348707, 6.4407619 ], [ 3.4348654, 6.4407453 ], [ 3.4348551, 6.4407313 ], [ 3.4348407, 6.4407212 ], [ 3.434824, 6.4407163 ] ] ] } },
{ "type": "Feature", "properties": { "element": "way", "id": 789351077, "intermittent": null, "name": null, "natural": "water", "source": null, "tidal": null, "water": "wastewater", "waterway": null, "wikidata": null, "wikipedia": null, "layer": null, "tunnel": null, "type": null, "GNS:dsg_code": null, "GNS:dsg_string": null, "GNS:id": null, "is_in:country": null, "name:ar": null, "name:de": null, "name:en": null, "name:eo": null, "name:es": null, "name:fr": null, "name:pt": null, "name:sw": null }, "geometry": { "type": "Polygon", "coordinates": [ [ [ 3.4347221, 6.4409912 ], [ 3.4347446, 6.4409714 ], [ 3.4347427, 6.4407977 ], [ 3.4347198, 6.4407783 ], [ 3.4344733, 6.4407808 ], [ 3.4344525, 6.4408006 ], [ 3.4344543, 6.4409744 ], [ 3.4344755, 6.4409938 ], [ 3.4347221, 6.4409912 ] ] ] } },
{ "type": "Feature", "properties": { "element": "way", "id": 787296081, "intermittent": null, "name": null, "natural": "water", "source": null, "tidal": null, "water": null, "waterway": null, "wikidata": null, "wikipedia": null, "layer": null, "tunnel": null, "type": null, "GNS:dsg_code": null, "GNS:dsg_string": null, "GNS:id": null, "is_in:country": null, "name:ar": null, "name:de": null, "name:en": null, "name:eo": null, "name:es": null, "name:fr": null, "name:pt": null, "name:sw": null }, "geometry": { "type": "Polygon", "coordinates": [ [ [ 3.547031, 6.4327754 ], [ 3.5470739, 6.4328661 ], [ 3.5471973, 6.432994 ], [ 3.5472804, 6.4330206 ], [ 3.5473984, 6.432954 ], [ 3.5475272, 6.4328527 ], [ 3.5475755, 6.4327728 ], [ 3.5475621, 6.4326502 ], [ 3.5474789, 6.4325622 ], [ 3.5473663, 6.4325409 ], [ 3.5472724, 6.4325489 ], [ 3.5471383, 6.4325889 ], [ 3.5470471, 6.4326768 ], [ 3.547031, 6.4327754 ] ] ] } },
{ "type": "Feature", "properties": { "element": "relation", "id": 10952460, "intermittent": null, "name": null, "natural": "water", "source": null, "tidal": null, "water": null, "waterway": null, "wikidata": null, "wikipedia": null, "layer": null, "tunnel": null, "type": "multipolygon", "GNS:dsg_code": null, "GNS:dsg_string": null, "GNS:id": null, "is_in:country": null, "name:ar": null, "name:de": null, "name:en": null, "name:eo": null, "name:es": null, "name:fr": null, "name:pt": null, "name:sw": null }, "geometry": { "type": "Polygon", "coordinates": [ [ [ 3.5473153, 6.4487538 ], [ 3.5472536, 6.4489217 ], [ 3.5469854, 6.4495001 ], [ 3.5469398, 6.449644 ], [ 3.5469371, 6.4498225 ], [ 3.5468969, 6.4503609 ], [ 3.5468761, 6.450711 ], [ 3.5469725, 6.4506652 ], [ 3.5470591, 6.4506966 ], [ 3.5470632, 6.450233 ], [ 3.5471088, 6.4499025 ], [ 3.5471517, 6.4494654 ], [ 3.5472482, 6.4492442 ], [ 3.5474494, 6.4487858 ], [ 3.5476881, 6.4480368 ], [ 3.5478383, 6.4474585 ], [ 3.5480905, 6.4461685 ], [ 3.5484338, 6.4443508 ], [ 3.5485089, 6.4436525 ], [ 3.5484338, 6.4430342 ], [ 3.5484499, 6.4422346 ], [ 3.5484874, 6.4419067 ], [ 3.5485545, 6.4415762 ], [ 3.5487878, 6.4413097 ], [ 3.5491312, 6.4411018 ], [ 3.5497212, 6.4408246 ], [ 3.5506412, 6.4405075 ], [ 3.5514808, 6.4400864 ], [ 3.5518536, 6.4398038 ], [ 3.5523565, 6.4394947 ], [ 3.5525912, 6.4391642 ], [ 3.5532349, 6.4384499 ], [ 3.5535058, 6.4380314 ], [ 3.5539243, 6.4372798 ], [ 3.5542193, 6.436219 ], [ 3.5543883, 6.4359605 ], [ 3.5545787, 6.4356087 ], [ 3.5547209, 6.4354967 ], [ 3.5547718, 6.4353181 ], [ 3.5547048, 6.4351449 ], [ 3.5545492, 6.4351502 ], [ 3.5542113, 6.4351129 ], [ 3.5538679, 6.4351449 ], [ 3.5532242, 6.4350383 ], [ 3.5528004, 6.4348517 ], [ 3.5526341, 6.4348944 ], [ 3.5511965, 6.4346438 ], [ 3.5502362, 6.4345639 ], [ 3.5494369, 6.4346012 ], [ 3.549217, 6.4347185 ], [ 3.5490265, 6.4349343 ], [ 3.5488039, 6.4350276 ], [ 3.5484499, 6.4350863 ], [ 3.5467762, 6.4351342 ], [ 3.5457462, 6.4351875 ], [ 3.5454887, 6.4354914 ], [ 3.5459715, 6.4356193 ], [ 3.5463095, 6.4357686 ], [ 3.5467493, 6.4357206 ], [ 3.5469961, 6.4357313 ], [ 3.5473502, 6.4358752 ], [ 3.5475862, 6.4358272 ], [ 3.548187, 6.4355607 ], [ 3.5491794, 6.4351396 ], [ 3.5498714, 6.434969 ], [ 3.5507834, 6.4349797 ], [ 3.5520333, 6.4351716 ], [ 3.5526717, 6.4353208 ], [ 3.553192, 6.4353261 ], [ 3.5535085, 6.4353475 ], [ 3.5535997, 6.4355554 ], [ 3.5534817, 6.4358859 ], [ 3.5534549, 6.436195 ], [ 3.5533744, 6.43684 ], [ 3.5531115, 6.437565 ], [ 3.5526878, 6.4380341 ], [ 3.5516256, 6.4386258 ], [ 3.5499519, 6.4392335 ], [ 3.548761, 6.4399371 ], [ 3.548246, 6.4404488 ], [ 3.5480844, 6.4407196 ], [ 3.5479963, 6.4410485 ], [ 3.5478974, 6.4411445 ], [ 3.5478464, 6.4412831 ], [ 3.5478732, 6.4414589 ], [ 3.5479081, 6.4416535 ], [ 3.547951, 6.4419201 ], [ 3.5481548, 6.4421759 ], [ 3.5482192, 6.442709 ], [ 3.5481763, 6.4435779 ], [ 3.5481602, 6.4442868 ], [ 3.5479456, 6.4456248 ], [ 3.5477793, 6.4466749 ], [ 3.5475111, 6.4479276 ], [ 3.547385, 6.4483087 ], [ 3.5473153, 6.4487538 ] ], [ [ 3.5487047, 6.440718 ], [ 3.54882, 6.4404915 ], [ 3.5497212, 6.4401103 ], [ 3.5503569, 6.4397106 ], [ 3.5513574, 6.4391828 ], [ 3.5521835, 6.4388177 ], [ 3.5528648, 6.4385058 ], [ 3.5529372, 6.4385645 ], [ 3.5525858, 6.4388657 ], [ 3.5518429, 6.4395773 ], [ 3.5512903, 6.4399344 ], [ 3.5506251, 6.4402703 ], [ 3.5500082, 6.4404755 ], [ 3.549622, 6.4406034 ], [ 3.5492358, 6.4407927 ], [ 3.5489917, 6.4409073 ], [ 3.5488281, 6.4409446 ], [ 3.5486966, 6.4409446 ], [ 3.5487047, 6.440718 ] ] ] } },
{ "type": "Feature", "properties": { "element": "way", "id": 317112324, "intermittent": null, "name": null, "natural": "water", "source": null, "tidal": null, "water": "pond", "waterway": null, "wikidata": null, "wikipedia": null, "layer": null, "tunnel": null, "type": null, "GNS:dsg_code": null, "GNS:dsg_string": null, "GNS:id": null, "is_in:country": null, "name:ar": null, "name:de": null, "name:en": null, "name:eo": null, "name:es": null, "name:fr": null, "name:pt": null, "name:sw": null }, "geometry": { "type": "Polygon", "coordinates": [ [ [ 3.5458761, 6.4485708 ], [ 3.5459551, 6.4484518 ], [ 3.5458226, 6.4483986 ], [ 3.5456748, 6.4483632 ], [ 3.5456442, 6.4484721 ], [ 3.5458761, 6.4485708 ] ] ] } },
{ "type": "Feature", "properties": { "element": "way", "id": 317112321, "intermittent": null, "name": null, "natural": "water", "source": null, "tidal": null, "water": "pond", "waterway": null, "wikidata": null, "wikipedia": null, "layer": null, "tunnel": null, "type": null, "GNS:dsg_code": null, "GNS:dsg_string": null, "GNS:id": null, "is_in:country": null, "name:ar": null, "name:de": null, "name:en": null, "name:eo": null, "name:es": null, "name:fr": null, "name:pt": null, "name:sw": null }, "geometry": { "type": "Polygon", "coordinates": [ [ [ 3.5460468, 6.4486898 ], [ 3.5462481, 6.4483708 ], [ 3.5461818, 6.4483201 ], [ 3.5460544, 6.4484569 ], [ 3.5459602, 6.4486316 ], [ 3.5460468, 6.4486898 ] ] ] } },
{ "type": "Feature", "properties": { "element": "way", "id": 317112330, "intermittent": null, "name": null, "natural": "water", "source": null, "tidal": null, "water": "pond", "waterway": null, "wikidata": null, "wikipedia": null, "layer": null, "tunnel": null, "type": null, "GNS:dsg_code": null, "GNS:dsg_string": null, "GNS:id": null, "is_in:country": null, "name:ar": null, "name:de": null, "name:en": null, "name:eo": null, "name:es": null, "name:fr": null, "name:pt": null, "name:sw": null }, "geometry": { "type": "Polygon", "coordinates": [ [ [ 3.5448495, 6.4486871 ], [ 3.5448927, 6.4486593 ], [ 3.5449487, 6.4485758 ], [ 3.544908, 6.448543 ], [ 3.544852, 6.4485303 ], [ 3.5448088, 6.4485935 ], [ 3.5447833, 6.4486492 ], [ 3.5448495, 6.4486871 ] ] ] } },
{ "type": "Feature", "properties": { "element": "way", "id": 317112329, "intermittent": null, "name": null, "natural": "water", "source": null, "tidal": null, "water": "pond", "waterway": null, "wikidata": null, "wikipedia": null, "layer": null, "tunnel": null, "type": null, "GNS:dsg_code": null, "GNS:dsg_string": null, "GNS:id": null, "is_in:country": null, "name:ar": null, "name:de": null, "name:en": null, "name:eo": null, "name:es": null, "name:fr": null, "name:pt": null, "name:sw": null }, "geometry": { "type": "Polygon", "coordinates": [ [ [ 3.5449894, 6.4487756 ], [ 3.5450149, 6.4487326 ], [ 3.5450531, 6.4486593 ], [ 3.5450556, 6.4486138 ], [ 3.5450327, 6.4485935 ], [ 3.5449869, 6.4486214 ], [ 3.544936, 6.4487023 ], [ 3.5449309, 6.4487503 ], [ 3.5449335, 6.4487731 ], [ 3.5449894, 6.4487756 ] ] ] } },
{ "type": "Feature", "properties": { "element": "way", "id": 317112322, "intermittent": null, "name": null, "natural": "water", "source": null, "tidal": null, "water": "pond", "waterway": null, "wikidata": null, "wikipedia": null, "layer": null, "tunnel": null, "type": null, "GNS:dsg_code": null, "GNS:dsg_string": null, "GNS:id": null, "is_in:country": null, "name:ar": null, "name:de": null, "name:en": null, "name:eo": null, "name:es": null, "name:fr": null, "name:pt": null, "name:sw": null }, "geometry": { "type": "Polygon", "coordinates": [ [ [ 3.5454888, 6.4488974 ], [ 3.545527, 6.4486113 ], [ 3.5454098, 6.448586 ], [ 3.5453868, 6.4486721 ], [ 3.5453996, 6.4488569 ], [ 3.5454888, 6.4488974 ] ] ] } },
{ "type": "Feature", "properties": { "element": "way", "id": 317112323, "intermittent": null, "name": null, "natural": "water", "source": null, "tidal": null, "water": "pond", "waterway": null, "wikidata": null, "wikipedia": null, "layer": null, "tunnel": null, "type": null, "GNS:dsg_code": null, "GNS:dsg_string": null, "GNS:id": null, "is_in:country": null, "name:ar": null, "name:de": null, "name:en": null, "name:eo": null, "name:es": null, "name:fr": null, "name:pt": null, "name:sw": null }, "geometry": { "type": "Polygon", "coordinates": [ [ [ 3.5457028, 6.4489405 ], [ 3.5457589, 6.4486113 ], [ 3.545685, 6.4485632 ], [ 3.5456136, 6.4485733 ], [ 3.5455907, 6.4487354 ], [ 3.5455958, 6.4489278 ], [ 3.5457028, 6.4489405 ] ] ] } },
{ "type": "Feature", "properties": { "element": "way", "id": 317112327, "intermittent": null, "name": null, "natural": "water", "source": null, "tidal": null, "water": "pond", "waterway": null, "wikidata": null, "wikipedia": null, "layer": null, "tunnel": null, "type": null, "GNS:dsg_code": null, "GNS:dsg_string": null, "GNS:id": null, "is_in:country": null, "name:ar": null, "name:de": null, "name:en": null, "name:eo": null, "name:es": null, "name:fr": null, "name:pt": null, "name:sw": null }, "geometry": { "type": "Polygon", "coordinates": [ [ [ 3.5450862, 6.4489202 ], [ 3.545211, 6.4487025 ], [ 3.5451448, 6.4486518 ], [ 3.545104, 6.4486518 ], [ 3.5450581, 6.4487556 ], [ 3.5450275, 6.4488594 ], [ 3.5450862, 6.4489202 ] ] ] } },
{ "type": "Feature", "properties": { "element": "way", "id": 317112320, "intermittent": null, "name": null, "natural": "water", "source": null, "tidal": null, "water": "pond", "waterway": null, "wikidata": null, "wikipedia": null, "layer": null, "tunnel": null, "type": null, "GNS:dsg_code": null, "GNS:dsg_string": null, "GNS:id": null, "is_in:country": null, "name:ar": null, "name:de": null, "name:en": null, "name:eo": null, "name:es": null, "name:fr": null, "name:pt": null, "name:sw": null }, "geometry": { "type": "Polygon", "coordinates": [ [ [ 3.5459066, 6.4489886 ], [ 3.5460162, 6.4487328 ], [ 3.5459372, 6.4486873 ], [ 3.5458914, 6.4487025 ], [ 3.5457996, 6.4489379 ], [ 3.5459066, 6.4489886 ] ] ] } },
{ "type": "Feature", "properties": { "element": "way", "id": 317112326, "intermittent": null, "name": null, "natural": "water", "source": null, "tidal": null, "water": "pond", "waterway": null, "wikidata": null, "wikipedia": null, "layer": null, "tunnel": null, "type": null, "GNS:dsg_code": null, "GNS:dsg_string": null, "GNS:id": null, "is_in:country": null, "name:ar": null, "name:de": null, "name:en": null, "name:eo": null, "name:es": null, "name:fr": null, "name:pt": null, "name:sw": null }, "geometry": { "type": "Polygon", "coordinates": [ [ [ 3.5451932, 6.4490038 ], [ 3.5452722, 6.4488873 ], [ 3.5453129, 6.4487784 ], [ 3.5452467, 6.4487303 ], [ 3.5451855, 6.4488265 ], [ 3.5451473, 6.4489683 ], [ 3.5451932, 6.4490038 ] ] ] } },
{ "type": "Feature", "properties": { "element": "way", "id": 317112314, "intermittent": null, "name": null, "natural": "water", "source": null, "tidal": null, "water": "pond", "waterway": null, "wikidata": null, "wikipedia": null, "layer": null, "tunnel": null, "type": null, "GNS:dsg_code": null, "GNS:dsg_string": null, "GNS:id": null, "is_in:country": null, "name:ar": null, "name:de": null, "name:en": null, "name:eo": null, "name:es": null, "name:fr": null, "name:pt": null, "name:sw": null }, "geometry": { "type": "Polygon", "coordinates": [ [ [ 3.5451675, 6.4490303 ], [ 3.5450779, 6.4489556 ], [ 3.5449796, 6.4488781 ], [ 3.5449247, 6.4489154 ], [ 3.5449102, 6.44897 ], [ 3.5450085, 6.4490619 ], [ 3.5450721, 6.4491165 ], [ 3.5451328, 6.4491107 ], [ 3.5451675, 6.4490303 ] ] ] } },
{ "type": "Feature", "properties": { "element": "way", "id": 317112318, "intermittent": null, "name": null, "natural": "water", "source": null, "tidal": null, "water": "pond", "waterway": null, "wikidata": null, "wikipedia": null, "layer": null, "tunnel": null, "type": null, "GNS:dsg_code": null, "GNS:dsg_string": null, "GNS:id": null, "is_in:country": null, "name:ar": null, "name:de": null, "name:en": null, "name:eo": null, "name:es": null, "name:fr": null, "name:pt": null, "name:sw": null }, "geometry": { "type": "Polygon", "coordinates": [ [ [ 3.545438, 6.4491912 ], [ 3.545471, 6.4491584 ], [ 3.5454973, 6.4490634 ], [ 3.5454973, 6.4489613 ], [ 3.5454707, 6.448925 ], [ 3.5454309, 6.448925 ], [ 3.5454143, 6.4489546 ], [ 3.545395, 6.4490488 ], [ 3.5453984, 6.4491682 ], [ 3.545438, 6.4491912 ] ] ] } },
{ "type": "Feature", "properties": { "element": "way", "id": 317112316, "intermittent": null, "name": null, "natural": "water", "source": null, "tidal": null, "water": "pond", "waterway": null, "wikidata": null, "wikipedia": null, "layer": null, "tunnel": null, "type": null, "GNS:dsg_code": null, "GNS:dsg_string": null, "GNS:id": null, "is_in:country": null, "name:ar": null, "name:de": null, "name:en": null, "name:eo": null, "name:es": null, "name:fr": null, "name:pt": null, "name:sw": null }, "geometry": { "type": "Polygon", "coordinates": [ [ [ 3.545333, 6.4491683 ], [ 3.5453493, 6.4490302 ], [ 3.5453125, 6.4490058 ], [ 3.5452757, 6.4490017 ], [ 3.5452389, 6.4489977 ], [ 3.5452062, 6.4490627 ], [ 3.5452022, 6.449148 ], [ 3.545333, 6.4491683 ] ] ] } },
{ "type": "Feature", "properties": { "element": "way", "id": 317112319, "intermittent": null, "name": null, "natural": "water", "source": null, "tidal": null, "water": "pond", "waterway": null, "wikidata": null, "wikipedia": null, "layer": null, "tunnel": null, "type": null, "GNS:dsg_code": null, "GNS:dsg_string": null, "GNS:id": null, "is_in:country": null, "name:ar": null, "name:de": null, "name:en": null, "name:eo": null, "name:es": null, "name:fr": null, "name:pt": null, "name:sw": null }, "geometry": { "type": "Polygon", "coordinates": [ [ [ 3.5455575, 6.4492231 ], [ 3.5455798, 6.4492182 ], [ 3.5455971, 6.4491764 ], [ 3.5456243, 6.449083 ], [ 3.5456317, 6.4490362 ], [ 3.545602, 6.4490067 ], [ 3.5455699, 6.4490264 ], [ 3.5455377, 6.4490977 ], [ 3.5455179, 6.449201 ], [ 3.5455575, 6.4492231 ] ] ] } },
{ "type": "Feature", "properties": { "element": "way", "id": 317112317, "intermittent": null, "name": null, "natural": "water", "source": null, "tidal": null, "water": "pond", "waterway": null, "wikidata": null, "wikipedia": null, "layer": null, "tunnel": null, "type": null, "GNS:dsg_code": null, "GNS:dsg_string": null, "GNS:id": null, "is_in:country": null, "name:ar": null, "name:de": null, "name:en": null, "name:eo": null, "name:es": null, "name:fr": null, "name:pt": null, "name:sw": null }, "geometry": { "type": "Polygon", "coordinates": [ [ [ 3.5456639, 6.4492676 ], [ 3.5457073, 6.4492734 ], [ 3.545742, 6.4492734 ], [ 3.5457594, 6.4491928 ], [ 3.545771, 6.4490835 ], [ 3.5457565, 6.4490433 ], [ 3.5457218, 6.4490404 ], [ 3.5456957, 6.4490375 ], [ 3.5456754, 6.4490692 ], [ 3.5456465, 6.4491439 ], [ 3.545632, 6.449236 ], [ 3.5456639, 6.4492676 ] ] ] } },
{ "type": "Feature", "properties": { "element": "way", "id": 129730331, "intermittent": null, "name": null, "natural": "water", "source": null, "tidal": null, "water": null, "waterway": null, "wikidata": null, "wikipedia": null, "layer": null, "tunnel": null, "type": null, "GNS:dsg_code": null, "GNS:dsg_string": null, "GNS:id": null, "is_in:country": null, "name:ar": null, "name:de": null, "name:en": null, "name:eo": null, "name:es": null, "name:fr": null, "name:pt": null, "name:sw": null }, "geometry": { "type": "Polygon", "coordinates": [ [ [ 3.4254301, 6.4472234 ], [ 3.4255911, 6.4472021 ], [ 3.4259666, 6.4471595 ], [ 3.4260846, 6.4470102 ], [ 3.4261597, 6.4470635 ], [ 3.4261061, 6.4471701 ], [ 3.425988, 6.4472447 ], [ 3.426031, 6.4473407 ], [ 3.4262026, 6.4472447 ], [ 3.4263099, 6.4470528 ], [ 3.426267, 6.4469462 ], [ 3.4260846, 6.4468076 ], [ 3.4260846, 6.4466477 ], [ 3.425988, 6.4465731 ], [ 3.4258164, 6.4465944 ], [ 3.4257198, 6.4467863 ], [ 3.4256125, 6.4468716 ], [ 3.4254945, 6.4467863 ], [ 3.4253765, 6.4469036 ], [ 3.4252263, 6.4471808 ], [ 3.4254301, 6.4472234 ] ] ] } },
{ "type": "Feature", "properties": { "element": "way", "id": 317112315, "intermittent": null, "name": null, "natural": "water", "source": null, "tidal": null, "water": "pond", "waterway": null, "wikidata": null, "wikipedia": null, "layer": null, "tunnel": null, "type": null, "GNS:dsg_code": null, "GNS:dsg_string": null, "GNS:id": null, "is_in:country": null, "name:ar": null, "name:de": null, "name:en": null, "name:eo": null, "name:es": null, "name:fr": null, "name:pt": null, "name:sw": null }, "geometry": { "type": "Polygon", "coordinates": [ [ [ 3.5445235, 6.4484737 ], [ 3.5446462, 6.4485549 ], [ 3.5447239, 6.4485712 ], [ 3.5447647, 6.4485346 ], [ 3.5447893, 6.4484818 ], [ 3.5446625, 6.4484127 ], [ 3.5445767, 6.4483559 ], [ 3.5445154, 6.4483437 ], [ 3.544499, 6.4484127 ], [ 3.5445235, 6.4484737 ] ] ] } },
{ "type": "Feature", "properties": { "element": "relation", "id": 2116206, "intermittent": null, "name": "Five Cowries Creek", "natural": "water", "source": null, "tidal": null, "water": "river", "waterway": null, "wikidata": null, "wikipedia": null, "layer": null, "tunnel": null, "type": "multipolygon", "GNS:dsg_code": null, "GNS:dsg_string": null, "GNS:id": null, "is_in:country": null, "name:ar": null, "name:de": null, "name:en": null, "name:eo": null, "name:es": null, "name:fr": null, "name:pt": null, "name:sw": null }, "geometry": { "type": "Polygon", "coordinates": [ [ [ 3.4058475, 6.4432523 ], [ 3.4059061, 6.4433005 ], [ 3.4061312, 6.4431984 ], [ 3.4061755, 6.4431989 ], [ 3.4067486, 6.4431935 ], [ 3.4085479, 6.4431206 ], [ 3.4089576, 6.4430774 ], [ 3.4094271, 6.4429944 ], [ 3.4094584, 6.4429883 ], [ 3.4094527, 6.4429591 ], [ 3.4095048, 6.44295 ], [ 3.4095293, 6.4429528 ], [ 3.4098104, 6.4428847 ], [ 3.4098056, 6.4428527 ], [ 3.409844, 6.4428407 ], [ 3.4098625, 6.4428349 ], [ 3.4098839, 6.4428248 ], [ 3.4103818, 6.4425905 ], [ 3.4104201, 6.4425621 ], [ 3.4105362, 6.4425105 ], [ 3.412003, 6.4417972 ], [ 3.4120207, 6.4417878 ], [ 3.412279, 6.4416376 ], [ 3.4124715, 6.4415257 ], [ 3.4124866, 6.4415167 ], [ 3.412545, 6.4414823 ], [ 3.4125775, 6.4414632 ], [ 3.4127297, 6.4413735 ], [ 3.4134856, 6.4408123 ], [ 3.4142678, 6.4403296 ], [ 3.4143929, 6.4405659 ], [ 3.4145931, 6.4405997 ], [ 3.4147045, 6.440549 ], [ 3.41467, 6.4404202 ], [ 3.4149349, 6.4403509 ], [ 3.4152435, 6.4403478 ], [ 3.4152451, 6.4403169 ], [ 3.4155514, 6.4401842 ], [ 3.4156932, 6.4399668 ], [ 3.4162523, 6.4398275 ], [ 3.4164982, 6.4398234 ], [ 3.4170768, 6.4396214 ], [ 3.4177225, 6.439541 ], [ 3.417901, 6.4394066 ], [ 3.4185879, 6.4395431 ], [ 3.4204989, 6.4408062 ], [ 3.4220169, 6.4414198 ], [ 3.4230256, 6.4417549 ], [ 3.425329, 6.4420143 ], [ 3.4260618, 6.4422533 ], [ 3.4267285, 6.4421301 ], [ 3.4269646, 6.442029 ], [ 3.4271546, 6.4419507 ], [ 3.4273951, 6.4418534 ], [ 3.427477, 6.4420585 ], [ 3.428481, 6.442194 ], [ 3.428684, 6.4423133 ], [ 3.4294356, 6.4423621 ], [ 3.4294997, 6.4423022 ], [ 3.4300304, 6.4422711 ], [ 3.4301445, 6.4423767 ], [ 3.4306437, 6.4425527 ], [ 3.4308299, 6.4427467 ], [ 3.4309144, 6.442775 ], [ 3.4309551, 6.4427887 ], [ 3.4309627, 6.4427912 ], [ 3.4309733, 6.4427948 ], [ 3.4314551, 6.4429513 ], [ 3.4317163, 6.4428339 ], [ 3.4329284, 6.443161 ], [ 3.4333107, 6.4432181 ], [ 3.4333234, 6.44322 ], [ 3.4336352, 6.4432392 ], [ 3.434164, 6.4432103 ], [ 3.4343304, 6.4431896 ], [ 3.4343602, 6.4431847 ], [ 3.4350103, 6.4430797 ], [ 3.4350368, 6.4430749 ], [ 3.4352037, 6.443048 ], [ 3.4353555, 6.4429936 ], [ 3.4358348, 6.4429329 ], [ 3.436087, 6.4428909 ], [ 3.4361914, 6.4428794 ], [ 3.4363711, 6.4428142 ], [ 3.4363408, 6.4426544 ], [ 3.4367276, 6.4425769 ], [ 3.4367428, 6.4426684 ], [ 3.4370754, 6.4425555 ], [ 3.4375948, 6.4424497 ], [ 3.4378741, 6.4425196 ], [ 3.4381557, 6.4425518 ], [ 3.4383609, 6.4425228 ], [ 3.4383867, 6.4425192 ], [ 3.4384033, 6.4425161 ], [ 3.438421, 6.4425127 ], [ 3.4386993, 6.4424593 ], [ 3.4387957, 6.4424384 ], [ 3.4392003, 6.4423238 ], [ 3.4395484, 6.442167 ], [ 3.439569, 6.4421584 ], [ 3.4397387, 6.442072 ], [ 3.4399433, 6.441972 ], [ 3.4399246, 6.4419361 ], [ 3.439947, 6.4418696 ], [ 3.4401899, 6.4415332 ], [ 3.4402041, 6.4415201 ], [ 3.4402879, 6.4414755 ], [ 3.4403066, 6.4414983 ], [ 3.4403557, 6.4414648 ], [ 3.4403409, 6.4414464 ], [ 3.4403601, 6.4414372 ], [ 3.4403686, 6.4414447 ], [ 3.4404811, 6.4413898 ], [ 3.4405019, 6.4413746 ], [ 3.440794, 6.4411455 ], [ 3.4407345, 6.4410834 ], [ 3.4409653, 6.4408579 ], [ 3.4411225, 6.4408623 ], [ 3.4414522, 6.440583 ], [ 3.4416277, 6.4405636 ], [ 3.4417709, 6.4404535 ], [ 3.441878, 6.4403089 ], [ 3.4420253, 6.4402015 ], [ 3.4424693, 6.4397673 ], [ 3.4423345, 6.4395704 ], [ 3.4431226, 6.4390141 ], [ 3.4431732, 6.4392092 ], [ 3.4440933, 6.4388662 ], [ 3.4441253, 6.4388207 ], [ 3.4445322, 6.4387267 ], [ 3.4447556, 6.4387532 ], [ 3.4448395, 6.4386474 ], [ 3.4448359, 6.4384932 ], [ 3.4449653, 6.4384386 ], [ 3.4451722, 6.4384581 ], [ 3.4453609, 6.4385388 ], [ 3.4453974, 6.4386036 ], [ 3.445413, 6.4386764 ], [ 3.4454409, 6.43874 ], [ 3.4454795, 6.4387806 ], [ 3.4455463, 6.4387956 ], [ 3.4456059, 6.4388 ], [ 3.4456181, 6.4388006 ], [ 3.4457479, 6.4388041 ], [ 3.4458133, 6.4387736 ], [ 3.4458592, 6.4387282 ], [ 3.445882, 6.438674 ], [ 3.4458982, 6.4386039 ], [ 3.44596, 6.4386075 ], [ 3.4459829, 6.4385617 ], [ 3.446701, 6.4387147 ], [ 3.4467107, 6.438656 ], [ 3.4469182, 6.4387344 ], [ 3.4472256, 6.438814 ], [ 3.4471894, 6.4389368 ], [ 3.4474371, 6.4390026 ], [ 3.4474547, 6.4390072 ], [ 3.4476093, 6.4390541 ], [ 3.4476358, 6.4390245 ], [ 3.4476765, 6.4389911 ], [ 3.4477279, 6.4389812 ], [ 3.447793, 6.4390138 ], [ 3.4478105, 6.4390213 ], [ 3.4482368, 6.4392097 ], [ 3.4483243, 6.4391922 ], [ 3.4484407, 6.4391833 ], [ 3.4485561, 6.4392143 ], [ 3.4487034, 6.439284 ], [ 3.4487752, 6.4393716 ], [ 3.4488832, 6.4394918 ], [ 3.4494004, 6.439799 ], [ 3.4493544, 6.439876 ], [ 3.4494586, 6.4400064 ], [ 3.4500171, 6.4403935 ], [ 3.450098, 6.4403173 ], [ 3.4505569, 6.4407727 ], [ 3.450903, 6.4411326 ], [ 3.4509177, 6.4411498 ], [ 3.4509804, 6.4412149 ], [ 3.451162, 6.4414384 ], [ 3.4511792, 6.4414581 ], [ 3.4514838, 6.4418802 ], [ 3.4515076, 6.4419573 ], [ 3.4515665, 6.4419402 ], [ 3.4517439, 6.4424288 ], [ 3.451801, 6.4426789 ], [ 3.4518008, 6.4427491 ], [ 3.4518007, 6.4427752 ], [ 3.4517946, 6.4428258 ], [ 3.4517943, 6.4431873 ], [ 3.4517651, 6.44344 ], [ 3.4516421, 6.4438778 ], [ 3.4515806, 6.4439965 ], [ 3.4515133, 6.4441381 ], [ 3.4514172, 6.4446849 ], [ 3.4512773, 6.4453175 ], [ 3.4511734, 6.4458668 ], [ 3.451202, 6.4463085 ], [ 3.4511872, 6.4470848 ], [ 3.4512246, 6.4472387 ], [ 3.4512692, 6.4472526 ], [ 3.451111, 6.4481873 ], [ 3.451059, 6.4484942 ], [ 3.4508632, 6.4484307 ], [ 3.450518, 6.4486351 ], [ 3.4504201, 6.4487882 ], [ 3.4503793, 6.4488521 ], [ 3.4502741, 6.4492058 ], [ 3.4502022, 6.4500096 ], [ 3.4501478, 6.450626 ], [ 3.4502557, 6.4512408 ], [ 3.4502879, 6.451703 ], [ 3.4507989, 6.4521605 ], [ 3.451014, 6.4524094 ], [ 3.4509802, 6.4528174 ], [ 3.4510563, 6.4529104 ], [ 3.4510419, 6.4530301 ], [ 3.4507887, 6.4534325 ], [ 3.4509276, 6.4536603 ], [ 3.4509457, 6.454038 ], [ 3.4508693, 6.4541405 ], [ 3.4508423, 6.4542972 ], [ 3.4509547, 6.4545523 ], [ 3.4510535, 6.4547767 ], [ 3.4512754, 6.4551283 ], [ 3.4513713, 6.455172 ], [ 3.4517973, 6.4552049 ], [ 3.4520977, 6.4552254 ], [ 3.4520832, 6.4553234 ], [ 3.4548621, 6.4554141 ], [ 3.4557277, 6.455318 ], [ 3.4557561, 6.4561212 ], [ 3.4558007, 6.45684 ], [ 3.4557862, 6.4578985 ], [ 3.4557746, 6.4579666 ], [ 3.4557626, 6.4580918 ], [ 3.4557376, 6.4582886 ], [ 3.4557391, 6.4586989 ], [ 3.4557232, 6.4588824 ], [ 3.4549384, 6.4588727 ], [ 3.4545998, 6.4588547 ], [ 3.4521537, 6.4587902 ], [ 3.4521345, 6.4588119 ], [ 3.4515751, 6.4589923 ], [ 3.4512435, 6.4589771 ], [ 3.4510154, 6.4585132 ], [ 3.4507212, 6.458667 ], [ 3.4515511, 6.4602748 ], [ 3.4516487, 6.460218 ], [ 3.4521728, 6.4611374 ], [ 3.4526052, 6.4612333 ], [ 3.4528381, 6.461082 ], [ 3.4538832, 6.4604407 ], [ 3.4539905, 6.4605313 ], [ 3.4557179, 6.4596731 ], [ 3.4560156, 6.4596305 ], [ 3.4561524, 6.4595346 ], [ 3.456257, 6.4593906 ], [ 3.4576383, 6.4585751 ], [ 3.4576303, 6.4585191 ], [ 3.458046, 6.4582073 ], [ 3.4581105, 6.4583381 ], [ 3.4584779, 6.4581833 ], [ 3.4584591, 6.4580021 ], [ 3.4586864, 6.457894 ], [ 3.4590027, 6.4577435 ], [ 3.459018, 6.4577348 ], [ 3.4594059, 6.4574451 ], [ 3.4595105, 6.4573944 ], [ 3.45965, 6.4573038 ], [ 3.4598753, 6.4571652 ], [ 3.4601113, 6.4569067 ], [ 3.4601588, 6.4566323 ], [ 3.4602232, 6.4563125 ], [ 3.46023, 6.4562789 ], [ 3.4602483, 6.4561879 ], [ 3.4603254, 6.4558327 ], [ 3.4603332, 6.4557882 ], [ 3.4604434, 6.4551618 ], [ 3.4604922, 6.454976 ], [ 3.4604224, 6.4547833 ], [ 3.4602874, 6.4545692 ], [ 3.4600708, 6.4544486 ], [ 3.4596143, 6.4541955 ], [ 3.459176, 6.4538722 ], [ 3.4586917, 6.4536651 ], [ 3.4584644, 6.4536152 ], [ 3.4582981, 6.4535272 ], [ 3.4581863, 6.4534745 ], [ 3.4582428, 6.4533396 ], [ 3.4578921, 6.4531837 ], [ 3.4577124, 6.4529808 ], [ 3.4576739, 6.4528081 ], [ 3.4576136, 6.4526272 ], [ 3.4575887, 6.452383 ], [ 3.4573437, 6.4522622 ], [ 3.4575042, 6.4519174 ], [ 3.4576195, 6.4518481 ], [ 3.4578824, 6.4516322 ], [ 3.4581919, 6.451474 ], [ 3.4584805, 6.4510885 ], [ 3.4587139, 6.4510166 ], [ 3.4590679, 6.4509286 ], [ 3.4598592, 6.4510112 ], [ 3.4607792, 6.4513604 ], [ 3.4614014, 6.4516175 ], [ 3.4617318, 6.4517795 ], [ 3.4617618, 6.4517227 ], [ 3.4619389, 6.4518355 ], [ 3.4623543, 6.4520673 ], [ 3.4626465, 6.4522942 ], [ 3.4627073, 6.4522254 ], [ 3.4629069, 6.4523151 ], [ 3.462957, 6.4523723 ], [ 3.4629469, 6.4524733 ], [ 3.4629842, 6.4525767 ], [ 3.4630269, 6.4526837 ], [ 3.4630932, 6.4527825 ], [ 3.4633648, 6.4528202 ], [ 3.4634478, 6.4529322 ], [ 3.4635074, 6.4531045 ], [ 3.46351, 6.4532566 ], [ 3.4635697, 6.453455 ], [ 3.4636785, 6.4536071 ], [ 3.463649, 6.4537559 ], [ 3.4634125, 6.453845 ], [ 3.4636981, 6.4553054 ], [ 3.4638356, 6.4553226 ], [ 3.4638987, 6.4558782 ], [ 3.464146, 6.4559139 ], [ 3.4641625, 6.4561626 ], [ 3.4641225, 6.4563533 ], [ 3.4641861, 6.4568771 ], [ 3.4643644, 6.4568646 ], [ 3.4643742, 6.4568916 ], [ 3.4644095, 6.456891 ], [ 3.4643796, 6.4574267 ], [ 3.4645151, 6.4574409 ], [ 3.4645246, 6.4576167 ], [ 3.4641722, 6.4580101 ], [ 3.4638884, 6.4591727 ], [ 3.4637421, 6.4597362 ], [ 3.4637327, 6.4598339 ], [ 3.4636421, 6.4602823 ], [ 3.4641595, 6.4604038 ], [ 3.4635016, 6.4621544 ], [ 3.4633058, 6.4621864 ], [ 3.4630628, 6.4625396 ], [ 3.4631824, 6.4627887 ], [ 3.4630617, 6.4629193 ], [ 3.4628928, 6.4630046 ], [ 3.4627452, 6.4630553 ], [ 3.4626168, 6.4632729 ], [ 3.4623339, 6.4636 ], [ 3.4621327, 6.4646516 ], [ 3.4623663, 6.4637734 ], [ 3.4632971, 6.4632424 ], [ 3.4645712, 6.4625847 ], [ 3.4647799, 6.462481 ], [ 3.4648685, 6.462437 ], [ 3.4661356, 6.4615508 ], [ 3.467077, 6.4609284 ], [ 3.4677235, 6.4608618 ], [ 3.4675464, 6.4607179 ], [ 3.4674633, 6.46055 ], [ 3.4675808, 6.4603925 ], [ 3.4677988, 6.4600316 ], [ 3.4679386, 6.4597773 ], [ 3.4679811, 6.4595514 ], [ 3.4679878, 6.45951 ], [ 3.4681, 6.458902 ], [ 3.4680142, 6.4588228 ], [ 3.4681195, 6.4584164 ], [ 3.4683565, 6.4577249 ], [ 3.4685201, 6.4570586 ], [ 3.4685791, 6.457048 ], [ 3.4687937, 6.4555874 ], [ 3.4689949, 6.4550416 ], [ 3.4691102, 6.4543854 ], [ 3.4692142, 6.4535614 ], [ 3.4695504, 6.4522528 ], [ 3.4696251, 6.4515475 ], [ 3.4696251, 6.4511669 ], [ 3.4695366, 6.4505795 ], [ 3.4693208, 6.4500083 ], [ 3.4691581, 6.4494973 ], [ 3.4689519, 6.449095 ], [ 3.4686381, 6.4487591 ], [ 3.4681853, 6.4484903 ], [ 3.4678576, 6.4484526 ], [ 3.467283, 6.4483886 ], [ 3.4666657, 6.4480619 ], [ 3.4658701, 6.4478636 ], [ 3.4651619, 6.4479676 ], [ 3.4649071, 6.4479756 ], [ 3.4642017, 6.4478662 ], [ 3.4635127, 6.4479982 ], [ 3.4602463, 6.4471948 ], [ 3.4601328, 6.447184 ], [ 3.4600389, 6.4473919 ], [ 3.4599022, 6.4474985 ], [ 3.4597079, 6.4474248 ], [ 3.4592011, 6.447888 ], [ 3.4591049, 6.4479324 ], [ 3.4589573, 6.4481158 ], [ 3.458401, 6.448441 ], [ 3.4583776, 6.448394 ], [ 3.4578877, 6.4485695 ], [ 3.4571066, 6.4490953 ], [ 3.4567237, 6.4494015 ], [ 3.4564957, 6.449668 ], [ 3.4561497, 6.4498386 ], [ 3.4559486, 6.4498412 ], [ 3.4553085, 6.4496403 ], [ 3.45484, 6.4495559 ], [ 3.454189, 6.4493775 ], [ 3.4540134, 6.4493798 ], [ 3.4537733, 6.4492895 ], [ 3.4535122, 6.4491134 ], [ 3.4536472, 6.4485433 ], [ 3.4535784, 6.4481432 ], [ 3.453639, 6.4471678 ], [ 3.4536802, 6.4462206 ], [ 3.4538906, 6.4453096 ], [ 3.4540405, 6.4441276 ], [ 3.4539844, 6.4441217 ], [ 3.4540173, 6.4437876 ], [ 3.4540396, 6.4437886 ], [ 3.4540593, 6.443443 ], [ 3.4540067, 6.442725 ], [ 3.4538216, 6.4417682 ], [ 3.4537358, 6.4417229 ], [ 3.4535292, 6.4408726 ], [ 3.453514, 6.4403038 ], [ 3.4532704, 6.4400643 ], [ 3.4529312, 6.4397254 ], [ 3.4525211, 6.4392805 ], [ 3.4520291, 6.4389931 ], [ 3.4515578, 6.4385592 ], [ 3.451104, 6.4382449 ], [ 3.4507056, 6.4377418 ], [ 3.4503067, 6.4375332 ], [ 3.4498129, 6.4372751 ], [ 3.4497598, 6.437373 ], [ 3.4497287, 6.4373598 ], [ 3.4490383, 6.4370661 ], [ 3.4490062, 6.4370622 ], [ 3.4489311, 6.4370532 ], [ 3.4487975, 6.4370372 ], [ 3.4485554, 6.4369964 ], [ 3.4483014, 6.4370057 ], [ 3.4482086, 6.4370091 ], [ 3.4481163, 6.4370048 ], [ 3.4477908, 6.4369898 ], [ 3.4478054, 6.4369166 ], [ 3.4475019, 6.4368954 ], [ 3.4471487, 6.4369583 ], [ 3.4470794, 6.4370683 ], [ 3.4469202, 6.4370876 ], [ 3.4464909, 6.4369642 ], [ 3.4465441, 6.4368215 ], [ 3.446155, 6.4366978 ], [ 3.4461073, 6.4367681 ], [ 3.4458942, 6.4366662 ], [ 3.4458199, 6.4369288 ], [ 3.4453994, 6.4368134 ], [ 3.4444116, 6.4365189 ], [ 3.4444293, 6.4364341 ], [ 3.4435709, 6.4363051 ], [ 3.4436082, 6.4360675 ], [ 3.4432945, 6.4360445 ], [ 3.4430356, 6.4362392 ], [ 3.4426008, 6.4364622 ], [ 3.4422061, 6.4366899 ], [ 3.4419567, 6.4367766 ], [ 3.4416885, 6.436727 ], [ 3.4417673, 6.4368837 ], [ 3.4417556, 6.4369542 ], [ 3.4417052, 6.4370155 ], [ 3.4413231, 6.4373075 ], [ 3.440885, 6.4375798 ], [ 3.4408675, 6.4375741 ], [ 3.4408152, 6.4374905 ], [ 3.4407464, 6.4375334 ], [ 3.4407962, 6.4376167 ], [ 3.4407931, 6.4376357 ], [ 3.4402607, 6.4379467 ], [ 3.4399338, 6.4376022 ], [ 3.4398777, 6.4376435 ], [ 3.4397997, 6.4376977 ], [ 3.4398182, 6.4377302 ], [ 3.4399492, 6.4378223 ], [ 3.4401537, 6.4380518 ], [ 3.4401779, 6.4381429 ], [ 3.4401777, 6.4382144 ], [ 3.4401607, 6.4382793 ], [ 3.4401321, 6.4383179 ], [ 3.4393364, 6.438831 ], [ 3.4391846, 6.4388558 ], [ 3.4387631, 6.4390377 ], [ 3.4386287, 6.4391524 ], [ 3.4383602, 6.4392049 ], [ 3.4382224, 6.4392842 ], [ 3.4382154, 6.4392883 ], [ 3.4379529, 6.4394463 ], [ 3.4378163, 6.4395473 ], [ 3.4375982, 6.4397064 ], [ 3.4373119, 6.4398228 ], [ 3.437265, 6.4397723 ], [ 3.4369088, 6.4400049 ], [ 3.4368902, 6.440017 ], [ 3.4368395, 6.4400125 ], [ 3.4368143, 6.4400561 ], [ 3.4368326, 6.4400758 ], [ 3.4368166, 6.4400904 ], [ 3.4365958, 6.4402687 ], [ 3.4365815, 6.440281 ], [ 3.4365755, 6.4402865 ], [ 3.4365267, 6.4402761 ], [ 3.4364758, 6.440298 ], [ 3.4364611, 6.4403109 ], [ 3.4360867, 6.44064 ], [ 3.4361459, 6.4407047 ], [ 3.4355408, 6.4412588 ], [ 3.4355042, 6.4412159 ], [ 3.4354759, 6.4412132 ], [ 3.4354321, 6.4412091 ], [ 3.435349, 6.4412133 ], [ 3.4353022, 6.4411759 ], [ 3.4349043, 6.4411143 ], [ 3.4347181, 6.4412257 ], [ 3.4345871, 6.4412609 ], [ 3.4343748, 6.4412934 ], [ 3.4342828, 6.4412917 ], [ 3.4334324, 6.4412018 ], [ 3.4329654, 6.4410546 ], [ 3.4330096, 6.4409219 ], [ 3.43227, 6.4406711 ], [ 3.4321768, 6.4409956 ], [ 3.4313893, 6.4407913 ], [ 3.431467, 6.4404631 ], [ 3.4314771, 6.440445 ], [ 3.4314296, 6.4404314 ], [ 3.4314036, 6.4404449 ], [ 3.431382, 6.4404389 ], [ 3.4313714, 6.4404915 ], [ 3.4311915, 6.4404596 ], [ 3.4311578, 6.4404507 ], [ 3.4302671, 6.4402417 ], [ 3.4298336, 6.4402274 ], [ 3.4298227, 6.4403226 ], [ 3.4290859, 6.4402623 ], [ 3.4290849, 6.4400427 ], [ 3.4290403, 6.4400395 ], [ 3.4289103, 6.44003 ], [ 3.428893, 6.4400289 ], [ 3.4282742, 6.4399826 ], [ 3.4283252, 6.4400435 ], [ 3.4283213, 6.440122 ], [ 3.4282699, 6.4401712 ], [ 3.4281891, 6.4401665 ], [ 3.4281414, 6.4401103 ], [ 3.4281453, 6.4400336 ], [ 3.4282085, 6.4399795 ], [ 3.4279632, 6.4399614 ], [ 3.4279663, 6.4398398 ], [ 3.427833, 6.4397689 ], [ 3.4273787, 6.4397566 ], [ 3.4272007, 6.4397772 ], [ 3.4269485, 6.4397772 ], [ 3.426734, 6.4397426 ], [ 3.4264094, 6.4397239 ], [ 3.4259457, 6.439692 ], [ 3.4256542, 6.4398713 ], [ 3.4253828, 6.4399495 ], [ 3.4252232, 6.4395689 ], [ 3.4249461, 6.4396119 ], [ 3.4248691, 6.4395194 ], [ 3.4248484, 6.4395109 ], [ 3.4244909, 6.4393734 ], [ 3.4244712, 6.4393652 ], [ 3.4241881, 6.4392979 ], [ 3.4241679, 6.4392895 ], [ 3.4238674, 6.439165 ], [ 3.4239225, 6.4390219 ], [ 3.4238838, 6.4389105 ], [ 3.4237411, 6.4387899 ], [ 3.4229687, 6.4384099 ], [ 3.4227175, 6.4383964 ], [ 3.4226408, 6.4384794 ], [ 3.4225703, 6.43847 ], [ 3.4222534, 6.4384278 ], [ 3.4219214, 6.4383273 ], [ 3.4213106, 6.4380105 ], [ 3.4212164, 6.4379754 ], [ 3.4208218, 6.4378283 ], [ 3.4203994, 6.4375968 ], [ 3.4203122, 6.4375057 ], [ 3.4195078, 6.4373105 ], [ 3.4193723, 6.4372676 ], [ 3.4192876, 6.4372639 ], [ 3.4190836, 6.4372551 ], [ 3.4187901, 6.4372425 ], [ 3.4185063, 6.4372303 ], [ 3.4179567, 6.4370415 ], [ 3.4174639, 6.4370588 ], [ 3.417455, 6.4370581 ], [ 3.4174393, 6.4370587 ], [ 3.4172857, 6.4370858 ], [ 3.4165873, 6.437056 ], [ 3.4163794, 6.4371603 ], [ 3.4163091, 6.4371627 ], [ 3.4162979, 6.4372453 ], [ 3.4159014, 6.4372065 ], [ 3.4158994, 6.4371833 ], [ 3.4158824, 6.4370784 ], [ 3.4153258, 6.4372194 ], [ 3.4153107, 6.4372232 ], [ 3.4150916, 6.4372783 ], [ 3.4151258, 6.4374041 ], [ 3.4149163, 6.4374577 ], [ 3.4148893, 6.4373593 ], [ 3.414802, 6.4373774 ], [ 3.4147195, 6.4373921 ], [ 3.4146798, 6.4373857 ], [ 3.4146421, 6.4373652 ], [ 3.414617, 6.4372983 ], [ 3.4142153, 6.4373403 ], [ 3.4130924, 6.4378242 ], [ 3.4128734, 6.437942 ], [ 3.4128371, 6.4379615 ], [ 3.4124403, 6.4381748 ], [ 3.4124316, 6.4381795 ], [ 3.4124235, 6.4381839 ], [ 3.4120798, 6.4383688 ], [ 3.4120221, 6.4386307 ], [ 3.4116139, 6.4387627 ], [ 3.4115967, 6.4387809 ], [ 3.4112584, 6.4391388 ], [ 3.4111746, 6.4392274 ], [ 3.4111268, 6.439278 ], [ 3.4111144, 6.4392911 ], [ 3.4107913, 6.4396375 ], [ 3.4107806, 6.4396474 ], [ 3.4104892, 6.4399525 ], [ 3.4106729, 6.4401474 ], [ 3.4102149, 6.4404739 ], [ 3.4102077, 6.440479 ], [ 3.4102004, 6.4404842 ], [ 3.4100015, 6.4406263 ], [ 3.4099492, 6.4406636 ], [ 3.4098991, 6.4405879 ], [ 3.4091309, 6.4408112 ], [ 3.4089634, 6.4408559 ], [ 3.4089019, 6.4408792 ], [ 3.4088536, 6.440905 ], [ 3.4088042, 6.4409389 ], [ 3.4087531, 6.4409788 ], [ 3.4086863, 6.4410325 ], [ 3.4086332, 6.4410618 ], [ 3.4086146, 6.4410694 ], [ 3.4085643, 6.4410813 ], [ 3.4084722, 6.4410903 ], [ 3.4084052, 6.4410946 ], [ 3.408353, 6.4411049 ], [ 3.4083, 6.4411159 ], [ 3.4082319, 6.4411408 ], [ 3.4082205, 6.4411431 ], [ 3.407757, 6.4412369 ], [ 3.4074829, 6.4412434 ], [ 3.4074515, 6.4412447 ], [ 3.4073574, 6.4412474 ], [ 3.407234, 6.4412485 ], [ 3.4071748, 6.4412489 ], [ 3.4071541, 6.4412492 ], [ 3.4066578, 6.4412562 ], [ 3.4065521, 6.4412577 ], [ 3.40654, 6.4412621 ], [ 3.4062949, 6.441265 ], [ 3.4061533, 6.4413444 ], [ 3.4055606, 6.4413204 ], [ 3.4051757, 6.4412202 ], [ 3.4045504, 6.4408998 ], [ 3.4040531, 6.4405012 ], [ 3.403914, 6.4405049 ], [ 3.4038102, 6.4403961 ], [ 3.4037584, 6.4401362 ], [ 3.4038212, 6.4399329 ], [ 3.4037997, 6.4398838 ], [ 3.4037769, 6.4395107 ], [ 3.4037588, 6.4389057 ], [ 3.4039331, 6.4379559 ], [ 3.403083781592718, 6.438796273620563 ], [ 3.4034056, 6.4395041 ], [ 3.4038961, 6.4407293 ], [ 3.405728341556694, 6.443207589589336 ], [ 3.4058475, 6.4432523 ] ] ] } },
{ "type": "Feature", "properties": { "element": "way", "id": 785691915, "intermittent": null, "name": null, "natural": "water", "source": null, "tidal": null, "water": null, "waterway": null, "wikidata": null, "wikipedia": null, "layer": null, "tunnel": null, "type": null, "GNS:dsg_code": null, "GNS:dsg_string": null, "GNS:id": null, "is_in:country": null, "name:ar": null, "name:de": null, "name:en": null, "name:eo": null, "name:es": null, "name:fr": null, "name:pt": null, "name:sw": null }, "geometry": { "type": "Polygon", "coordinates": [ [ [ 3.5174341, 6.4489657 ], [ 3.5173738, 6.4493908 ], [ 3.5173309, 6.4499571 ], [ 3.5173617, 6.4500438 ], [ 3.5176313, 6.4502197 ], [ 3.5177064, 6.4502756 ], [ 3.517701, 6.4503316 ], [ 3.5176098, 6.4505262 ], [ 3.5174409, 6.450822 ], [ 3.5174301, 6.4509259 ], [ 3.5175508, 6.4511925 ], [ 3.5176018, 6.4513977 ], [ 3.5176983, 6.4516482 ], [ 3.5177734, 6.4521386 ], [ 3.5178298, 6.4521386 ], [ 3.5178539, 6.4519467 ], [ 3.5177976, 6.4502303 ], [ 3.5177305, 6.4488684 ], [ 3.5176983, 6.4488151 ], [ 3.517473, 6.4488391 ], [ 3.5174341, 6.4489657 ] ] ] } },
{ "type": "Feature", "properties": { "element": "way", "id": 1318294577, "intermittent": null, "name": null, "natural": "water", "source": null, "tidal": null, "water": null, "waterway": null, "wikidata": null, "wikipedia": null, "layer": null, "tunnel": null, "type": null, "GNS:dsg_code": null, "GNS:dsg_string": null, "GNS:id": null, "is_in:country": null, "name:ar": null, "name:de": null, "name:en": null, "name:eo": null, "name:es": null, "name:fr": null, "name:pt": null, "name:sw": null }, "geometry": { "type": "Polygon", "coordinates": [ [ [ 3.5141518, 6.4556373 ], [ 3.5141525, 6.455607 ], [ 3.5140666, 6.4556051 ], [ 3.5140659, 6.4556354 ], [ 3.5141518, 6.4556373 ] ] ] } },
{ "type": "Feature", "properties": { "element": "way", "id": 704160859, "intermittent": null, "name": null, "natural": "water", "source": null, "tidal": null, "water": null, "waterway": null, "wikidata": null, "wikipedia": null, "layer": null, "tunnel": null, "type": null, "GNS:dsg_code": null, "GNS:dsg_string": null, "GNS:id": null, "is_in:country": null, "name:ar": null, "name:de": null, "name:en": null, "name:eo": null, "name:es": null, "name:fr": null, "name:pt": null, "name:sw": null }, "geometry": { "type": "Polygon", "coordinates": [ [ [ 3.4786873, 6.4625973 ], [ 3.4792148, 6.4629447 ], [ 3.4796288, 6.4629445 ], [ 3.4825511, 6.4605873 ], [ 3.4828369, 6.4601104 ], [ 3.4829045, 6.4598058 ], [ 3.4823311, 6.459834 ], [ 3.4820693, 6.4596653 ], [ 3.4819323, 6.4593824 ], [ 3.4818842, 6.4590569 ], [ 3.4818964, 6.4586403 ], [ 3.4818122, 6.458442 ], [ 3.4816801, 6.4586138 ], [ 3.4815308, 6.4586609 ], [ 3.4814029, 6.4588998 ], [ 3.4809372, 6.4591582 ], [ 3.4807294, 6.4593557 ], [ 3.4804163, 6.4595066 ], [ 3.4802724, 6.4596811 ], [ 3.4792856, 6.4601018 ], [ 3.4788409, 6.4603148 ], [ 3.478441, 6.4605852 ], [ 3.4780025, 6.46091 ], [ 3.4776821, 6.4611948 ], [ 3.4774826, 6.4613739 ], [ 3.4772253, 6.4616354 ], [ 3.4771736, 6.4618988 ], [ 3.4774003, 6.4627702 ], [ 3.4777037, 6.4630589 ], [ 3.4779409, 6.4630698 ], [ 3.4782542, 6.4626177 ], [ 3.4786873, 6.4625973 ] ] ] } },
{ "type": "Feature", "properties": { "element": "way", "id": 787296072, "intermittent": null, "name": null, "natural": "water", "source": null, "tidal": null, "water": null, "waterway": null, "wikidata": null, "wikipedia": null, "layer": null, "tunnel": null, "type": null, "GNS:dsg_code": null, "GNS:dsg_string": null, "GNS:id": null, "is_in:country": null, "name:ar": null, "name:de": null, "name:en": null, "name:eo": null, "name:es": null, "name:fr": null, "name:pt": null, "name:sw": null }, "geometry": { "type": "Polygon", "coordinates": [ [ [ 3.5492921, 6.4269863 ], [ 3.5495549, 6.4270716 ], [ 3.5497722, 6.4271756 ], [ 3.550078, 6.4272822 ], [ 3.5502282, 6.4273248 ], [ 3.5504884, 6.4272422 ], [ 3.5506412, 6.4271782 ], [ 3.5510007, 6.4272235 ], [ 3.5513118, 6.4272688 ], [ 3.5515666, 6.4272529 ], [ 3.5516658, 6.4273328 ], [ 3.5517034, 6.4274128 ], [ 3.5518295, 6.4274474 ], [ 3.551918, 6.4274394 ], [ 3.551918, 6.4273888 ], [ 3.5518348, 6.4273381 ], [ 3.5517758, 6.4272662 ], [ 3.5517034, 6.4271596 ], [ 3.5515022, 6.4270716 ], [ 3.5511214, 6.4270183 ], [ 3.5509631, 6.426941 ], [ 3.5508102, 6.4268664 ], [ 3.5504428, 6.4268504 ], [ 3.550255, 6.4268344 ], [ 3.5500565, 6.4267411 ], [ 3.5498983, 6.4266212 ], [ 3.5496783, 6.4266292 ], [ 3.5495228, 6.4265572 ], [ 3.5493591, 6.4265785 ], [ 3.5492599, 6.4266558 ], [ 3.5492063, 6.4267571 ], [ 3.5491794, 6.4268344 ], [ 3.5491955, 6.4268797 ], [ 3.5492921, 6.4269863 ] ] ] } },
{ "type": "Feature", "properties": { "element": "way", "id": 787296087, "intermittent": null, "name": null, "natural": "water", "source": null, "tidal": null, "water": null, "waterway": null, "wikidata": null, "wikipedia": null, "layer": null, "tunnel": null, "type": null, "GNS:dsg_code": null, "GNS:dsg_string": null, "GNS:id": null, "is_in:country": null, "name:ar": null, "name:de": null, "name:en": null, "name:eo": null, "name:es": null, "name:fr": null, "name:pt": null, "name:sw": null }, "geometry": { "type": "Polygon", "coordinates": [ [ [ 3.5656482, 6.4290573 ], [ 3.5657501, 6.4291053 ], [ 3.5657877, 6.4291612 ], [ 3.5658628, 6.4293132 ], [ 3.5659915, 6.4293745 ], [ 3.5660613, 6.4294864 ], [ 3.5660908, 6.4295904 ], [ 3.5659888, 6.429689 ], [ 3.5659513, 6.4298329 ], [ 3.5659513, 6.4299715 ], [ 3.5659754, 6.4300888 ], [ 3.5660478, 6.4302167 ], [ 3.566013, 6.4303207 ], [ 3.566013, 6.4304966 ], [ 3.5660881, 6.4305659 ], [ 3.5662597, 6.4306778 ], [ 3.566426, 6.4307365 ], [ 3.5666352, 6.4306512 ], [ 3.5666835, 6.4304912 ], [ 3.5667801, 6.4304966 ], [ 3.5669544, 6.4304779 ], [ 3.5671771, 6.4305286 ], [ 3.5672843, 6.4304353 ], [ 3.5673031, 6.430238 ], [ 3.5672092, 6.4301341 ], [ 3.5672951, 6.4299475 ], [ 3.5673782, 6.429721 ], [ 3.5673568, 6.4294464 ], [ 3.5672763, 6.4291239 ], [ 3.5671931, 6.4290786 ], [ 3.5670885, 6.429028 ], [ 3.5669705, 6.4289374 ], [ 3.5667425, 6.4287614 ], [ 3.566182, 6.4286548 ], [ 3.5656884, 6.4285082 ], [ 3.565608, 6.4285296 ], [ 3.5655811, 6.4290226 ], [ 3.5656482, 6.4290573 ] ] ] } },
{ "type": "Feature", "properties": { "element": "way", "id": 787296086, "intermittent": null, "name": null, "natural": "water", "source": null, "tidal": null, "water": null, "waterway": null, "wikidata": null, "wikipedia": null, "layer": null, "tunnel": null, "type": null, "GNS:dsg_code": null, "GNS:dsg_string": null, "GNS:id": null, "is_in:country": null, "name:ar": null, "name:de": null, "name:en": null, "name:eo": null, "name:es": null, "name:fr": null, "name:pt": null, "name:sw": null }, "geometry": { "type": "Polygon", "coordinates": [ [ [ 3.5722357, 6.4327141 ], [ 3.5725656, 6.4327888 ], [ 3.5731503, 6.4328101 ], [ 3.573373, 6.4327781 ], [ 3.5737672, 6.4326608 ], [ 3.5743466, 6.4326768 ], [ 3.5751539, 6.4328341 ], [ 3.5753015, 6.4328714 ], [ 3.5754356, 6.4330313 ], [ 3.5754812, 6.4331619 ], [ 3.5755724, 6.4332925 ], [ 3.5758325, 6.4334151 ], [ 3.5763797, 6.4335617 ], [ 3.5769778, 6.433679 ], [ 3.5779515, 6.4338016 ], [ 3.5783967, 6.4338522 ], [ 3.5791638, 6.4340441 ], [ 3.5804298, 6.4342334 ], [ 3.5811514, 6.4343826 ], [ 3.5816395, 6.43438 ], [ 3.5822001, 6.4344706 ], [ 3.5827392, 6.4346332 ], [ 3.5833186, 6.4346971 ], [ 3.5836861, 6.4346731 ], [ 3.5834715, 6.4346385 ], [ 3.5823503, 6.4343906 ], [ 3.5810897, 6.4341534 ], [ 3.5799229, 6.4339135 ], [ 3.5788286, 6.433711 ], [ 3.5780132, 6.4334897 ], [ 3.577069, 6.4333085 ], [ 3.5763743, 6.4331752 ], [ 3.5758245, 6.4331672 ], [ 3.5755858, 6.4330393 ], [ 3.575508, 6.4328634 ], [ 3.575398, 6.4328474 ], [ 3.5753658, 6.4327381 ], [ 3.575213, 6.4327035 ], [ 3.5752076, 6.4326128 ], [ 3.575229, 6.4325222 ], [ 3.5751218, 6.4325302 ], [ 3.575052, 6.4326821 ], [ 3.5748643, 6.4326768 ], [ 3.5740516, 6.4325116 ], [ 3.5735232, 6.4323836 ], [ 3.5731423, 6.4323623 ], [ 3.5724798, 6.4322903 ], [ 3.5718602, 6.4321811 ], [ 3.5715973, 6.432261 ], [ 3.571482, 6.4321971 ], [ 3.5713077, 6.432269 ], [ 3.571423, 6.4323703 ], [ 3.5716563, 6.4324423 ], [ 3.5719192, 6.4324689 ], [ 3.5720667, 6.4327115 ], [ 3.5722357, 6.4327141 ] ] ] } },
{ "type": "Feature", "properties": { "element": "way", "id": 557738450, "intermittent": null, "name": null, "natural": "water", "source": null, "tidal": null, "water": null, "waterway": null, "wikidata": null, "wikipedia": null, "layer": null, "tunnel": null, "type": null, "GNS:dsg_code": null, "GNS:dsg_string": null, "GNS:id": null, "is_in:country": null, "name:ar": null, "name:de": null, "name:en": null, "name:eo": null, "name:es": null, "name:fr": null, "name:pt": null, "name:sw": null }, "geometry": { "type": "Polygon", "coordinates": [ [ [ 3.5547048, 6.4351449 ], [ 3.5547718, 6.4353181 ], [ 3.5548872, 6.4352755 ], [ 3.5550025, 6.4352568 ], [ 3.5551956, 6.4352195 ], [ 3.5553485, 6.4350996 ], [ 3.5553941, 6.4350996 ], [ 3.555429, 6.4350996 ], [ 3.5556918, 6.4352169 ], [ 3.5559171, 6.4351369 ], [ 3.5562766, 6.4351422 ], [ 3.5571375, 6.4350969 ], [ 3.5577464, 6.4350783 ], [ 3.5584545, 6.4350516 ], [ 3.5589051, 6.4350703 ], [ 3.5593826, 6.4350143 ], [ 3.5595971, 6.435009 ], [ 3.5598788, 6.4350996 ], [ 3.5604286, 6.434961 ], [ 3.5606486, 6.4349663 ], [ 3.5607925, 6.434948 ], [ 3.5608765, 6.4350965 ], [ 3.5609466, 6.4350965 ], [ 3.5610587, 6.4351568 ], [ 3.5611567, 6.4351104 ], [ 3.5613155, 6.4351615 ], [ 3.561465, 6.4352821 ], [ 3.5615537, 6.4352543 ], [ 3.5616658, 6.4353332 ], [ 3.5618199, 6.4353657 ], [ 3.5620067, 6.4353842 ], [ 3.5621094, 6.4353285 ], [ 3.5622822, 6.4353332 ], [ 3.5625344, 6.4353796 ], [ 3.5625531, 6.4354492 ], [ 3.5626885, 6.4355049 ], [ 3.5628146, 6.4355188 ], [ 3.5629173, 6.4355467 ], [ 3.5629687, 6.435658 ], [ 3.5631835, 6.4356905 ], [ 3.5633797, 6.4356859 ], [ 3.5635151, 6.4357694 ], [ 3.5636552, 6.4358993 ], [ 3.5638186, 6.4360014 ], [ 3.563996, 6.4361097 ], [ 3.5642534, 6.436163 ], [ 3.5649776, 6.4362857 ], [ 3.5656428, 6.4364136 ], [ 3.56619, 6.4366908 ], [ 3.5669303, 6.4366268 ], [ 3.5676223, 6.4366321 ], [ 3.5681802, 6.4367334 ], [ 3.5685342, 6.4365095 ], [ 3.5687166, 6.4365202 ], [ 3.5690814, 6.4365362 ], [ 3.5694569, 6.4364935 ], [ 3.5695374, 6.436339 ], [ 3.5697144, 6.4362483 ], [ 3.5699558, 6.4363283 ], [ 3.5703206, 6.4362164 ], [ 3.5705835, 6.4359605 ], [ 3.5705759, 6.4358276 ], [ 3.5705674, 6.435678 ], [ 3.5707766, 6.4353741 ], [ 3.5707873, 6.434857 ], [ 3.5708141, 6.4346065 ], [ 3.571254, 6.4343933 ], [ 3.5714203, 6.4339775 ], [ 3.5712486, 6.4337963 ], [ 3.5710019, 6.4339668 ], [ 3.5709268, 6.4336577 ], [ 3.5708356, 6.4331512 ], [ 3.5706156, 6.4327728 ], [ 3.5704815, 6.4328581 ], [ 3.5706049, 6.4334231 ], [ 3.5706371, 6.4341161 ], [ 3.5705566, 6.4346012 ], [ 3.5703742, 6.4347664 ], [ 3.5699612, 6.4348944 ], [ 3.5697842, 6.4350223 ], [ 3.5688776, 6.4352249 ], [ 3.5687756, 6.4353794 ], [ 3.5685128, 6.4353528 ], [ 3.5684162, 6.4350436 ], [ 3.568207, 6.4350543 ], [ 3.5674506, 6.4354381 ], [ 3.5665816, 6.4355607 ], [ 3.566249, 6.4355873 ], [ 3.565439, 6.4354221 ], [ 3.5644412, 6.4352568 ], [ 3.5637009, 6.4352675 ], [ 3.5632664, 6.4348304 ], [ 3.5629821, 6.4347877 ], [ 3.5625637, 6.4347984 ], [ 3.5620326, 6.4345106 ], [ 3.5613716, 6.4344422 ], [ 3.5612735, 6.4344329 ], [ 3.5609793, 6.4341777 ], [ 3.5608345, 6.4338621 ], [ 3.5607084, 6.4338621 ], [ 3.5606571, 6.43376 ], [ 3.5605389, 6.4337443 ], [ 3.5605403, 6.4339457 ], [ 3.5604749, 6.4340292 ], [ 3.5605076, 6.4342334 ], [ 3.5606664, 6.4343679 ], [ 3.560748, 6.4344771 ], [ 3.5606834, 6.4345345 ], [ 3.5604393, 6.4344999 ], [ 3.560155, 6.4345026 ], [ 3.5600535, 6.4345357 ], [ 3.5598601, 6.4345989 ], [ 3.5597795, 6.4346252 ], [ 3.5595462, 6.4348624 ], [ 3.5593799, 6.4349397 ], [ 3.5588837, 6.4349663 ], [ 3.5581648, 6.4349477 ], [ 3.5571563, 6.4349956 ], [ 3.5562471, 6.4350356 ], [ 3.5558474, 6.434953 ], [ 3.5552654, 6.4348011 ], [ 3.5549381, 6.4347957 ], [ 3.5547772, 6.4349104 ], [ 3.5545492, 6.4351502 ], [ 3.5547048, 6.4351449 ] ] ] } },
{ "type": "Feature", "properties": { "element": "way", "id": 785344516, "intermittent": null, "name": null, "natural": "water", "source": null, "tidal": null, "water": null, "waterway": null, "wikidata": null, "wikipedia": null, "layer": null, "tunnel": null, "type": null, "GNS:dsg_code": null, "GNS:dsg_string": null, "GNS:id": null, "is_in:country": null, "name:ar": null, "name:de": null, "name:en": null, "name:eo": null, "name:es": null, "name:fr": null, "name:pt": null, "name:sw": null }, "geometry": { "type": "Polygon", "coordinates": [ [ [ 3.5608001, 6.4607339 ], [ 3.5608618, 6.4607579 ], [ 3.5609235, 6.4607645 ], [ 3.5609704, 6.4607366 ], [ 3.5610093, 6.4606872 ], [ 3.5611434, 6.4604421 ], [ 3.5612252, 6.4603008 ], [ 3.5614063, 6.4600823 ], [ 3.561531, 6.4599637 ], [ 3.5616705, 6.459865 ], [ 3.5618019, 6.4598211 ], [ 3.561881, 6.4597611 ], [ 3.5619105, 6.4596865 ], [ 3.5619146, 6.4596039 ], [ 3.5618757, 6.4595292 ], [ 3.5618167, 6.4594826 ], [ 3.5617644, 6.4594719 ], [ 3.5616691, 6.4594813 ], [ 3.5615914, 6.4595132 ], [ 3.5615417, 6.4595625 ], [ 3.5614519, 6.4597158 ], [ 3.5609771, 6.4602528 ], [ 3.5608377, 6.4604114 ], [ 3.5608712, 6.4604807 ], [ 3.5608082, 6.4605247 ], [ 3.5607733, 6.4605633 ], [ 3.560788, 6.4606193 ], [ 3.5607398, 6.4606566 ], [ 3.5608001, 6.4607339 ] ] ] } },
{ "type": "Feature", "properties": { "element": "way", "id": 1472797411, "intermittent": null, "name": "Lake Moses", "natural": "water", "source": null, "tidal": null, "water": "lake", "waterway": null, "wikidata": null, "wikipedia": null, "layer": null, "tunnel": null, "type": null, "GNS:dsg_code": null, "GNS:dsg_string": null, "GNS:id": null, "is_in:country": null, "name:ar": null, "name:de": null, "name:en": null, "name:eo": null, "name:es": null, "name:fr": null, "name:pt": null, "name:sw": null }, "geometry": { "type": "Polygon", "coordinates": [ [ [ 3.6559051, 6.4626958 ], [ 3.6558328, 6.4626613 ], [ 3.6557258, 6.4626806 ], [ 3.6556396, 6.4627428 ], [ 3.6556202, 6.4628229 ], [ 3.655641, 6.4629168 ], [ 3.6556243, 6.4630314 ], [ 3.6556063, 6.4631129 ], [ 3.655616, 6.4631791 ], [ 3.6556591, 6.4632924 ], [ 3.6556952, 6.4633642 ], [ 3.655755, 6.4634263 ], [ 3.6557883, 6.463465 ], [ 3.6558231, 6.4634443 ], [ 3.6558731, 6.4633421 ], [ 3.6558856, 6.4632164 ], [ 3.6558981, 6.4631046 ], [ 3.6559426, 6.4630134 ], [ 3.655962, 6.4629154 ], [ 3.6560051, 6.4628118 ], [ 3.6559954, 6.4627524 ], [ 3.6559051, 6.4626958 ] ] ] } },
{ "type": "Feature", "properties": { "element": "way", "id": 1472797405, "intermittent": null, "name": "Lake Nora", "natural": "water", "source": null, "tidal": null, "water": "lake", "waterway": null, "wikidata": null, "wikipedia": null, "layer": null, "tunnel": null, "type": null, "GNS:dsg_code": null, "GNS:dsg_string": null, "GNS:id": null, "is_in:country": null, "name:ar": null, "name:de": null, "name:en": null, "name:eo": null, "name:es": null, "name:fr": null, "name:pt": null, "name:sw": null }, "geometry": { "type": "Polygon", "coordinates": [ [ [ 3.6547891, 6.4635561 ], [ 3.6548864, 6.4635782 ], [ 3.6549336, 6.4636224 ], [ 3.6551115, 6.4635851 ], [ 3.6552018, 6.4635658 ], [ 3.6553505, 6.4636418 ], [ 3.6553853, 6.4635851 ], [ 3.6552741, 6.463523 ], [ 3.6551963, 6.4634512 ], [ 3.6549948, 6.4634263 ], [ 3.6548516, 6.4633711 ], [ 3.6546765, 6.4633518 ], [ 3.654557, 6.4633255 ], [ 3.6544555, 6.4632813 ], [ 3.6542707, 6.4631336 ], [ 3.6541289, 6.4631129 ], [ 3.6540316, 6.4631129 ], [ 3.6539997, 6.463175 ], [ 3.6540622, 6.463233 ], [ 3.6542457, 6.4633573 ], [ 3.6543527, 6.4634636 ], [ 3.6544666, 6.4634995 ], [ 3.6545333, 6.4635907 ], [ 3.6546056, 6.4636045 ], [ 3.6547279, 6.4635769 ], [ 3.6547891, 6.4635561 ] ] ] } },
{ "type": "Feature", "properties": { "element": "way", "id": 1472797412, "intermittent": null, "name": null, "natural": "water", "source": null, "tidal": null, "water": "lake", "waterway": null, "wikidata": null, "wikipedia": null, "layer": null, "tunnel": null, "type": null, "GNS:dsg_code": null, "GNS:dsg_string": null, "GNS:id": null, "is_in:country": null, "name:ar": null, "name:de": null, "name:en": null, "name:eo": null, "name:es": null, "name:fr": null, "name:pt": null, "name:sw": null }, "geometry": { "type": "Polygon", "coordinates": [ [ [ 3.6551129, 6.4656345 ], [ 3.6551685, 6.4655198 ], [ 3.6551601, 6.4654038 ], [ 3.6551449, 6.4653127 ], [ 3.6550503, 6.4653348 ], [ 3.6549128, 6.4653376 ], [ 3.6549003, 6.4653748 ], [ 3.6549461, 6.4654135 ], [ 3.6549545, 6.465506 ], [ 3.6549336, 6.4655723 ], [ 3.6549489, 6.4656428 ], [ 3.6551129, 6.4656345 ] ] ] } },
{ "type": "Feature", "properties": { "element": "way", "id": 785343402, "intermittent": null, "name": null, "natural": "water", "source": null, "tidal": null, "water": null, "waterway": null, "wikidata": null, "wikipedia": null, "layer": null, "tunnel": null, "type": null, "GNS:dsg_code": null, "GNS:dsg_string": null, "GNS:id": null, "is_in:country": null, "name:ar": null, "name:de": null, "name:en": null, "name:eo": null, "name:es": null, "name:fr": null, "name:pt": null, "name:sw": null }, "geometry": { "type": "Polygon", "coordinates": [ [ [ 3.5941574, 6.4790087 ], [ 3.5942352, 6.4789207 ], [ 3.5943505, 6.4788994 ], [ 3.594439, 6.478918 ], [ 3.5944404, 6.4788408 ], [ 3.5944176, 6.4788181 ], [ 3.5944498, 6.4787422 ], [ 3.5944538, 6.4787088 ], [ 3.5942754, 6.4786009 ], [ 3.5942057, 6.4784823 ], [ 3.5941668, 6.4783477 ], [ 3.5940702, 6.4781852 ], [ 3.5939831, 6.4780612 ], [ 3.5938972, 6.4779693 ], [ 3.5938047, 6.477796 ], [ 3.5937497, 6.4776561 ], [ 3.5936505, 6.4775415 ], [ 3.5935526, 6.4774696 ], [ 3.5934895, 6.4774323 ], [ 3.593401, 6.4773856 ], [ 3.593342, 6.4773323 ], [ 3.593287, 6.4772137 ], [ 3.5931717, 6.4771178 ], [ 3.5930859, 6.4769965 ], [ 3.5930912, 6.4768979 ], [ 3.5930537, 6.4768206 ], [ 3.5929812, 6.4767247 ], [ 3.5929383, 6.4766367 ], [ 3.5929222, 6.4765141 ], [ 3.5928284, 6.4764009 ], [ 3.5927345, 6.4762769 ], [ 3.5926406, 6.4761104 ], [ 3.5926155, 6.4760096 ], [ 3.5925588, 6.4759332 ], [ 3.5924488, 6.4757119 ], [ 3.5925132, 6.4754618 ], [ 3.5924596, 6.4753695 ], [ 3.5923724, 6.4752615 ], [ 3.5923067, 6.4751976 ], [ 3.5923295, 6.475067 ], [ 3.592312, 6.474995 ], [ 3.5922302, 6.4749631 ], [ 3.5921216, 6.4748991 ], [ 3.5919955, 6.4748858 ], [ 3.5919285, 6.4748138 ], [ 3.5918628, 6.4747632 ], [ 3.591734, 6.4747365 ], [ 3.5916616, 6.4747698 ], [ 3.5916133, 6.4748205 ], [ 3.591608, 6.4749031 ], [ 3.5916643, 6.4749897 ], [ 3.5917474, 6.4750777 ], [ 3.5918346, 6.4751656 ], [ 3.5918601, 6.4753002 ], [ 3.5918815, 6.4754281 ], [ 3.5919352, 6.4754654 ], [ 3.5919566, 6.4755147 ], [ 3.5919338, 6.4756387 ], [ 3.5920639, 6.4759025 ], [ 3.5922168, 6.4761903 ], [ 3.5923241, 6.4763382 ], [ 3.592359, 6.4765275 ], [ 3.5924904, 6.4766354 ], [ 3.5926849, 6.4769072 ], [ 3.5927425, 6.4770045 ], [ 3.5928069, 6.4770165 ], [ 3.592878, 6.4770498 ], [ 3.5928968, 6.4771178 ], [ 3.5929182, 6.4772084 ], [ 3.5929839, 6.477267 ], [ 3.5931328, 6.477371 ], [ 3.5932173, 6.4775522 ], [ 3.5932481, 6.4777747 ], [ 3.5932374, 6.4779546 ], [ 3.5933165, 6.4781025 ], [ 3.593401, 6.4783464 ], [ 3.5935056, 6.4785183 ], [ 3.5937081, 6.4786502 ], [ 3.5938597, 6.4788248 ], [ 3.593979, 6.4789434 ], [ 3.5939938, 6.4790033 ], [ 3.5941574, 6.4790087 ] ] ] } },
{ "type": "Feature", "properties": { "element": "way", "id": 785343407, "intermittent": null, "name": null, "natural": "water", "source": null, "tidal": null, "water": null, "waterway": null, "wikidata": null, "wikipedia": null, "layer": null, "tunnel": null, "type": null, "GNS:dsg_code": null, "GNS:dsg_string": null, "GNS:id": null, "is_in:country": null, "name:ar": null, "name:de": null, "name:en": null, "name:eo": null, "name:es": null, "name:fr": null, "name:pt": null, "name:sw": null }, "geometry": { "type": "Polygon", "coordinates": [ [ [ 3.5933554, 6.4816204 ], [ 3.5933366, 6.4814685 ], [ 3.593283, 6.4812926 ], [ 3.5932428, 6.4811087 ], [ 3.5932401, 6.4809115 ], [ 3.593283, 6.4808822 ], [ 3.5934788, 6.4808795 ], [ 3.5935453, 6.4808663 ], [ 3.5936129, 6.4808529 ], [ 3.5938436, 6.4808662 ], [ 3.594085, 6.4809462 ], [ 3.5943586, 6.4809515 ], [ 3.5944176, 6.4809595 ], [ 3.5945865, 6.4809435 ], [ 3.594667, 6.4809035 ], [ 3.5948253, 6.4808929 ], [ 3.594887, 6.4809435 ], [ 3.5949996, 6.4810101 ], [ 3.5950935, 6.4809728 ], [ 3.5953161, 6.4809195 ], [ 3.5953912, 6.4804745 ], [ 3.5954207, 6.4803599 ], [ 3.595359, 6.4802266 ], [ 3.5954127, 6.4797229 ], [ 3.5953215, 6.4794537 ], [ 3.5952893, 6.4793258 ], [ 3.5951713, 6.4792885 ], [ 3.5950425, 6.4793471 ], [ 3.5949245, 6.4794457 ], [ 3.5949594, 6.4795523 ], [ 3.5949379, 6.4797309 ], [ 3.5949326, 6.4799921 ], [ 3.5949647, 6.4803305 ], [ 3.5949165, 6.4804132 ], [ 3.5947663, 6.4804265 ], [ 3.5946429, 6.4804212 ], [ 3.5945034, 6.4804745 ], [ 3.5943907, 6.4804824 ], [ 3.5942674, 6.4803465 ], [ 3.5941762, 6.4803758 ], [ 3.5940474, 6.4804238 ], [ 3.5939589, 6.4803758 ], [ 3.593739, 6.4804585 ], [ 3.5935807, 6.4804505 ], [ 3.5933393, 6.4804718 ], [ 3.5931489, 6.4805997 ], [ 3.5929987, 6.4807863 ], [ 3.592878, 6.4809462 ], [ 3.5929182, 6.4810981 ], [ 3.5930067, 6.48117 ], [ 3.5930738, 6.4813353 ], [ 3.593165, 6.4815511 ], [ 3.5932803, 6.4816604 ], [ 3.5933554, 6.4816204 ] ] ] } },
{ "type": "Feature", "properties": { "element": "way", "id": 785343408, "intermittent": null, "name": null, "natural": "water", "source": null, "tidal": null, "water": null, "waterway": null, "wikidata": null, "wikipedia": null, "layer": null, "tunnel": null, "type": null, "GNS:dsg_code": null, "GNS:dsg_string": null, "GNS:id": null, "is_in:country": null, "name:ar": null, "name:de": null, "name:en": null, "name:eo": null, "name:es": null, "name:fr": null, "name:pt": null, "name:sw": null }, "geometry": { "type": "Polygon", "coordinates": [ [ [ 3.5945141, 6.4821028 ], [ 3.5945946, 6.4821721 ], [ 3.5947046, 6.4822227 ], [ 3.5948521, 6.4822307 ], [ 3.5949755, 6.4822414 ], [ 3.595182, 6.4822521 ], [ 3.5953134, 6.4822334 ], [ 3.5953832, 6.4821295 ], [ 3.595418, 6.4820921 ], [ 3.5955575, 6.4821108 ], [ 3.595705, 6.4820921 ], [ 3.5958177, 6.4820442 ], [ 3.5958686, 6.4819029 ], [ 3.5958338, 6.4818017 ], [ 3.5957104, 6.4817564 ], [ 3.5956004, 6.4817137 ], [ 3.5955521, 6.4816391 ], [ 3.5955065, 6.4815085 ], [ 3.5954609, 6.4814632 ], [ 3.5953456, 6.4814605 ], [ 3.5952866, 6.4815671 ], [ 3.595233, 6.4816657 ], [ 3.5951605, 6.4817217 ], [ 3.5951364, 6.481815 ], [ 3.595182, 6.4819429 ], [ 3.5951525, 6.4819536 ], [ 3.5949942, 6.4818683 ], [ 3.5949084, 6.4818363 ], [ 3.5948119, 6.4819003 ], [ 3.5947448, 6.4819003 ], [ 3.5946429, 6.4819056 ], [ 3.5945088, 6.4820442 ], [ 3.5945141, 6.4821028 ] ] ] } },
{ "type": "Feature", "properties": { "element": "way", "id": 785343403, "intermittent": null, "name": null, "natural": "water", "source": null, "tidal": null, "water": null, "waterway": null, "wikidata": null, "wikipedia": null, "layer": null, "tunnel": null, "type": null, "GNS:dsg_code": null, "GNS:dsg_string": null, "GNS:id": null, "is_in:country": null, "name:ar": null, "name:de": null, "name:en": null, "name:eo": null, "name:es": null, "name:fr": null, "name:pt": null, "name:sw": null }, "geometry": { "type": "Polygon", "coordinates": [ [ [ 3.5961919, 6.4822267 ], [ 3.5963716, 6.4822361 ], [ 3.5964279, 6.4822161 ], [ 3.5964118, 6.4820908 ], [ 3.5963823, 6.4820309 ], [ 3.5962777, 6.4819336 ], [ 3.5961811, 6.4818789 ], [ 3.5960712, 6.4818336 ], [ 3.5960282, 6.4818829 ], [ 3.5960564, 6.4819482 ], [ 3.5961382, 6.4820229 ], [ 3.5961409, 6.4820788 ], [ 3.5961141, 6.4821241 ], [ 3.5960899, 6.4821508 ], [ 3.5960819, 6.4821788 ], [ 3.5961919, 6.4822267 ] ] ] } },
{ "type": "Feature", "properties": { "element": "way", "id": 4174539, "intermittent": "no", "name": "Omu creek", "natural": "water", "source": "local knowledge", "tidal": "yes", "water": "river", "waterway": null, "wikidata": null, "wikipedia": null, "layer": null, "tunnel": null, "type": null, "GNS:dsg_code": null, "GNS:dsg_string": null, "GNS:id": null, "is_in:country": null, "name:ar": null, "name:de": null, "name:en": null, "name:eo": null, "name:es": null, "name:fr": null, "name:pt": null, "name:sw": null }, "geometry": { "type": "MultiPolygon", "coordinates": [ [ [ [ 3.6732172, 6.4769411 ], [ 3.672869, 6.4770123 ], [ 3.6725292, 6.4770997 ], [ 3.6723321, 6.4771384 ], [ 3.6720511, 6.4772832 ], [ 3.6716361, 6.477682 ], [ 3.6712456, 6.4781328 ], [ 3.6708614, 6.4788224 ], [ 3.6705392, 6.4796966 ], [ 3.6703468, 6.4807423 ], [ 3.6703209, 6.4817421 ], [ 3.6702214, 6.4828499 ], [ 3.6700422, 6.4836215 ], [ 3.6695643, 6.4847095 ], [ 3.6695245, 6.4853228 ], [ 3.6693851, 6.4860943 ], [ 3.6694249, 6.486747 ], [ 3.669373070420153, 6.486916628173138 ], [ 3.669728909158691, 6.485988553168974 ], [ 3.6698275, 6.4852137 ], [ 3.67016275512664, 6.484228537951283 ], [ 3.6706014, 6.4814499 ], [ 3.670730001752998, 6.480785480194995 ], [ 3.670822, 6.4795449 ], [ 3.6711546, 6.4787454 ], [ 3.671351029138865, 6.478476136735564 ], [ 3.6715729, 6.477869 ], [ 3.6722844, 6.4772998 ], [ 3.673451090687126, 6.477006950349869 ], [ 3.6732172, 6.4769411 ] ] ], [ [ [ 3.6686738, 6.4883869 ], [ 3.6678847, 6.489635 ], [ 3.6672727, 6.4903231 ], [ 3.6660971, 6.4913792 ], [ 3.6648248, 6.4922273 ], [ 3.6640595, 6.4925696 ], [ 3.6628621, 6.4926272 ], [ 3.6619352, 6.4925696 ], [ 3.6609696, 6.4926272 ], [ 3.660564, 6.4926847 ], [ 3.6599074, 6.492915 ], [ 3.6590577, 6.493222 ], [ 3.6585363, 6.4931452 ], [ 3.6575707, 6.4927615 ], [ 3.6565264, 6.4927345 ], [ 3.6554464, 6.4927728 ], [ 3.6544629, 6.4930793 ], [ 3.6536314, 6.492868 ], [ 3.652654, 6.492504 ], [ 3.651853, 6.4922198 ], [ 3.6508612, 6.4918029 ], [ 3.6502639, 6.4911725 ], [ 3.6491063, 6.4903233 ], [ 3.6478514, 6.4893989 ], [ 3.6471374, 6.4889044 ], [ 3.6465424, 6.4884745 ], [ 3.6458392, 6.4877973 ], [ 3.6455471, 6.4875178 ], [ 3.6451901, 6.4867546 ], [ 3.6446816, 6.4851207 ], [ 3.6444219, 6.484164 ], [ 3.6440974, 6.4829064 ], [ 3.6432234, 6.4817131 ], [ 3.6421565, 6.4808014 ], [ 3.6415231, 6.4804322 ], [ 3.6405468, 6.480091 ], [ 3.6393452, 6.4799098 ], [ 3.6384547, 6.4798565 ], [ 3.6375213, 6.4799524 ], [ 3.6368024, 6.4802829 ], [ 3.636148, 6.4808479 ], [ 3.6354935, 6.4813596 ], [ 3.6349408, 6.4816683 ], [ 3.6342578, 6.4822339 ], [ 3.6338675, 6.4825732 ], [ 3.6333071, 6.4829657 ], [ 3.6328755, 6.483268 ], [ 3.6317233, 6.4837194 ], [ 3.6306436, 6.4842222 ], [ 3.6292339, 6.4848948 ], [ 3.6271973, 6.4856247 ], [ 3.6253959, 6.4859269 ], [ 3.6234594, 6.4863735 ], [ 3.6213377, 6.4869913 ], [ 3.6203881, 6.4873981 ], [ 3.6190178, 6.4881605 ], [ 3.6183053, 6.4887959 ], [ 3.6181591, 6.4891952 ], [ 3.6181957, 6.489522 ], [ 3.6180861, 6.490357 ], [ 3.6181043, 6.4912647 ], [ 3.6185813, 6.4925263 ], [ 3.6194107, 6.4934796 ], [ 3.620858, 6.4945137 ], [ 3.622598, 6.4952408 ], [ 3.6233623, 6.4957417 ], [ 3.6250373, 6.4963072 ], [ 3.6257081, 6.4963799 ], [ 3.6267178, 6.4966869 ], [ 3.6273073, 6.4969615 ], [ 3.6277518, 6.4974864 ], [ 3.6279981, 6.4979049 ], [ 3.6282064, 6.4984742 ], [ 3.6281486, 6.4991414 ], [ 3.6279761, 6.4996652 ], [ 3.6269007, 6.502353 ], [ 3.6268447, 6.5025842 ], [ 3.6266904, 6.5032213 ], [ 3.6264653, 6.5039205 ], [ 3.6258933, 6.5043257 ], [ 3.6253197, 6.5046993 ], [ 3.6248709, 6.505151 ], [ 3.6248438, 6.5057332 ], [ 3.6246422, 6.5060448 ], [ 3.624453, 6.5062597 ], [ 3.6241468, 6.506637 ], [ 3.6237697, 6.5076156 ], [ 3.6231188, 6.5078809 ], [ 3.626541070655558, 6.508702452969365 ], [ 3.6278611, 6.5018121 ], [ 3.6287063, 6.4988774 ], [ 3.6279165, 6.4969175 ], [ 3.6228155, 6.4945618 ], [ 3.6207658, 6.4937321 ], [ 3.618792, 6.4922989 ], [ 3.6186401, 6.4902623 ], [ 3.6190197, 6.4889046 ], [ 3.6218286, 6.4874714 ], [ 3.6295721, 6.4857365 ], [ 3.6330642, 6.4839262 ], [ 3.6336404, 6.4835869 ], [ 3.6371637, 6.4815124 ], [ 3.64058, 6.4809844 ], [ 3.6439203, 6.4839262 ], [ 3.645059, 6.4878486 ], [ 3.6475973, 6.4899286 ], [ 3.647899069346415, 6.490140236765043 ], [ 3.648207, 6.4903083 ], [ 3.648574247832121, 6.490613752687849 ], [ 3.6502041, 6.4917568 ], [ 3.6538305, 6.4932947 ], [ 3.6569545, 6.4928258 ], [ 3.658355966673042, 6.4935102806048 ], [ 3.658402297331415, 6.4935181726476 ], [ 3.660093552103831, 6.493140054731183 ], [ 3.6603119, 6.493037 ], [ 3.6607107, 6.4928786 ], [ 3.661087026015383, 6.492917941368028 ], [ 3.661162761159594, 6.492901009078822 ], [ 3.661658, 6.4927848 ], [ 3.661853774786875, 6.492811943115822 ], [ 3.664752525985719, 6.49259926997882 ], [ 3.6651914, 6.4923158 ], [ 3.6655421, 6.492088 ], [ 3.666095, 6.491686 ], [ 3.666175742737303, 6.491624380085931 ], [ 3.6665778, 6.4912559 ], [ 3.6674888, 6.4905016 ], [ 3.6687794, 6.488465 ], [ 3.669063880571904, 6.487723036634685 ], [ 3.6686738, 6.4883869 ] ] ] ] } },
{ "type": "Feature", "properties": { "element": "relation", "id": 2116203, "intermittent": null, "name": "Lagos Lagoon", "natural": "water", "source": null, "tidal": null, "water": "lagoon", "waterway": null, "wikidata": "Q499414", "wikipedia": null, "layer": null, "tunnel": null, "type": "multipolygon", "GNS:dsg_code": "LGN", "GNS:dsg_string": "lagoon", "GNS:id": "-2017360", "is_in:country": "Nigeria", "name:ar": "بحيرة لاغوس", "name:de": "Lagune von Lagos", "name:en": "Lagos Lagoon", "name:eo": "Lagosa Laguno", "name:es": "Laguna de Lagos", "name:fr": "Lagune de Lagos", "name:pt": "Lagoa de Lagos", "name:sw": "Wangwa wa Lagos" }, "geometry": { "type": "Polygon", "coordinates": [ [ [ 3.6231188, 6.5078809 ], [ 3.622622, 6.5077849 ], [ 3.6208149, 6.5086225 ], [ 3.6202633, 6.5092964 ], [ 3.6191049, 6.5103139 ], [ 3.6188393, 6.5102408 ], [ 3.6181269, 6.5103048 ], [ 3.6173534, 6.5104604 ], [ 3.616826, 6.510871 ], [ 3.6166689, 6.5113835 ], [ 3.6164572, 6.5116467 ], [ 3.6157943, 6.5119887 ], [ 3.6157351, 6.5119603 ], [ 3.6157056, 6.5118981 ], [ 3.6147175, 6.5123615 ], [ 3.6146813, 6.5123863 ], [ 3.6145314, 6.51205 ], [ 3.6139143, 6.5122071 ], [ 3.6135269, 6.5126644 ], [ 3.6126531, 6.5131086 ], [ 3.6112743, 6.5136186 ], [ 3.6107859, 6.5136656 ], [ 3.6106983, 6.513674 ], [ 3.6104887, 6.5136942 ], [ 3.6097789, 6.5137624 ], [ 3.6092758, 6.5135536 ], [ 3.608762, 6.5136855 ], [ 3.60829, 6.5137175 ], [ 3.6080432, 6.5139813 ], [ 3.6078072, 6.5140879 ], [ 3.6075202, 6.5142158 ], [ 3.6073633, 6.514269 ], [ 3.6070615, 6.5142344 ], [ 3.6067075, 6.5145596 ], [ 3.6058813, 6.5148207 ], [ 3.6058418, 6.5149953 ], [ 3.6057097, 6.5150366 ], [ 3.6054657, 6.5150403 ], [ 3.6054413, 6.51504 ], [ 3.6052277, 6.5151103 ], [ 3.6049265, 6.5152045 ], [ 3.6039395, 6.5156462 ], [ 3.6036495, 6.5156864 ], [ 3.6030757, 6.5156042 ], [ 3.602829, 6.5152258 ], [ 3.6026734, 6.515455 ], [ 3.6022657, 6.5155189 ], [ 3.6020189, 6.5155509 ], [ 3.6016113, 6.5154656 ], [ 3.600592, 6.5155029 ], [ 3.6002058, 6.5155989 ], [ 3.5997337, 6.5154709 ], [ 3.5995598, 6.5152342 ], [ 3.5989425, 6.5152298 ], [ 3.5989156, 6.5147941 ], [ 3.5988628, 6.5147674 ], [ 3.5988781, 6.5152418 ], [ 3.5984436, 6.5151245 ], [ 3.5984382, 6.5150046 ], [ 3.5981566, 6.5150232 ], [ 3.5981351, 6.5148047 ], [ 3.5981324, 6.5146768 ], [ 3.5977194, 6.5146661 ], [ 3.5977086, 6.5145462 ], [ 3.597419, 6.5146848 ], [ 3.5974295, 6.514799 ], [ 3.5967484, 6.5148021 ], [ 3.5965714, 6.5145436 ], [ 3.5962361, 6.5143783 ], [ 3.5960805, 6.5141758 ], [ 3.5957426, 6.5140959 ], [ 3.595528, 6.5141918 ], [ 3.5947502, 6.5140959 ], [ 3.5919893, 6.5137532 ], [ 3.5889477, 6.5142009 ], [ 3.5855434, 6.5138267 ], [ 3.582564, 6.5138086 ], [ 3.5807391, 6.5129697 ], [ 3.581194, 6.5117417 ], [ 3.5810749, 6.511132 ], [ 3.5801221, 6.509969 ], [ 3.5795653, 6.5092026 ], [ 3.5787682, 6.5076687 ], [ 3.5778947, 6.5061934 ], [ 3.5769505, 6.5052979 ], [ 3.5759336, 6.505024 ], [ 3.5753417, 6.5048806 ], [ 3.5750359, 6.5046727 ], [ 3.5751246, 6.5041627 ], [ 3.5752319, 6.5036062 ], [ 3.5757523, 6.5027769 ], [ 3.5759658, 6.5025189 ], [ 3.5762644, 6.5025941 ], [ 3.5764658, 6.5026873 ], [ 3.5766506, 6.50269 ], [ 3.5773426, 6.5020291 ], [ 3.5775089, 6.5017733 ], [ 3.5774392, 6.5014961 ], [ 3.5774968, 6.5013996 ], [ 3.577702, 6.5017466 ], [ 3.5778469, 6.5018532 ], [ 3.577981, 6.5018585 ], [ 3.5777664, 6.5013628 ], [ 3.577863, 6.5013522 ], [ 3.5780293, 6.501608 ], [ 3.5781097, 6.5015441 ], [ 3.578354, 6.5012174 ], [ 3.5791612, 6.4998865 ], [ 3.5794924, 6.499645 ], [ 3.5797727, 6.4994601 ], [ 3.5803144, 6.4981848 ], [ 3.5806355, 6.4975251 ], [ 3.5809451, 6.4966293 ], [ 3.5808241, 6.4960649 ], [ 3.5806042, 6.4958357 ], [ 3.580572, 6.4954093 ], [ 3.5807812, 6.4948603 ], [ 3.5806096, 6.4939489 ], [ 3.5806686, 6.4937144 ], [ 3.580867, 6.4936024 ], [ 3.5808582, 6.4932416 ], [ 3.5809153, 6.4926857 ], [ 3.5807693, 6.4926542 ], [ 3.5806019, 6.4925374 ], [ 3.5805418, 6.4924473 ], [ 3.5805138, 6.4923358 ], [ 3.5805522, 6.4921352 ], [ 3.5803514, 6.4917014 ], [ 3.5799873, 6.4913074 ], [ 3.5798117, 6.4909868 ], [ 3.5796326, 6.4909147 ], [ 3.5795715, 6.4907893 ], [ 3.5801411, 6.4905234 ], [ 3.5801378, 6.4903486 ], [ 3.5790082, 6.4908333 ], [ 3.5788517, 6.4904649 ], [ 3.579947, 6.4900351 ], [ 3.5797618, 6.4897671 ], [ 3.5794562, 6.4896849 ], [ 3.5793918, 6.4897062 ], [ 3.5792845, 6.4898367 ], [ 3.5789869, 6.4898848 ], [ 3.5784423, 6.4900873 ], [ 3.5782626, 6.4897595 ], [ 3.5786086, 6.4895116 ], [ 3.5785174, 6.4892771 ], [ 3.5781956, 6.4889813 ], [ 3.5777342, 6.488427 ], [ 3.5774285, 6.4879846 ], [ 3.5767202, 6.4875605 ], [ 3.5765004, 6.4876061 ], [ 3.5761839, 6.4875475 ], [ 3.5761303, 6.4872917 ], [ 3.5762536, 6.4870571 ], [ 3.5766345, 6.486748 ], [ 3.576597, 6.4866254 ], [ 3.5756636, 6.4872597 ], [ 3.5751539, 6.4873983 ], [ 3.5748053, 6.4873556 ], [ 3.5733942, 6.4859294 ], [ 3.571413, 6.4841769 ], [ 3.5712699, 6.4836482 ], [ 3.5711169, 6.4819918 ], [ 3.5708794, 6.4810695 ], [ 3.5706229, 6.4810697 ], [ 3.5703513, 6.4802958 ], [ 3.5697576, 6.480049 ], [ 3.5689682, 6.4799698 ], [ 3.5681853, 6.4793217 ], [ 3.5672392, 6.4788186 ], [ 3.5665303, 6.4793658 ], [ 3.5649273, 6.478986 ], [ 3.5636741, 6.4802979 ], [ 3.562616, 6.48031 ], [ 3.5612234, 6.4786099 ], [ 3.5604384, 6.4791173 ], [ 3.5588657, 6.4794998 ], [ 3.557247, 6.4777036 ], [ 3.5566019, 6.4780115 ], [ 3.5559246, 6.4771863 ], [ 3.5565616, 6.476478 ], [ 3.5563789, 6.475915 ], [ 3.5602809, 6.4735212 ], [ 3.5597357, 6.4731145 ], [ 3.5593956, 6.4722506 ], [ 3.5593319, 6.4721218 ], [ 3.55914, 6.4717334 ], [ 3.5589224, 6.471781 ], [ 3.5587334, 6.4715374 ], [ 3.5575036, 6.4703368 ], [ 3.556357, 6.4696904 ], [ 3.5558211, 6.4708204 ], [ 3.5536187, 6.4698844 ], [ 3.5520577, 6.469629 ], [ 3.5524594, 6.469034 ], [ 3.5522232, 6.4690417 ], [ 3.5522034, 6.4690737 ], [ 3.551814, 6.4697015 ], [ 3.5508637, 6.4696191 ], [ 3.5455194, 6.4697368 ], [ 3.5429154, 6.4697338 ], [ 3.5414322, 6.4696353 ], [ 3.5389505, 6.4690612 ], [ 3.5353184, 6.467952 ], [ 3.5343728, 6.4676114 ], [ 3.5336994, 6.4672708 ], [ 3.5315947, 6.4652056 ], [ 3.5312299, 6.4646087 ], [ 3.5313846, 6.4634629 ], [ 3.5315264, 6.4630172 ], [ 3.5317629, 6.4620247 ], [ 3.5323152, 6.4615454 ], [ 3.5331746, 6.4607101 ], [ 3.5354364, 6.4596831 ], [ 3.5364015, 6.4589524 ], [ 3.5370875, 6.4578047 ], [ 3.5376195, 6.4569409 ], [ 3.5380076, 6.4567673 ], [ 3.5384282, 6.4567715 ], [ 3.5387529, 6.4568318 ], [ 3.5390177, 6.4569039 ], [ 3.5391056, 6.4569061 ], [ 3.5392246, 6.4568771 ], [ 3.5393073, 6.4568284 ], [ 3.5397356, 6.4562201 ], [ 3.5401351, 6.4557689 ], [ 3.5405886, 6.4553191 ], [ 3.5409861, 6.4556787 ], [ 3.5412702, 6.4562638 ], [ 3.5413077, 6.4570564 ], [ 3.5415692, 6.4567765 ], [ 3.5418281, 6.4565767 ], [ 3.5418093, 6.4563315 ], [ 3.5420172, 6.4561289 ], [ 3.5421513, 6.4560313 ], [ 3.5423986, 6.4558514 ], [ 3.542758, 6.4556702 ], [ 3.5433226, 6.4551424 ], [ 3.5438886, 6.4546254 ], [ 3.5444143, 6.4539857 ], [ 3.5448697, 6.4535038 ], [ 3.5452612, 6.4532254 ], [ 3.5454881, 6.4531374 ], [ 3.5459425, 6.4532304 ], [ 3.5461319, 6.4529869 ], [ 3.546348, 6.4522047 ], [ 3.546543, 6.4517195 ], [ 3.5466473, 6.4515983 ], [ 3.546699, 6.4515382 ], [ 3.5469704, 6.4510533 ], [ 3.5470369, 6.4508418 ], [ 3.5470591, 6.4506966 ], [ 3.5469725, 6.4506652 ], [ 3.5468761, 6.450711 ], [ 3.5467674, 6.4510909 ], [ 3.5465427, 6.4512161 ], [ 3.5461547, 6.4514586 ], [ 3.5458188, 6.4518127 ], [ 3.5455554, 6.4521805 ], [ 3.5454295, 6.452485 ], [ 3.5452653, 6.4526401 ], [ 3.5450141, 6.4528311 ], [ 3.5448826, 6.4531075 ], [ 3.5446381, 6.4533451 ], [ 3.5444024, 6.4535747 ], [ 3.5442551, 6.453716 ], [ 3.5438476, 6.4538851 ], [ 3.5434284, 6.4538632 ], [ 3.5431353, 6.4539721 ], [ 3.5430229, 6.4541519 ], [ 3.5426144, 6.4543629 ], [ 3.5420613, 6.4544284 ], [ 3.5417722, 6.4543482 ], [ 3.5415227, 6.454279 ], [ 3.5412481, 6.4540593 ], [ 3.5410195, 6.4537541 ], [ 3.5412136, 6.4534656 ], [ 3.5411672, 6.4533422 ], [ 3.5411468, 6.4531852 ], [ 3.5409632, 6.4532819 ], [ 3.5407339, 6.4536186 ], [ 3.5403905, 6.4534229 ], [ 3.5400451, 6.4534275 ], [ 3.5398667, 6.453531 ], [ 3.5398325, 6.4537946 ], [ 3.5398968, 6.45402 ], [ 3.5397879, 6.4539564 ], [ 3.5395841, 6.4537232 ], [ 3.5392715, 6.4536526 ], [ 3.5390067, 6.4537188 ], [ 3.5387806, 6.4543037 ], [ 3.538765, 6.4545685 ], [ 3.5390373, 6.4547398 ], [ 3.5389747, 6.454894 ], [ 3.538432, 6.4549195 ], [ 3.5381224, 6.4553091 ], [ 3.5381035, 6.4557402 ], [ 3.5373335, 6.4561906 ], [ 3.5357662, 6.4572376 ], [ 3.5357098, 6.4579915 ], [ 3.5355964, 6.45801 ], [ 3.5354077, 6.4576133 ], [ 3.535201, 6.4578947 ], [ 3.5347951, 6.4580724 ], [ 3.5346549, 6.4584386 ], [ 3.5344648, 6.4583324 ], [ 3.5344644, 6.4579245 ], [ 3.5342269, 6.4584593 ], [ 3.5340083, 6.4587491 ], [ 3.5333807, 6.459003 ], [ 3.5326203, 6.4588045 ], [ 3.5315563, 6.4591527 ], [ 3.5314925, 6.4592156 ], [ 3.5311164, 6.4597649 ], [ 3.5306928, 6.4602766 ], [ 3.5306954, 6.4607409 ], [ 3.5306635, 6.4618947 ], [ 3.530423, 6.4622923 ], [ 3.5301582, 6.4627111 ], [ 3.5299271, 6.4632103 ], [ 3.5296149, 6.4639743 ], [ 3.5296231, 6.4646405 ], [ 3.5298465, 6.4651183 ], [ 3.5299851, 6.4655864 ], [ 3.530153, 6.4659801 ], [ 3.5303008, 6.4663238 ], [ 3.5307929, 6.4668005 ], [ 3.5306367, 6.4671256 ], [ 3.5295117, 6.4674629 ], [ 3.5287616, 6.4674703 ], [ 3.5283151, 6.4679865 ], [ 3.5278645, 6.4687669 ], [ 3.5276454, 6.4695835 ], [ 3.5271726, 6.4699802 ], [ 3.52688, 6.4693593 ], [ 3.5265601, 6.4700647 ], [ 3.5262659, 6.4705644 ], [ 3.5258106, 6.4711205 ], [ 3.5253646, 6.4714976 ], [ 3.5248144, 6.4720255 ], [ 3.5245097, 6.4725018 ], [ 3.5244687, 6.4727515 ], [ 3.5244121, 6.4731754 ], [ 3.5245897, 6.4734671 ], [ 3.5248594, 6.473701 ], [ 3.5259747, 6.4739724 ], [ 3.5262503, 6.4740866 ], [ 3.5262576, 6.4741876 ], [ 3.5262903, 6.474638 ], [ 3.5261865, 6.4758642 ], [ 3.5261807, 6.4759333 ], [ 3.5262262, 6.4766475 ], [ 3.5262337, 6.4772845 ], [ 3.5260261, 6.478391 ], [ 3.5257112, 6.4785119 ], [ 3.5245528, 6.4785124 ], [ 3.5241978, 6.4783015 ], [ 3.5241406, 6.4784572 ], [ 3.524134, 6.4791722 ], [ 3.5242257, 6.4796096 ], [ 3.5260792, 6.4796164 ], [ 3.5262765, 6.4796293 ], [ 3.5262709, 6.4801224 ], [ 3.5258047, 6.4805698 ], [ 3.5250441, 6.4805596 ], [ 3.5245149, 6.4805339 ], [ 3.522394, 6.4804645 ], [ 3.5217453, 6.4803046 ], [ 3.5210357, 6.4802962 ], [ 3.5205107, 6.479775 ], [ 3.5201752, 6.4796999 ], [ 3.5196117, 6.4796741 ], [ 3.5193258, 6.4796794 ], [ 3.5189357, 6.4796866 ], [ 3.5178426, 6.4796498 ], [ 3.5178329, 6.4788186 ], [ 3.5177007, 6.4784704 ], [ 3.5173591, 6.4779284 ], [ 3.5171382, 6.4776011 ], [ 3.5171936, 6.4766387 ], [ 3.5173437, 6.4756846 ], [ 3.5174394, 6.4749794 ], [ 3.517952, 6.4736531 ], [ 3.5182243, 6.4734603 ], [ 3.5227273, 6.4737628 ], [ 3.5234331, 6.4732262 ], [ 3.5230753, 6.4730085 ], [ 3.522408, 6.4729996 ], [ 3.5222393, 6.472799 ], [ 3.5222393, 6.4726071 ], [ 3.5221749, 6.4723619 ], [ 3.5219872, 6.4721807 ], [ 3.5218584, 6.4717543 ], [ 3.5216653, 6.4714345 ], [ 3.5215473, 6.47104 ], [ 3.5215473, 6.4705496 ], [ 3.5217404, 6.4701872 ], [ 3.5220301, 6.4696542 ], [ 3.5226095, 6.469377 ], [ 3.522706, 6.4690572 ], [ 3.5230815, 6.4689825 ], [ 3.5232532, 6.4690358 ], [ 3.523221, 6.4695049 ], [ 3.5234034, 6.4703151 ], [ 3.5237145, 6.4704111 ], [ 3.5243904, 6.470443 ], [ 3.5254744, 6.4702284 ], [ 3.52569, 6.4697111 ], [ 3.5254884, 6.469195 ], [ 3.5255597, 6.4688659 ], [ 3.5256399, 6.4686653 ], [ 3.5262316, 6.4685158 ], [ 3.5264767, 6.4681508 ], [ 3.5270155, 6.4678305 ], [ 3.5271483, 6.4670292 ], [ 3.5271483, 6.4657754 ], [ 3.5270724, 6.4651344 ], [ 3.5271293, 6.4645688 ], [ 3.5272052, 6.4642577 ], [ 3.5273855, 6.464088 ], [ 3.528135, 6.4634375 ], [ 3.5290173, 6.4626362 ], [ 3.5291587, 6.4624403 ], [ 3.5291402, 6.4622645 ], [ 3.5290972, 6.4620982 ], [ 3.5293654, 6.4617917 ], [ 3.5296245, 6.4616111 ], [ 3.5295801, 6.4611384 ], [ 3.5292447, 6.461352 ], [ 3.5288558, 6.4614453 ], [ 3.528266, 6.4614577 ], [ 3.5281255, 6.4612695 ], [ 3.5279034, 6.4613828 ], [ 3.5278161, 6.4615903 ], [ 3.5278158, 6.4617133 ], [ 3.5276957, 6.4625362 ], [ 3.5273175, 6.4631517 ], [ 3.5268724, 6.463304 ], [ 3.5270409, 6.4636695 ], [ 3.5269818, 6.4638842 ], [ 3.5267023, 6.4636918 ], [ 3.5257175, 6.4643389 ], [ 3.525301, 6.4646507 ], [ 3.5250975, 6.4646416 ], [ 3.524875, 6.4647269 ], [ 3.5244773, 6.46487 ], [ 3.5240322, 6.4648813 ], [ 3.5237341, 6.4646993 ], [ 3.5236778, 6.4645975 ], [ 3.5233194, 6.464836 ], [ 3.5226398, 6.4637735 ], [ 3.522148, 6.4631644 ], [ 3.5207898, 6.4614826 ], [ 3.5183657, 6.4615481 ], [ 3.5183063, 6.4615564 ], [ 3.5175605, 6.4615785 ], [ 3.5176248, 6.4623461 ], [ 3.5205431, 6.4624847 ], [ 3.521565, 6.4633295 ], [ 3.5223618, 6.4646144 ], [ 3.52221, 6.4653894 ], [ 3.5206298, 6.4663996 ], [ 3.5181926, 6.4683621 ], [ 3.5168762, 6.4683589 ], [ 3.5146478, 6.4684389 ], [ 3.5142851, 6.4691711 ], [ 3.5143729, 6.4695544 ], [ 3.514379, 6.4711322 ], [ 3.5139336, 6.4709636 ], [ 3.5096349, 6.4709086 ], [ 3.5075285, 6.4705713 ], [ 3.5070836, 6.4702187 ], [ 3.5073721, 6.4673068 ], [ 3.5081979, 6.4668577 ], [ 3.5085988, 6.4666975 ], [ 3.5086316, 6.4665381 ], [ 3.508227, 6.4660993 ], [ 3.507999, 6.4655117 ], [ 3.5074842, 6.465392 ], [ 3.5073826, 6.465137 ], [ 3.5074183, 6.4647665 ], [ 3.5077578, 6.4646661 ], [ 3.508047, 6.4648502 ], [ 3.5083354, 6.4647831 ], [ 3.5084977, 6.4641689 ], [ 3.5088165, 6.4641196 ], [ 3.5089885, 6.4643172 ], [ 3.5090308, 6.4652544 ], [ 3.5092222, 6.4657159 ], [ 3.5094413, 6.4657159 ], [ 3.5095951, 6.4653308 ], [ 3.5094852, 6.4645922 ], [ 3.5090865, 6.4635403 ], [ 3.508985, 6.4628566 ], [ 3.5087027, 6.4627145 ], [ 3.508621, 6.4614342 ], [ 3.5083534, 6.4610414 ], [ 3.5072502, 6.4613089 ], [ 3.5067585, 6.4613268 ], [ 3.5064445, 6.4612196 ], [ 3.5063848, 6.4606884 ], [ 3.5064468, 6.4601655 ], [ 3.5068662, 6.459753 ], [ 3.5077405, 6.4595486 ], [ 3.5080644, 6.4593962 ], [ 3.5082024, 6.4595995 ], [ 3.5085786, 6.4595825 ], [ 3.5087986, 6.4594468 ], [ 3.5087229, 6.4589764 ], [ 3.508394, 6.4576956 ], [ 3.5079591, 6.4568776 ], [ 3.5074123, 6.4562548 ], [ 3.507136, 6.4564055 ], [ 3.5065086, 6.4556785 ], [ 3.506438, 6.4556318 ], [ 3.5063234, 6.4557458 ], [ 3.5065041, 6.4560635 ], [ 3.5064019, 6.4562878 ], [ 3.5066737, 6.4568828 ], [ 3.5057098, 6.4572371 ], [ 3.505206, 6.4573749 ], [ 3.5036154, 6.4571505 ], [ 3.5034325, 6.4563727 ], [ 3.5029813, 6.4557549 ], [ 3.503171, 6.4551546 ], [ 3.5035353, 6.4546074 ], [ 3.5031663, 6.4546945 ], [ 3.5027998, 6.4550664 ], [ 3.5022889, 6.4550971 ], [ 3.5016221, 6.4550718 ], [ 3.5004564, 6.4549958 ], [ 3.5000017, 6.4549264 ], [ 3.4998859, 6.4549087 ], [ 3.4994262, 6.4548188 ], [ 3.498886, 6.4546416 ], [ 3.4986009, 6.4545696 ], [ 3.4984566, 6.4547331 ], [ 3.498019, 6.4548564 ], [ 3.4976527, 6.4548739 ], [ 3.4975247, 6.4549117 ], [ 3.4974212, 6.4547514 ], [ 3.4974872, 6.4549608 ], [ 3.4973497, 6.4550049 ], [ 3.4971718, 6.4550925 ], [ 3.4969467, 6.4550739 ], [ 3.4959543, 6.4553914 ], [ 3.4951754, 6.4556571 ], [ 3.4948793, 6.4558183 ], [ 3.4944906, 6.4559436 ], [ 3.4941567, 6.4560043 ], [ 3.493889, 6.4560374 ], [ 3.4937275, 6.4560734 ], [ 3.4935701, 6.4561453 ], [ 3.4932764, 6.4563154 ], [ 3.4929634, 6.4564918 ], [ 3.4925573, 6.4566557 ], [ 3.4923178, 6.4567191 ], [ 3.4921804, 6.4567247 ], [ 3.4920324, 6.4567013 ], [ 3.4919412, 6.4567296 ], [ 3.4915878, 6.4569133 ], [ 3.4906939, 6.4572561 ], [ 3.4898539, 6.4574535 ], [ 3.4881353, 6.4578729 ], [ 3.4879185, 6.4579502 ], [ 3.4869356, 6.4582357 ], [ 3.486218, 6.4585214 ], [ 3.4856902, 6.4587226 ], [ 3.4851703, 6.4589015 ], [ 3.4850048, 6.4589585 ], [ 3.4831894, 6.4595343 ], [ 3.483669, 6.4602213 ], [ 3.4837399, 6.460326 ], [ 3.4844591, 6.4610199 ], [ 3.4854344, 6.4608753 ], [ 3.4843518, 6.4595019 ], [ 3.4872619, 6.4584807 ], [ 3.4912606, 6.4572199 ], [ 3.4937291, 6.4562609 ], [ 3.4943942, 6.4560954 ], [ 3.4947077, 6.4562442 ], [ 3.4948431, 6.4567282 ], [ 3.4947495, 6.4571003 ], [ 3.4941041, 6.4574767 ], [ 3.4936368, 6.4581019 ], [ 3.4934824, 6.4596077 ], [ 3.4922029, 6.4595895 ], [ 3.4900373, 6.4592615 ], [ 3.4897518, 6.4596447 ], [ 3.4887758, 6.4595715 ], [ 3.4878048, 6.4596831 ], [ 3.4872906, 6.4605604 ], [ 3.4863657, 6.4614633 ], [ 3.4859339, 6.4616273 ], [ 3.4855466, 6.4610494 ], [ 3.4845783, 6.4611726 ], [ 3.484837, 6.4615469 ], [ 3.485348, 6.4625286 ], [ 3.4858499, 6.463235 ], [ 3.4863675, 6.4637675 ], [ 3.4870246, 6.4643599 ], [ 3.4871217, 6.4644407 ], [ 3.4873245, 6.4646094 ], [ 3.4887102, 6.4653227 ], [ 3.4895086, 6.4655999 ], [ 3.4900766, 6.4657971 ], [ 3.4911049, 6.4660654 ], [ 3.4916574, 6.4657149 ], [ 3.4915671, 6.4655458 ], [ 3.4895568, 6.4648595 ], [ 3.4879653, 6.464007 ], [ 3.4863017, 6.4626039 ], [ 3.4860576, 6.4622282 ], [ 3.4860289, 6.4619576 ], [ 3.4862651, 6.4617728 ], [ 3.4945584, 6.4618023 ], [ 3.4948586, 6.4616269 ], [ 3.4948002, 6.4583481 ], [ 3.4949807, 6.4581896 ], [ 3.4951624, 6.4582952 ], [ 3.4951757, 6.458954 ], [ 3.4954389, 6.4594065 ], [ 3.4957149, 6.4595343 ], [ 3.4958712, 6.4601432 ], [ 3.4956011, 6.4615299 ], [ 3.4958719, 6.4614911 ], [ 3.496132, 6.4617631 ], [ 3.4970098, 6.4617436 ], [ 3.4975348, 6.4620372 ], [ 3.4981993, 6.4620568 ], [ 3.4989026, 6.461939 ], [ 3.4989885, 6.4669215 ], [ 3.4987645, 6.4670582 ], [ 3.4986266, 6.4667853 ], [ 3.4976679, 6.466284 ], [ 3.4971699, 6.4661885 ], [ 3.4970007, 6.4663415 ], [ 3.4966027, 6.4673729 ], [ 3.4962273, 6.4669997 ], [ 3.492831, 6.4658847 ], [ 3.4919649, 6.4659226 ], [ 3.4911992, 6.4663689 ], [ 3.4911283, 6.4666899 ], [ 3.4911215, 6.4668634 ], [ 3.4911145, 6.4670423 ], [ 3.4926833, 6.4674354 ], [ 3.4942578, 6.4678604 ], [ 3.495027, 6.4680008 ], [ 3.4956668, 6.4680881 ], [ 3.4963555, 6.4684919 ], [ 3.497614, 6.4690949 ], [ 3.498062, 6.4690363 ], [ 3.4989094, 6.4693377 ], [ 3.4990489, 6.469273 ], [ 3.4993869, 6.4685295 ], [ 3.499378, 6.4683622 ], [ 3.4983141, 6.4679691 ], [ 3.4982503, 6.467814 ], [ 3.4982744, 6.4676083 ], [ 3.4984516, 6.4674208 ], [ 3.4988588, 6.467557 ], [ 3.499134, 6.4675058 ], [ 3.4994836, 6.4670323 ], [ 3.4997726, 6.4670322 ], [ 3.4998386, 6.4672512 ], [ 3.4999539, 6.4677794 ], [ 3.5001582, 6.468229 ], [ 3.5021702, 6.4690573 ], [ 3.5021225, 6.4692542 ], [ 3.5016469, 6.4692005 ], [ 3.4996834, 6.468475 ], [ 3.4995854, 6.4685135 ], [ 3.4991911, 6.469377 ], [ 3.4991934, 6.4694387 ], [ 3.5012506, 6.4701705 ], [ 3.5038895, 6.4711197 ], [ 3.504175, 6.4711567 ], [ 3.5050007, 6.4713358 ], [ 3.5055898, 6.471533 ], [ 3.5055911, 6.4728448 ], [ 3.5057052, 6.4736769 ], [ 3.5055784, 6.4748038 ], [ 3.5057674, 6.4750203 ], [ 3.506107, 6.4749951 ], [ 3.5064004, 6.4748396 ], [ 3.507111, 6.4750218 ], [ 3.5075666, 6.4750202 ], [ 3.5078303, 6.4752623 ], [ 3.5081048, 6.4755288 ], [ 3.5082289, 6.4757602 ], [ 3.5083218, 6.4762378 ], [ 3.5082019, 6.4766245 ], [ 3.5079769, 6.4769023 ], [ 3.5079723, 6.4772654 ], [ 3.5078973, 6.477504 ], [ 3.5078257, 6.4777342 ], [ 3.5076007, 6.4778054 ], [ 3.5073532, 6.4786308 ], [ 3.507111, 6.4791532 ], [ 3.5067463, 6.4796123 ], [ 3.5064709, 6.4798328 ], [ 3.5061143, 6.4799538 ], [ 3.5049237, 6.4800553 ], [ 3.5044148, 6.4797265 ], [ 3.5039455, 6.4797532 ], [ 3.5033237, 6.4795991 ], [ 3.5027909, 6.478935 ], [ 3.5023892, 6.4783275 ], [ 3.5020475, 6.4781115 ], [ 3.5005892, 6.4785055 ], [ 3.5005826, 6.4789051 ], [ 3.5004927, 6.4791244 ], [ 3.5001827, 6.4791572 ], [ 3.4999596, 6.4791233 ], [ 3.4997249, 6.4793498 ], [ 3.4996068, 6.4795683 ], [ 3.4995961, 6.4797496 ], [ 3.4994835, 6.4800747 ], [ 3.4993279, 6.4801706 ], [ 3.4990972, 6.4804798 ], [ 3.4988688, 6.4806188 ], [ 3.4986305, 6.4808156 ], [ 3.4985199, 6.480885 ], [ 3.4983998, 6.4807943 ], [ 3.4981258, 6.4805989 ], [ 3.4979761, 6.480176 ], [ 3.4978473, 6.4797922 ], [ 3.4977894, 6.4795016 ], [ 3.4978008, 6.4790444 ], [ 3.4976931, 6.4788223 ], [ 3.497408, 6.4781636 ], [ 3.4971788, 6.4767502 ], [ 3.4971946, 6.4743368 ], [ 3.4974148, 6.4726159 ], [ 3.4973876, 6.4720185 ], [ 3.4974977, 6.4696479 ], [ 3.4965776, 6.4690421 ], [ 3.4962915, 6.4688313 ], [ 3.4955605, 6.4727045 ], [ 3.4955872, 6.4747256 ], [ 3.4956345, 6.4750057 ], [ 3.495259, 6.475035 ], [ 3.494575, 6.4750244 ], [ 3.4938723, 6.475027 ], [ 3.4937033, 6.4750643 ], [ 3.4934968, 6.4749977 ], [ 3.4932071, 6.4746539 ], [ 3.4929684, 6.474486 ], [ 3.4927458, 6.4744594 ], [ 3.4922683, 6.474558 ], [ 3.4919545, 6.4745206 ], [ 3.491402, 6.4742941 ], [ 3.4913135, 6.4741928 ], [ 3.4911552, 6.4741315 ], [ 3.4910104, 6.4740169 ], [ 3.4909031, 6.4738997 ], [ 3.4905329, 6.4737504 ], [ 3.4903237, 6.4737718 ], [ 3.4902057, 6.4738997 ], [ 3.4900528, 6.4742115 ], [ 3.4899992, 6.474494 ], [ 3.4901252, 6.4746592 ], [ 3.4904337, 6.4747392 ], [ 3.4908682, 6.4747312 ], [ 3.4910774, 6.4746459 ], [ 3.4913108, 6.4745313 ], [ 3.4915119, 6.474518 ], [ 3.491933, 6.4746672 ], [ 3.492271, 6.4747072 ], [ 3.492668, 6.4746299 ], [ 3.4928772, 6.4746592 ], [ 3.4931052, 6.4747712 ], [ 3.4932259, 6.4749071 ], [ 3.4933653, 6.4750697 ], [ 3.4935397, 6.4751869 ], [ 3.4936872, 6.4752269 ], [ 3.4943336, 6.4752269 ], [ 3.4949318, 6.4752136 ], [ 3.4954065, 6.4751869 ], [ 3.4955487, 6.4752562 ], [ 3.4956774, 6.4753175 ], [ 3.4958214, 6.4758538 ], [ 3.4956491, 6.478522 ], [ 3.4950682, 6.4790363 ], [ 3.4950425, 6.4799676 ], [ 3.4949175, 6.4802741 ], [ 3.4924624, 6.4804916 ], [ 3.4910091, 6.4802614 ], [ 3.4908122, 6.4792705 ], [ 3.4906038, 6.4790656 ], [ 3.4904141, 6.4793271 ], [ 3.4903388, 6.4801952 ], [ 3.487339, 6.4807363 ], [ 3.4866276, 6.4810046 ], [ 3.486249, 6.4815437 ], [ 3.4854625, 6.4821211 ], [ 3.4844276, 6.4821492 ], [ 3.4838391, 6.4815718 ], [ 3.4830078, 6.4808963 ], [ 3.4829261, 6.4789429 ], [ 3.4826322, 6.4780676 ], [ 3.4820498, 6.4772623 ], [ 3.4815928, 6.4769025 ], [ 3.4815719, 6.4764521 ], [ 3.4818362, 6.475799 ], [ 3.4823964, 6.4754314 ], [ 3.4828982, 6.4741547 ], [ 3.483352, 6.4738268 ], [ 3.4833733, 6.4738268 ], [ 3.4837803, 6.4740886 ], [ 3.4844764, 6.4739019 ], [ 3.4844998, 6.4729743 ], [ 3.4852652, 6.4709186 ], [ 3.4864576, 6.4696157 ], [ 3.4887801, 6.4682186 ], [ 3.4906021, 6.4672375 ], [ 3.4908414, 6.4668371 ], [ 3.4907622, 6.4664856 ], [ 3.4895782, 6.466203 ], [ 3.489294, 6.4662587 ], [ 3.4886623, 6.4665745 ], [ 3.4876967, 6.4671929 ], [ 3.4870296, 6.4677165 ], [ 3.4857602, 6.4689118 ], [ 3.4850307, 6.4699199 ], [ 3.4845506, 6.4705493 ], [ 3.4844938, 6.4708816 ], [ 3.4842746, 6.4711796 ], [ 3.4839615, 6.4716261 ], [ 3.4836742, 6.471557 ], [ 3.4828437, 6.4710173 ], [ 3.4813565, 6.4696217 ], [ 3.480164, 6.4683452 ], [ 3.4798758, 6.468456 ], [ 3.4790957, 6.4669277 ], [ 3.4785348, 6.4660973 ], [ 3.4785132, 6.4654239 ], [ 3.4776914, 6.464569 ], [ 3.4775422, 6.4641392 ], [ 3.477739, 6.4634273 ], [ 3.4762249, 6.4619347 ], [ 3.4761688, 6.4613927 ], [ 3.4759216, 6.46102 ], [ 3.4758107, 6.4608662 ], [ 3.4754985, 6.4604983 ], [ 3.4754903, 6.4602435 ], [ 3.4754015, 6.4600082 ], [ 3.4752619, 6.4598137 ], [ 3.4746097, 6.4601508 ], [ 3.4745424, 6.4601865 ], [ 3.4744188, 6.4602473 ], [ 3.4741582, 6.4603832 ], [ 3.4739338, 6.4604641 ], [ 3.4734432, 6.460591 ], [ 3.472987, 6.4604328 ], [ 3.4720485, 6.4601037 ], [ 3.4719798, 6.4601654 ], [ 3.4717424, 6.4600462 ], [ 3.4715359, 6.4600631 ], [ 3.4714879, 6.4600836 ], [ 3.4713699, 6.4600663 ], [ 3.4701817, 6.4603286 ], [ 3.4700546, 6.4604161 ], [ 3.4694415, 6.4606028 ], [ 3.468635, 6.4607628 ], [ 3.467993, 6.4607592 ], [ 3.4677235, 6.4608618 ], [ 3.467077, 6.4609284 ], [ 3.4661356, 6.4615508 ], [ 3.4648685, 6.462437 ], [ 3.4647799, 6.462481 ], [ 3.4645712, 6.4625847 ], [ 3.4632971, 6.4632424 ], [ 3.4623663, 6.4637734 ], [ 3.4621327, 6.4646516 ], [ 3.4618667, 6.4648241 ], [ 3.4616715, 6.4649543 ], [ 3.46139, 6.4648835 ], [ 3.4611096, 6.4647583 ], [ 3.4608917, 6.4648255 ], [ 3.4607588, 6.4651459 ], [ 3.4609602, 6.4654632 ], [ 3.4602697, 6.4657672 ], [ 3.4602201, 6.465674 ], [ 3.4601603, 6.4657305 ], [ 3.4596466, 6.4658577 ], [ 3.4596473, 6.4659219 ], [ 3.4590564, 6.4660332 ], [ 3.4583344, 6.4661656 ], [ 3.4582064, 6.4663024 ], [ 3.4580423, 6.4663319 ], [ 3.4579295, 6.4662148 ], [ 3.4576589, 6.4662396 ], [ 3.4574944, 6.466412 ], [ 3.4570097, 6.4664897 ], [ 3.4570243, 6.4664102 ], [ 3.4564465, 6.4664852 ], [ 3.4564613, 6.4665354 ], [ 3.454435, 6.4669238 ], [ 3.4539184, 6.4670273 ], [ 3.4537803, 6.467058 ], [ 3.4533429, 6.4671513 ], [ 3.4525916, 6.4673385 ], [ 3.4515229, 6.4675354 ], [ 3.4510991, 6.4676127 ], [ 3.4510703, 6.4677776 ], [ 3.4505547, 6.4678762 ], [ 3.4505307, 6.4677691 ], [ 3.4503919, 6.4676837 ], [ 3.4500745, 6.4677592 ], [ 3.4497151, 6.4679591 ], [ 3.44953, 6.4679778 ], [ 3.4492242, 6.4680524 ], [ 3.4490439, 6.468096 ], [ 3.4490592, 6.4681636 ], [ 3.4475171, 6.4684774 ], [ 3.4473195, 6.4685181 ], [ 3.4473137, 6.4685192 ], [ 3.4473079, 6.4685204 ], [ 3.4471839, 6.4685459 ], [ 3.4470376, 6.4686225 ], [ 3.4467794, 6.4687135 ], [ 3.4466328, 6.4688122 ], [ 3.4460376, 6.4688702 ], [ 3.4460096, 6.4687682 ], [ 3.4458846, 6.4687942 ], [ 3.445751, 6.4687726 ], [ 3.4455893, 6.4688114 ], [ 3.4453616, 6.4688216 ], [ 3.4450251, 6.468641 ], [ 3.4448202, 6.468456 ], [ 3.4447899, 6.4683169 ], [ 3.4446151, 6.4680141 ], [ 3.4445551, 6.4680484 ], [ 3.4444978, 6.4679259 ], [ 3.4444567, 6.467767 ], [ 3.4444084, 6.4676109 ], [ 3.4443399, 6.4673994 ], [ 3.4443346, 6.4672555 ], [ 3.4443051, 6.4671436 ], [ 3.4443077, 6.467029 ], [ 3.4442309, 6.4666192 ], [ 3.4436718, 6.466276 ], [ 3.4439232, 6.4658566 ], [ 3.4441389, 6.4657265 ], [ 3.4441752, 6.4656207 ], [ 3.4443426, 6.4655125 ], [ 3.4443158, 6.4653846 ], [ 3.4448897, 6.4650829 ], [ 3.4451314, 6.4648973 ], [ 3.44475, 6.46462 ], [ 3.4450467, 6.4643409 ], [ 3.4452292, 6.4641992 ], [ 3.4453388, 6.4641327 ], [ 3.4454337, 6.4640706 ], [ 3.4455576, 6.4639838 ], [ 3.4457627, 6.4638584 ], [ 3.4458563, 6.4639679 ], [ 3.4466515, 6.4633987 ], [ 3.446963, 6.4639048 ], [ 3.4471103, 6.4638395 ], [ 3.4469557, 6.4634853 ], [ 3.4467063, 6.4630303 ], [ 3.4464229, 6.4631789 ], [ 3.4461555, 6.4632712 ], [ 3.4453635, 6.4637794 ], [ 3.4451511, 6.4639795 ], [ 3.4449151, 6.4641255 ], [ 3.4446956, 6.4641605 ], [ 3.4445338, 6.4642788 ], [ 3.4444447, 6.4642893 ], [ 3.4443828, 6.4644123 ], [ 3.4443904, 6.4645038 ], [ 3.4443241, 6.4645804 ], [ 3.4442561, 6.4646727 ], [ 3.4441369, 6.4648584 ], [ 3.4440133, 6.4649381 ], [ 3.4437703, 6.4650883 ], [ 3.4434692, 6.4652012 ], [ 3.443189, 6.4653276 ], [ 3.4432295, 6.4654286 ], [ 3.4433364, 6.4656433 ], [ 3.442939, 6.4658313 ], [ 3.4419801, 6.4665409 ], [ 3.4417923, 6.4666758 ], [ 3.4417037, 6.4668915 ], [ 3.4416077, 6.4674039 ], [ 3.4415185, 6.4678272 ], [ 3.441363, 6.468652 ], [ 3.4412028, 6.4686652 ], [ 3.4410356, 6.4687945 ], [ 3.4409917, 6.4692999 ], [ 3.4408618, 6.4694699 ], [ 3.4406965, 6.4695521 ], [ 3.4405227, 6.4695637 ], [ 3.4402976, 6.4695016 ], [ 3.4401408, 6.4693726 ], [ 3.4398922, 6.4692037 ], [ 3.4396471, 6.46889 ], [ 3.4396108, 6.4686355 ], [ 3.4397534, 6.4685021 ], [ 3.4403813, 6.4657103 ], [ 3.4404862, 6.4656022 ], [ 3.4402478, 6.4654237 ], [ 3.4398537, 6.4660011 ], [ 3.4397152, 6.4662469 ], [ 3.4396322, 6.4665478 ], [ 3.4391953, 6.4674883 ], [ 3.4391042, 6.4676583 ], [ 3.4386458, 6.4674861 ], [ 3.4384475, 6.4674735 ], [ 3.4380143, 6.4676679 ], [ 3.4376928, 6.467698 ], [ 3.437581, 6.4675669 ], [ 3.4374925, 6.4675036 ], [ 3.4373432, 6.4672038 ], [ 3.4373311, 6.4667075 ], [ 3.4371752, 6.4667586 ], [ 3.4370659, 6.4669164 ], [ 3.436952, 6.4668445 ], [ 3.4369945, 6.4666079 ], [ 3.436889, 6.4664227 ], [ 3.4368677, 6.4662701 ], [ 3.4373783, 6.4657535 ], [ 3.4377675, 6.4655247 ], [ 3.438026, 6.4651474 ], [ 3.4372752, 6.4646636 ], [ 3.437158, 6.4648374 ], [ 3.4368658, 6.4652016 ], [ 3.4367511, 6.4650684 ], [ 3.4365912, 6.4648479 ], [ 3.4365006, 6.4646813 ], [ 3.4361198, 6.4636427 ], [ 3.4360153, 6.4636077 ], [ 3.4358847, 6.463564 ], [ 3.4356122, 6.4636859 ], [ 3.4355966, 6.4636934 ], [ 3.4354898, 6.4637998 ], [ 3.4350884, 6.4640199 ], [ 3.4348767, 6.4641137 ], [ 3.434367, 6.4643013 ], [ 3.4344018, 6.4643932 ], [ 3.4334256, 6.4647003 ], [ 3.4331677, 6.4647517 ], [ 3.4326641, 6.4647346 ], [ 3.4322937, 6.4648748 ], [ 3.4320996, 6.4648735 ], [ 3.4317978, 6.4646513 ], [ 3.4313898, 6.4644903 ], [ 3.4312161, 6.4645412 ], [ 3.4303643, 6.4644951 ], [ 3.4297321, 6.4649054 ], [ 3.4292101, 6.4652844 ], [ 3.4289046, 6.4656537 ], [ 3.4282678, 6.4663615 ], [ 3.4282184, 6.4664693 ], [ 3.4279057, 6.4667571 ], [ 3.4279671, 6.4667931 ], [ 3.4277129, 6.4670455 ], [ 3.4276091, 6.4669535 ], [ 3.4273466, 6.4672259 ], [ 3.4271747, 6.4673557 ], [ 3.4273225, 6.4674721 ], [ 3.4272279, 6.4675977 ], [ 3.4269449, 6.4677023 ], [ 3.4266165, 6.4677778 ], [ 3.4264874, 6.4677621 ], [ 3.4264014, 6.4677292 ], [ 3.4263341, 6.4676824 ], [ 3.425661, 6.4676366 ], [ 3.425535, 6.4675594 ], [ 3.4248832, 6.4676313 ], [ 3.4246504, 6.4676697 ], [ 3.4243218, 6.4677664 ], [ 3.4242503, 6.4677812 ], [ 3.4240167, 6.4678296 ], [ 3.4233551, 6.4679224 ], [ 3.4230399, 6.4679378 ], [ 3.422719, 6.4680182 ], [ 3.4226944, 6.4679262 ], [ 3.4220239, 6.4679858 ], [ 3.4216894, 6.4678649 ], [ 3.4214472, 6.4677556 ], [ 3.4212067, 6.467589 ], [ 3.4208817, 6.4673101 ], [ 3.420893, 6.4672662 ], [ 3.42065, 6.4670462 ], [ 3.4207586, 6.4669052 ], [ 3.420558, 6.4666763 ], [ 3.4204992, 6.4667397 ], [ 3.4201604, 6.4664335 ], [ 3.4198608, 6.4659442 ], [ 3.4199795, 6.4658818 ], [ 3.4199115, 6.4657645 ], [ 3.4197203, 6.465656 ], [ 3.4195943, 6.4656965 ], [ 3.4194362, 6.4656994 ], [ 3.4188294, 6.4653953 ], [ 3.4187445, 6.4650794 ], [ 3.4184092, 6.4650209 ], [ 3.4177537, 6.4646952 ], [ 3.4176297, 6.4645379 ], [ 3.4175953, 6.4644943 ], [ 3.4173762, 6.4643939 ], [ 3.4173097, 6.4643626 ], [ 3.4168941, 6.4641128 ], [ 3.4168129, 6.4640639 ], [ 3.4166474, 6.4640514 ], [ 3.4166451, 6.4641761 ], [ 3.415437, 6.463899 ], [ 3.4154377, 6.4639951 ], [ 3.4151464, 6.4639935 ], [ 3.415129, 6.4637141 ], [ 3.4141647, 6.4637036 ], [ 3.4139894, 6.4635914 ], [ 3.4139363, 6.4636885 ], [ 3.4136712, 6.463546 ], [ 3.4132296, 6.4632888 ], [ 3.4125786, 6.4629179 ], [ 3.4123672, 6.4628043 ], [ 3.411908, 6.4625174 ], [ 3.4111374, 6.4622334 ], [ 3.4105763, 6.4622917 ], [ 3.4104703, 6.4623077 ], [ 3.4102826, 6.4621584 ], [ 3.4100103, 6.4622037 ], [ 3.4099795, 6.4623663 ], [ 3.4097276, 6.462379 ], [ 3.4096432, 6.4623909 ], [ 3.4095228, 6.4623881 ], [ 3.4094026, 6.4623677 ], [ 3.4092664, 6.4622989 ], [ 3.4091436, 6.4621654 ], [ 3.4090101, 6.4618933 ], [ 3.4086143, 6.4618394 ], [ 3.4086021, 6.4618142 ], [ 3.4083992, 6.4618207 ], [ 3.4083724, 6.4618255 ], [ 3.408328, 6.4621091 ], [ 3.4080742, 6.4622041 ], [ 3.4079145, 6.4622365 ], [ 3.4076127, 6.4622254 ], [ 3.4074423, 6.4622249 ], [ 3.4070372, 6.462112 ], [ 3.4069472, 6.4620801 ], [ 3.4066666, 6.4620934 ], [ 3.4066233, 6.4621228 ], [ 3.4059598, 6.462173 ], [ 3.4059856, 6.461849 ], [ 3.4056145, 6.4618023 ], [ 3.4053551, 6.4617087 ], [ 3.4053297, 6.4622038 ], [ 3.4050697, 6.462208 ], [ 3.4044024, 6.4620709 ], [ 3.4040016, 6.4620663 ], [ 3.4038262, 6.4619018 ], [ 3.4036791, 6.4616097 ], [ 3.4036983, 6.461115 ], [ 3.4037203, 6.4605454 ], [ 3.403926384961706, 6.459535862180831 ], [ 3.403716, 6.4598007 ], [ 3.4034606, 6.4606617 ], [ 3.4034253, 6.4620423 ], [ 3.4045203, 6.463727 ], [ 3.4063182, 6.4644961 ], [ 3.4110529, 6.4643226 ], [ 3.413309455439402, 6.465221494578373 ], [ 3.4134332, 6.4651464 ], [ 3.4140853, 6.4653181 ], [ 3.4141873, 6.4654145 ], [ 3.414181759084387, 6.465568975080505 ], [ 3.4203513, 6.4680266 ], [ 3.4294982, 6.4690847 ], [ 3.4372968, 6.4708057 ], [ 3.4837773, 6.4839664 ], [ 3.5136613, 6.483813 ], [ 3.5426551, 6.4887515 ], [ 3.5667433, 6.5049332 ], [ 3.570369, 6.5127788 ], [ 3.5797905, 6.5194205 ], [ 3.5903728, 6.5239515 ], [ 3.5985594, 6.5250472 ], [ 3.6149664, 6.5229069 ], [ 3.6237469, 6.5232876 ], [ 3.626541070655558, 6.508702452969365 ], [ 3.6231188, 6.5078809 ] ], [ [ 3.4328365, 6.469576 ], [ 3.4326824, 6.469576 ], [ 3.4325654, 6.469478 ], [ 3.4324976, 6.4691168 ], [ 3.4326023, 6.4691474 ], [ 3.4327009, 6.4692208 ], [ 3.4328488, 6.4692453 ], [ 3.4329844, 6.4693249 ], [ 3.4329782, 6.4694964 ], [ 3.4328365, 6.469576 ] ], [ [ 3.4350412, 6.4695823 ], [ 3.4341169, 6.4694843 ], [ 3.433969, 6.469368 ], [ 3.4340676, 6.4692639 ], [ 3.434425, 6.4692639 ], [ 3.4347146, 6.4693373 ], [ 3.4348255, 6.4692333 ], [ 3.4349118, 6.4693067 ], [ 3.4350412, 6.4693312 ], [ 3.4351583, 6.46927 ], [ 3.4353185, 6.4692761 ], [ 3.4355526, 6.4690924 ], [ 3.4356821, 6.4690863 ], [ 3.4358423, 6.4691537 ], [ 3.4359039, 6.4692026 ], [ 3.4359717, 6.4691108 ], [ 3.436021, 6.4690373 ], [ 3.4361565, 6.4690557 ], [ 3.4362551, 6.46897 ], [ 3.4363229, 6.4690496 ], [ 3.4364831, 6.4690067 ], [ 3.4366372, 6.4691108 ], [ 3.4368159, 6.4691843 ], [ 3.4370069, 6.4691414 ], [ 3.4370685, 6.4690679 ], [ 3.4371671, 6.4691292 ], [ 3.4373027, 6.4692333 ], [ 3.4374506, 6.4693741 ], [ 3.4375307, 6.4695149 ], [ 3.4375184, 6.4697108 ], [ 3.4375985, 6.469821 ], [ 3.4375985, 6.4699986 ], [ 3.4375861, 6.4702129 ], [ 3.4374629, 6.4703537 ], [ 3.4373951, 6.4704333 ], [ 3.4372596, 6.4704027 ], [ 3.4371794, 6.4703231 ], [ 3.4370192, 6.4702864 ], [ 3.4369761, 6.47017 ], [ 3.4368405, 6.4702313 ], [ 3.4367604, 6.4700966 ], [ 3.4366433, 6.4700476 ], [ 3.4364831, 6.4700415 ], [ 3.4364277, 6.4699802 ], [ 3.4363722, 6.4699986 ], [ 3.4362736, 6.4699313 ], [ 3.4359593, 6.4698578 ], [ 3.4359039, 6.4698027 ], [ 3.4355526, 6.4697292 ], [ 3.435491, 6.4696619 ], [ 3.4350412, 6.4695823 ] ], [ [ 3.4744033, 6.463562 ], [ 3.4743941, 6.4635634 ], [ 3.4743163, 6.4635355 ], [ 3.4743766, 6.4633542 ], [ 3.4745134, 6.4633049 ], [ 3.4745644, 6.4633596 ], [ 3.4745188, 6.4634902 ], [ 3.4744464, 6.4635554 ], [ 3.4744351, 6.4635572 ], [ 3.4744033, 6.463562 ] ], [ [ 3.5734781, 6.507228 ], [ 3.5738858, 6.506727 ], [ 3.5741326, 6.5063485 ], [ 3.5742828, 6.5063006 ], [ 3.5745242, 6.5062473 ], [ 3.5747066, 6.506178 ], [ 3.5748729, 6.5061407 ], [ 3.5750606, 6.5061513 ], [ 3.5753342, 6.5061407 ], [ 3.5756078, 6.5060341 ], [ 3.5758331, 6.5058422 ], [ 3.5759726, 6.5056663 ], [ 3.5761818, 6.505581 ], [ 3.5765305, 6.505645 ], [ 3.5770723, 6.5059062 ], [ 3.5774179, 6.5062417 ], [ 3.5775444, 6.5063645 ], [ 3.5779467, 6.5070041 ], [ 3.578408, 6.5077663 ], [ 3.5786709, 6.5079955 ], [ 3.578766, 6.5081911 ], [ 3.5792127, 6.5091094 ], [ 3.5796472, 6.5099462 ], [ 3.5802534, 6.5105804 ], [ 3.5806611, 6.5109482 ], [ 3.5807952, 6.511284 ], [ 3.5808059, 6.5116144 ], [ 3.5806128, 6.5121954 ], [ 3.5803285, 6.5127284 ], [ 3.5801086, 6.5131121 ], [ 3.5799262, 6.5132613 ], [ 3.5798189, 6.513272 ], [ 3.5795775, 6.5132347 ], [ 3.5784295, 6.5129522 ], [ 3.577083, 6.5123553 ], [ 3.5769972, 6.5123393 ], [ 3.5765198, 6.5124246 ], [ 3.5759404, 6.5123873 ], [ 3.575404, 6.512222 ], [ 3.57483, 6.5117423 ], [ 3.5738697, 6.5105005 ], [ 3.5732904, 6.5097277 ], [ 3.57299, 6.5089069 ], [ 3.5728076, 6.5083739 ], [ 3.572813, 6.5078676 ], [ 3.5730061, 6.5075478 ], [ 3.5734781, 6.507228 ] ] ] } }
]
}
