{
"type": "FeatureCollection",
"name": "etiosa_wall_flexure",
"crs": { "type": "name", "properties": { "name": "urn:ogc:def:crs:OGC:1.3:CRS84" } },
"features": [
{ "type": "Feature", "properties": { "mean_susceptibility": 0.53167636034848609, "mean_effective_drainage_score": 0.51727541138203459, "building_count": 581.0, "area_name": "Maroko", "rain_mm_yesterday": 9.0, "forecast_rain_mm_today": 0.1, "forecast_rain_mm_tomorrow": 3.0, "et0_mm_yesterday": 2.98, "et0_mm_today": 4.44, "et0_mm_tomorrow": 4.27, "rolling_2day_rain_mm_today": 1.7288350917068174, "dynamic_risk_score_today": 0.17237143859336568, "risk_tier_today": "Low", "rolling_2day_rain_mm_tomorrow": 3.0, "dynamic_risk_score_tomorrow": 0.18183331523918222, "risk_tier_tomorrow": "Low", "dynamic_risk_score": 0.17237143859336568, "risk_tier": "Low", "construction_typology": "informal_older_stock", "wall_thickness_mm": 150, "wall_fkx_n_mm2": 0.6, "critical_failure_depth_m": 1.2440258247398457, "critical_failure_depth_free_m": 1.1122991031230518, "fos_at_0_3m": 55.011764265788258, "fos_at_0_45m": 16.951590321127167, "fos_at_0_9m": 2.3940627817587448, "fos_at_1_5m": 0.61546746677437347, "estimated_depth_m_today": 0.25855715789004852, "estimated_depth_m_tomorrow": 0.27274997285877334, "live_flexural_fos": 85.015657961574973, "live_flexural_fos_tomorrow": 72.688312533760879, "margin_to_failure_m": 0.98546866684979717, "margin_to_failure_m_tomorrow": 0.97127585188107235 }, "geometry": { "type": "Polygon", "coordinates": [ [ [ 3.452380394408778, 6.42279056945308 ], [ 3.452388387206125, 6.431836460903659 ], [ 3.461431387774208, 6.431828379851538 ], [ 3.461423235218821, 6.422782499858392 ], [ 3.452380394408778, 6.42279056945308 ] ] ] } },
{ "type": "Feature", "properties": { "mean_susceptibility": 0.4097489633195337, "mean_effective_drainage_score": 0.39817086558541731, "building_count": 366.0, "area_name": "Victoria Island", "rain_mm_yesterday": 9.0, "forecast_rain_mm_today": 0.1, "forecast_rain_mm_tomorrow": 3.0, "et0_mm_yesterday": 2.98, "et0_mm_today": 4.44, "et0_mm_tomorrow": 4.28, "rolling_2day_rain_mm_today": 0.97847645318812881, "dynamic_risk_score_today": 0.12853770496842987, "risk_tier_today": "Low", "rolling_2day_rain_mm_tomorrow": 3.0, "dynamic_risk_score_tomorrow": 0.14013414545528047, "risk_tier_tomorrow": "Low", "dynamic_risk_score": 0.12853770496842987, "risk_tier": "Low", "construction_typology": "planned_estate", "wall_thickness_mm": 225, "wall_fkx_n_mm2": 0.9, "critical_failure_depth_m": 2.0207359550794606, "critical_failure_depth_free_m": 1.6684486546845776, "fos_at_0_3m": 185.66470439703539, "fos_at_0_45m": 57.211617333804192, "fos_at_0_9m": 8.0799618884357649, "fos_at_1_5m": 2.0772027003635105, "estimated_depth_m_today": 0.1928065574526448, "estimated_depth_m_tomorrow": 0.2102012181829207, "live_flexural_fos": 680.37065333077965, "live_flexural_fos_tomorrow": 527.39895625057727, "margin_to_failure_m": 1.8279293976268158, "margin_to_failure_m_tomorrow": 1.8105347368965399 }, "geometry": { "type": "Polygon", "coordinates": [ [ [ 3.42525180399352, 6.422813820047161 ], [ 3.425259317510831, 6.43185974450958 ], [ 3.434302351844878, 6.431852143233653 ], [ 3.434294678566589, 6.422806229548436 ], [ 3.42525180399352, 6.422813820047161 ] ] ] } },
{ "type": "Feature", "properties": { "mean_susceptibility": 0.42591807448467817, "mean_effective_drainage_score": 0.39962783502319665, "building_count": 225.0, "area_name": "Maroko", "rain_mm_yesterday": 9.0, "forecast_rain_mm_today": 0.1, "forecast_rain_mm_tomorrow": 3.0, "et0_mm_yesterday": 2.98, "et0_mm_today": 4.43, "et0_mm_tomorrow": 4.27, "rolling_2day_rain_mm_today": 0.98765536064613879, "dynamic_risk_score_today": 0.13366466611785566, "risk_tier_today": "Low", "rolling_2day_rain_mm_tomorrow": 3.0, "dynamic_risk_score_tomorrow": 0.14566398147375992, "risk_tier_tomorrow": "Low", "dynamic_risk_score": 0.13366466611785566, "risk_tier": "Low", "construction_typology": "informal_older_stock", "wall_thickness_mm": 150, "wall_fkx_n_mm2": 0.6, "critical_failure_depth_m": 1.2440258247398457, "critical_failure_depth_free_m": 1.1122991031230518, "fos_at_0_3m": 55.011764265788258, "fos_at_0_45m": 16.951590321127167, "fos_at_0_9m": 2.3940627817587448, "fos_at_1_5m": 0.61546746677437347, "estimated_depth_m_today": 0.20049699917678349, "estimated_depth_m_tomorrow": 0.21849597221063988, "live_flexural_fos": 179.62555086715483, "live_flexural_fos_tomorrow": 139.43265875546552, "margin_to_failure_m": 1.0435288255630621, "margin_to_failure_m_tomorrow": 1.0255298525292058 }, "geometry": { "type": "Polygon", "coordinates": [ [ [ 3.443337542114855, 6.422798479350087 ], [ 3.443345375153162, 6.431844382031359 ], [ 3.452388387206125, 6.431836460903659 ], [ 3.452380394408778, 6.42279056945308 ], [ 3.443337542114855, 6.422798479350087 ] ] ] } },
{ "type": "Feature", "properties": { "mean_susceptibility": 0.46113572038625039, "mean_effective_drainage_score": 0.46459331988554886, "building_count": 641.0, "area_name": "Maroko", "rain_mm_yesterday": 9.0, "forecast_rain_mm_today": 0.1, "forecast_rain_mm_tomorrow": 3.0, "et0_mm_yesterday": 2.98, "et0_mm_today": 4.44, "et0_mm_tomorrow": 4.27, "rolling_2day_rain_mm_today": 1.3969379152789578, "dynamic_risk_score_today": 0.14735920772243349, "risk_tier_today": "Low", "rolling_2day_rain_mm_tomorrow": 3.0, "dynamic_risk_score_tomorrow": 0.15770841637209765, "risk_tier_tomorrow": "Low", "dynamic_risk_score": 0.14735920772243349, "risk_tier": "Low", "construction_typology": "informal_older_stock", "wall_thickness_mm": 150, "wall_fkx_n_mm2": 0.6, "critical_failure_depth_m": 1.2440258247398457, "critical_failure_depth_free_m": 1.1122991031230518, "fos_at_0_3m": 55.011764265788258, "fos_at_0_45m": 16.951590321127167, "fos_at_0_9m": 2.3940627817587448, "fos_at_1_5m": 0.61546746677437347, "estimated_depth_m_today": 0.22103881158365024, "estimated_depth_m_tomorrow": 0.23656262455814647, "live_flexural_fos": 134.76357974999831, "live_flexural_fos_tomorrow": 110.37516231861566, "margin_to_failure_m": 1.0229870131561953, "margin_to_failure_m_tomorrow": 1.0074632001816992 }, "geometry": { "type": "Polygon", "coordinates": [ [ [ 3.461423235218821, 6.422782499858392 ], [ 3.461431387774208, 6.431828379851538 ], [ 3.470474376627855, 6.431820138875994 ], [ 3.470466064315448, 6.422774270567027 ], [ 3.461423235218821, 6.422782499858392 ] ] ] } },
{ "type": "Feature", "properties": { "mean_susceptibility": 0.45770731480377713, "mean_effective_drainage_score": 0.45201076115237065, "building_count": 217.0, "area_name": "Victoria Island", "rain_mm_yesterday": 9.0, "forecast_rain_mm_today": 0.1, "forecast_rain_mm_tomorrow": 3.0, "et0_mm_yesterday": 2.98, "et0_mm_today": 4.43, "et0_mm_tomorrow": 4.27, "rolling_2day_rain_mm_today": 1.3176677952599354, "dynamic_risk_score_today": 0.14575568107833892, "risk_tier_today": "Low", "rolling_2day_rain_mm_tomorrow": 3.0, "dynamic_risk_score_tomorrow": 0.15653590166289177, "risk_tier_tomorrow": "Low", "dynamic_risk_score": 0.14575568107833892, "risk_tier": "Low", "construction_typology": "planned_estate", "wall_thickness_mm": 225, "wall_fkx_n_mm2": 0.9, "critical_failure_depth_m": 2.0207359550794606, "critical_failure_depth_free_m": 1.6684486546845776, "fos_at_0_3m": 185.66470439703539, "fos_at_0_45m": 57.211617333804192, "fos_at_0_9m": 8.0799618884357649, "fos_at_1_5m": 2.0772027003635105, "estimated_depth_m_today": 0.21863352161750838, "estimated_depth_m_tomorrow": 0.23480385249433766, "live_flexural_fos": 469.71417454712031, "live_flexural_fos_tomorrow": 380.77771628124634, "margin_to_failure_m": 1.8021024334619522, "margin_to_failure_m_tomorrow": 1.7859321025851229 }, "geometry": { "type": "Polygon", "coordinates": [ [ [ 3.434294678566589, 6.422806229548436 ], [ 3.434302351844878, 6.431852143233653 ], [ 3.443345375153162, 6.431844382031359 ], [ 3.443337542114855, 6.422798479350087 ], [ 3.434294678566589, 6.422806229548436 ] ] ] } },
{ "type": "Feature", "properties": { "mean_susceptibility": 0.43470044529145258, "mean_effective_drainage_score": 0.49725022912813277, "building_count": 14.0, "area_name": "Victoria Island", "rain_mm_yesterday": 9.0, "forecast_rain_mm_today": 0.1, "forecast_rain_mm_tomorrow": 3.0, "et0_mm_yesterday": 2.98, "et0_mm_today": 4.44, "et0_mm_tomorrow": 4.28, "rolling_2day_rain_mm_today": 1.602676443507236, "dynamic_risk_score_today": 0.14016371187854582, "risk_tier_today": "Low", "rolling_2day_rain_mm_tomorrow": 3.0, "dynamic_risk_score_tomorrow": 0.14866755228967676, "risk_tier_tomorrow": "Low", "dynamic_risk_score": 0.14016371187854582, "risk_tier": "Low", "construction_typology": "planned_estate", "wall_thickness_mm": 225, "wall_fkx_n_mm2": 0.9, "critical_failure_depth_m": 2.0207359550794606, "critical_failure_depth_free_m": 1.6684486546845776, "fos_at_0_3m": 185.66470439703539, "fos_at_0_45m": 57.211617333804192, "fos_at_0_9m": 8.0799618884357649, "fos_at_1_5m": 2.0772027003635105, "estimated_depth_m_today": 0.21024556781781872, "estimated_depth_m_tomorrow": 0.22300132843451514, "live_flexural_fos": 527.07126520881684, "live_flexural_fos_tomorrow": 443.14750345780362, "margin_to_failure_m": 1.8104903872616418, "margin_to_failure_m_tomorrow": 1.7977346266449454 }, "geometry": { "type": "Polygon", "coordinates": [ [ [ 3.407166022691136, 6.422828521942001 ], [ 3.416208918625189, 6.422821250845323 ], [ 3.416208319637108, 6.422083855974701 ], [ 3.415971040000159, 6.422083855000039 ], [ 3.415971040000159, 6.421805859000129 ], [ 3.415138961000138, 6.421805859000131 ], [ 3.415138961000139, 6.421249866000038 ], [ 3.41402697600006, 6.421249866000039 ], [ 3.414026976000059, 6.421527863000051 ], [ 3.41236090600006, 6.421527863000051 ], [ 3.41236090600006, 6.421249866000038 ], [ 3.412082910000152, 6.421249866000037 ], [ 3.412082910000152, 6.420970917000147 ], [ 3.411804915000118, 6.420970917000149 ], [ 3.411804915000118, 6.420417786000143 ], [ 3.411526919000039, 6.420417786000144 ], [ 3.411526919000039, 6.420139791000109 ], [ 3.410695075000148, 6.42013979100011 ], [ 3.410695075000149, 6.419861793000052 ], [ 3.410139084000093, 6.419861793000051 ], [ 3.410139084000093, 6.419304847000149 ], [ 3.409861088000184, 6.419304847000149 ], [ 3.409861088000183, 6.419026851000069 ], [ 3.409305095000092, 6.419026851000069 ], [ 3.409305095000093, 6.418748856000037 ], [ 3.408751011000049, 6.418748856000037 ], [ 3.408751011000049, 6.418470860000127 ], [ 3.408195018000129, 6.418470860000126 ], [ 3.408195018000129, 6.41819286500015 ], [ 3.407917023000151, 6.418192865000152 ], [ 3.407917023000151, 6.417916774000161 ], [ 3.407361031000164, 6.417916774000162 ], [ 3.407361031000164, 6.417638779000129 ], [ 3.407161900097955, 6.417638779015452 ], [ 3.407166022691136, 6.422828521942001 ] ] ] } },
{ "type": "Feature", "properties": { "mean_susceptibility": 0.67127613177584611, "mean_effective_drainage_score": 0.46667760949942694, "building_count": 9.0, "area_name": "Victoria Island", "rain_mm_yesterday": 9.0, "forecast_rain_mm_today": 0.1, "forecast_rain_mm_tomorrow": 3.0, "et0_mm_yesterday": 2.98, "et0_mm_today": 4.44, "et0_mm_tomorrow": 4.28, "rolling_2day_rain_mm_today": 1.4100689398463899, "dynamic_risk_score_today": 0.21463447826143678, "risk_tier_today": "Low", "rolling_2day_rain_mm_tomorrow": 3.0, "dynamic_risk_score_tomorrow": 0.22957643706733932, "risk_tier_tomorrow": "Low", "dynamic_risk_score": 0.21463447826143678, "risk_tier": "Low", "construction_typology": "planned_estate", "wall_thickness_mm": 225, "wall_fkx_n_mm2": 0.9, "critical_failure_depth_m": 2.0207359550794606, "critical_failure_depth_free_m": 1.6684486546845776, "fos_at_0_3m": 185.66470439703539, "fos_at_0_45m": 57.211617333804192, "fos_at_0_9m": 8.0799618884357649, "fos_at_1_5m": 2.0772027003635105, "estimated_depth_m_today": 0.32195171739215517, "estimated_depth_m_tomorrow": 0.34436465560100898, "live_flexural_fos": 151.07537915947353, "live_flexural_fos_tomorrow": 124.17716609001448, "margin_to_failure_m": 1.6987842376873055, "margin_to_failure_m_tomorrow": 1.6763712994784516 }, "geometry": { "type": "Polygon", "coordinates": [ [ [ 3.398123116420906, 6.422835633336289 ], [ 3.398130150649728, 6.431881588769829 ], [ 3.407173216683694, 6.431874467278583 ], [ 3.407166022691136, 6.422828521942001 ], [ 3.398123116420906, 6.422835633336289 ] ] ] } },
{ "type": "Feature", "properties": { "mean_susceptibility": 0.4381657585173519, "mean_effective_drainage_score": 0.42236334949717186, "building_count": 170.0, "area_name": "Victoria Island", "rain_mm_yesterday": 9.0, "forecast_rain_mm_today": 0.1, "forecast_rain_mm_tomorrow": 3.0, "et0_mm_yesterday": 2.98, "et0_mm_today": 4.44, "et0_mm_tomorrow": 4.28, "rolling_2day_rain_mm_today": 1.1308891018321825, "dynamic_risk_score_today": 0.13838696389065186, "risk_tier_today": "Low", "rolling_2day_rain_mm_tomorrow": 3.0, "dynamic_risk_score_tomorrow": 0.14985268941293439, "risk_tier_tomorrow": "Low", "dynamic_risk_score": 0.13838696389065186, "risk_tier": "Low", "construction_typology": "planned_estate", "wall_thickness_mm": 225, "wall_fkx_n_mm2": 0.9, "critical_failure_depth_m": 2.0207359550794606, "critical_failure_depth_free_m": 1.6684486546845776, "fos_at_0_3m": 185.66470439703539, "fos_at_0_45m": 57.211617333804192, "fos_at_0_9m": 8.0799618884357649, "fos_at_1_5m": 2.0772027003635105, "estimated_depth_m_today": 0.20758044583597779, "estimated_depth_m_tomorrow": 0.22477903411940159, "live_flexural_fos": 547.26035887896296, "live_flexural_fos_tomorrow": 432.91380238600101, "margin_to_failure_m": 1.8131555092434828, "margin_to_failure_m_tomorrow": 1.795956920960059 }, "geometry": { "type": "Polygon", "coordinates": [ [ [ 3.407166022691136, 6.422828521942001 ], [ 3.407173216683694, 6.431874467278583 ], [ 3.416216272380583, 6.431867185858199 ], [ 3.416208918625189, 6.422821250845323 ], [ 3.407166022691136, 6.422828521942001 ] ] ] } },
{ "type": "Feature", "properties": { "mean_susceptibility": 0.36188995839023624, "mean_effective_drainage_score": 0.40384940068013703, "building_count": 289.0, "area_name": "Victoria Island", "rain_mm_yesterday": 9.0, "forecast_rain_mm_today": 0.1, "forecast_rain_mm_tomorrow": 3.0, "et0_mm_yesterday": 2.98, "et0_mm_today": 4.44, "et0_mm_tomorrow": 4.28, "rolling_2day_rain_mm_today": 1.0142512242848629, "dynamic_risk_score_today": 0.11370565018402257, "risk_tier_today": "Low", "rolling_2day_rain_mm_tomorrow": 3.0, "dynamic_risk_score_tomorrow": 0.12376636576946076, "risk_tier_tomorrow": "Low", "dynamic_risk_score": 0.11370565018402257, "risk_tier": "Low", "construction_typology": "planned_estate", "wall_thickness_mm": 225, "wall_fkx_n_mm2": 0.9, "critical_failure_depth_m": 2.0207359550794606, "critical_failure_depth_free_m": 1.6684486546845776, "fos_at_0_3m": 185.66470439703539, "fos_at_0_45m": 57.211617333804192, "fos_at_0_9m": 8.0799618884357649, "fos_at_1_5m": 2.0772027003635105, "estimated_depth_m_today": 0.17055847527603385, "estimated_depth_m_tomorrow": 0.18564954865419114, "live_flexural_fos": 977.28962476220931, "live_flexural_fos_tomorrow": 760.73729749704432, "margin_to_failure_m": 1.8501774798034267, "margin_to_failure_m_tomorrow": 1.8350864064252694 }, "geometry": { "type": "Polygon", "coordinates": [ [ [ 3.416208918625189, 6.422821250845323 ], [ 3.416216272380583, 6.431867185858199 ], [ 3.425259317510831, 6.43185974450958 ], [ 3.42525180399352, 6.422813820047161 ], [ 3.416208918625189, 6.422821250845323 ] ] ] } },
{ "type": "Feature", "properties": { "mean_susceptibility": 0.56035289106946162, "mean_effective_drainage_score": 0.46747251941292567, "building_count": 213.0, "area_name": "Victoria Island", "rain_mm_yesterday": 9.0, "forecast_rain_mm_today": 0.1, "forecast_rain_mm_tomorrow": 3.0, "et0_mm_yesterday": 2.98, "et0_mm_today": 4.44, "et0_mm_tomorrow": 4.28, "rolling_2day_rain_mm_today": 1.4150768723014311, "dynamic_risk_score_today": 0.17920706115155349, "risk_tier_today": "Low", "rolling_2day_rain_mm_tomorrow": 3.0, "dynamic_risk_score_tomorrow": 0.19164068874575579, "risk_tier_tomorrow": "Low", "dynamic_risk_score": 0.17920706115155349, "risk_tier": "Low", "construction_typology": "planned_estate", "wall_thickness_mm": 225, "wall_fkx_n_mm2": 0.9, "critical_failure_depth_m": 2.0207359550794606, "critical_failure_depth_free_m": 1.6684486546845776, "fos_at_0_3m": 185.66470439703539, "fos_at_0_45m": 57.211617333804192, "fos_at_0_9m": 8.0799618884357649, "fos_at_1_5m": 2.0772027003635105, "estimated_depth_m_today": 0.26881059172733024, "estimated_depth_m_tomorrow": 0.28746103311863369, "live_flexural_fos": 256.00694934324383, "live_flexural_fos_tomorrow": 210.35197987140123, "margin_to_failure_m": 1.7519253633521303, "margin_to_failure_m_tomorrow": 1.733274921960827 }, "geometry": { "type": "Polygon", "coordinates": [ [ [ 3.416216272380583, 6.431867185858199 ], [ 3.416223636702618, 6.440913117669595 ], [ 3.425266841824345, 6.440905665770167 ], [ 3.425259317510831, 6.43185974450958 ], [ 3.416216272380583, 6.431867185858199 ] ] ] } },
{ "type": "Feature", "properties": { "mean_susceptibility": 0.50784706376027777, "mean_effective_drainage_score": 0.35669057550356437, "building_count": 207.0, "area_name": "Victoria Island", "rain_mm_yesterday": 9.0, "forecast_rain_mm_today": 0.1, "forecast_rain_mm_tomorrow": 3.0, "et0_mm_yesterday": 2.98, "et0_mm_today": 4.44, "et0_mm_tomorrow": 4.28, "rolling_2day_rain_mm_today": 0.71715062567245524, "dynamic_risk_score_today": 0.15745295888138577, "risk_tier_today": "Low", "rolling_2day_rain_mm_tomorrow": 3.0, "dynamic_risk_score_tomorrow": 0.17368369580601495, "risk_tier_tomorrow": "Low", "dynamic_risk_score": 0.15745295888138577, "risk_tier": "Low", "construction_typology": "planned_estate", "wall_thickness_mm": 225, "wall_fkx_n_mm2": 0.9, "critical_failure_depth_m": 2.0207359550794606, "critical_failure_depth_free_m": 1.6684486546845776, "fos_at_0_3m": 185.66470439703539, "fos_at_0_45m": 57.211617333804192, "fos_at_0_9m": 8.0799618884357649, "fos_at_1_5m": 2.0772027003635105, "estimated_depth_m_today": 0.23617943832207866, "estimated_depth_m_tomorrow": 0.26052554370902242, "live_flexural_fos": 374.29539566570105, "live_flexural_fos_tomorrow": 280.61561310351061, "margin_to_failure_m": 1.784556516757382, "margin_to_failure_m_tomorrow": 1.7602104113704382 }, "geometry": { "type": "Polygon", "coordinates": [ [ [ 3.407173216683694, 6.431874467278583 ], [ 3.407180421013329, 6.440920409414035 ], [ 3.416223636702618, 6.440913117669595 ], [ 3.416216272380583, 6.431867185858199 ], [ 3.407173216683694, 6.431874467278583 ] ] ] } },
{ "type": "Feature", "properties": { "mean_susceptibility": 0.64034687321962735, "mean_effective_drainage_score": 0.60878774255426937, "building_count": 54.0, "area_name": "Victoria Island", "rain_mm_yesterday": 9.0, "forecast_rain_mm_today": 0.1, "forecast_rain_mm_tomorrow": 3.0, "et0_mm_yesterday": 2.98, "et0_mm_today": 4.44, "et0_mm_tomorrow": 4.28, "rolling_2day_rain_mm_today": 2.3053627780918973, "dynamic_risk_score_today": 0.21277130781812104, "risk_tier_today": "Low", "rolling_2day_rain_mm_tomorrow": 3.0, "dynamic_risk_score_tomorrow": 0.21899863064111247, "risk_tier_tomorrow": "Low", "dynamic_risk_score": 0.21277130781812104, "risk_tier": "Low", "construction_typology": "planned_estate", "wall_thickness_mm": 225, "wall_fkx_n_mm2": 0.9, "critical_failure_depth_m": 2.0207359550794606, "critical_failure_depth_free_m": 1.6684486546845776, "fos_at_0_3m": 185.66470439703539, "fos_at_0_45m": 57.211617333804192, "fos_at_0_9m": 8.0799618884357649, "fos_at_1_5m": 2.0772027003635105, "estimated_depth_m_today": 0.31915696172718155, "estimated_depth_m_tomorrow": 0.3284979459616687, "live_flexural_fos": 154.96648361409987, "live_flexural_fos_tomorrow": 142.46449436561011, "margin_to_failure_m": 1.7015789933522791, "margin_to_failure_m_tomorrow": 1.692238009117792 }, "geometry": { "type": "Polygon", "coordinates": [ [ [ 3.398130150649728, 6.431881588769829 ], [ 3.398137194986063, 6.440927541002581 ], [ 3.407180421013329, 6.440920409414035 ], [ 3.407173216683694, 6.431874467278583 ], [ 3.398130150649728, 6.431881588769829 ] ] ] } },
{ "type": "Feature", "properties": { "mean_susceptibility": 0.51269701156347969, "mean_effective_drainage_score": 0.48213773742505439, "building_count": 881.0, "area_name": "Ikate", "rain_mm_yesterday": 9.0, "forecast_rain_mm_today": 0.1, "forecast_rain_mm_tomorrow": 3.0, "et0_mm_yesterday": 2.98, "et0_mm_today": 4.44, "et0_mm_tomorrow": 4.28, "rolling_2day_rain_mm_today": 1.5074677457778423, "dynamic_risk_score_today": 0.16462934238508475, "risk_tier_today": "Low", "rolling_2day_rain_mm_tomorrow": 3.0, "dynamic_risk_score_tomorrow": 0.17534237795471008, "risk_tier_tomorrow": "Low", "dynamic_risk_score": 0.16462934238508475, "risk_tier": "Low", "construction_typology": "informal_older_stock", "wall_thickness_mm": 150, "wall_fkx_n_mm2": 0.6, "critical_failure_depth_m": 1.2440258247398457, "critical_failure_depth_free_m": 1.1122991031230518, "fos_at_0_3m": 55.011764265788258, "fos_at_0_45m": 16.951590321127167, "fos_at_0_9m": 2.3940627817587448, "fos_at_1_5m": 0.61546746677437347, "estimated_depth_m_today": 0.24694401357762713, "estimated_depth_m_tomorrow": 0.26301356693206512, "live_flexural_fos": 97.291302095690611, "live_flexural_fos_tomorrow": 80.859891445333744, "margin_to_failure_m": 0.99708181116221861, "margin_to_failure_m_tomorrow": 0.98101225780778056 }, "geometry": { "type": "Polygon", "coordinates": [ [ [ 3.479508881469124, 6.422765881580006 ], [ 3.479517353537512, 6.431811737978058 ], [ 3.488560318273625, 6.431803177158764 ], [ 3.488551686450315, 6.422757332898366 ], [ 3.479508881469124, 6.422765881580006 ] ] ] } },
{ "type": "Feature", "properties": { "mean_susceptibility": 0.38309740025251826, "mean_effective_drainage_score": 0.44781527649464953, "building_count": 1121.0, "area_name": "Ikate", "rain_mm_yesterday": 9.0, "forecast_rain_mm_today": 0.1, "forecast_rain_mm_tomorrow": 3.0, "et0_mm_yesterday": 2.98, "et0_mm_today": 4.44, "et0_mm_tomorrow": 4.27, "rolling_2day_rain_mm_today": 1.2912362419162919, "dynamic_risk_score_today": 0.12185458953921491, "risk_tier_today": "Low", "rolling_2day_rain_mm_tomorrow": 3.0, "dynamic_risk_score_tomorrow": 0.13101931088636121, "risk_tier_tomorrow": "Low", "dynamic_risk_score": 0.12185458953921491, "risk_tier": "Low", "construction_typology": "informal_older_stock", "wall_thickness_mm": 150, "wall_fkx_n_mm2": 0.6, "critical_failure_depth_m": 1.2440258247398457, "critical_failure_depth_free_m": 1.1122991031230518, "fos_at_0_3m": 55.011764265788258, "fos_at_0_45m": 16.951590321127167, "fos_at_0_9m": 2.3940627817587448, "fos_at_1_5m": 0.61546746677437347, "estimated_depth_m_today": 0.18278188430882236, "estimated_depth_m_tomorrow": 0.19652896632954181, "live_flexural_fos": 236.00706076328811, "live_flexural_fos_tomorrow": 190.53335567527759, "margin_to_failure_m": 1.0612439404310234, "margin_to_failure_m_tomorrow": 1.0474968584103039 }, "geometry": { "type": "Polygon", "coordinates": [ [ [ 3.470466064315448, 6.422774270567027 ], [ 3.470474376627855, 6.431820138875994 ], [ 3.479517353537512, 6.431811737978058 ], [ 3.479508881469124, 6.422765881580006 ], [ 3.470466064315448, 6.422774270567027 ] ] ] } },
{ "type": "Feature", "properties": { "mean_susceptibility": 0.66277899117930461, "mean_effective_drainage_score": 0.49538223555333727, "building_count": 1049.0, "area_name": "Ikate", "rain_mm_yesterday": 9.0, "forecast_rain_mm_today": 0.1, "forecast_rain_mm_tomorrow": 3.0, "et0_mm_yesterday": 2.98, "et0_mm_today": 4.44, "et0_mm_tomorrow": 4.28, "rolling_2day_rain_mm_today": 1.590908083986025, "dynamic_risk_score_today": 0.21359558372327703, "risk_tier_today": "Low", "rolling_2day_rain_mm_tomorrow": 3.0, "dynamic_risk_score_tomorrow": 0.22667041498332219, "risk_tier_tomorrow": "Low", "dynamic_risk_score": 0.21359558372327703, "risk_tier": "Low", "construction_typology": "informal_older_stock", "wall_thickness_mm": 150, "wall_fkx_n_mm2": 0.6, "critical_failure_depth_m": 1.2440258247398457, "critical_failure_depth_free_m": 1.1122991031230518, "fos_at_0_3m": 55.011764265788258, "fos_at_0_45m": 16.951590321127167, "fos_at_0_9m": 2.3940627817587448, "fos_at_1_5m": 0.61546746677437347, "estimated_depth_m_today": 0.32039337558491554, "estimated_depth_m_tomorrow": 0.34000562247498328, "live_flexural_fos": 45.401040932944298, "live_flexural_fos_tomorrow": 38.183215362477164, "margin_to_failure_m": 0.92363244915493015, "margin_to_failure_m_tomorrow": 0.90402020226486246 }, "geometry": { "type": "Polygon", "coordinates": [ [ [ 3.488551686450315, 6.422757332898366 ], [ 3.488560318273625, 6.431803177158764 ], [ 3.497603270606644, 6.431794456419179 ], [ 3.497594479029491, 6.422748624523174 ], [ 3.488551686450315, 6.422757332898366 ] ] ] } },
{ "type": "Feature", "properties": { "mean_susceptibility": 0.75629841119192498, "mean_effective_drainage_score": 0.62930322438375963, "building_count": 2015.0, "area_name": "Jakande", "rain_mm_yesterday": 9.0, "forecast_rain_mm_today": 0.1, "forecast_rain_mm_tomorrow": 3.0, "et0_mm_yesterday": 2.98, "et0_mm_today": 4.44, "et0_mm_tomorrow": 4.28, "rolling_2day_rain_mm_today": 2.4346103136176858, "dynamic_risk_score_today": 0.25266761012642491, "risk_tier_today": "Medium", "rolling_2day_rain_mm_tomorrow": 3.0, "dynamic_risk_score_tomorrow": 0.2586540566276383, "risk_tier_tomorrow": "Medium", "dynamic_risk_score": 0.25266761012642491, "risk_tier": "Medium", "construction_typology": "informal_older_stock", "wall_thickness_mm": 150, "wall_fkx_n_mm2": 0.6, "critical_failure_depth_m": 1.2440258247398457, "critical_failure_depth_free_m": 1.1122991031230518, "fos_at_0_3m": 55.011764265788258, "fos_at_0_45m": 16.951590321127167, "fos_at_0_9m": 2.3940627817587448, "fos_at_1_5m": 0.61546746677437347, "estimated_depth_m_today": 0.37900141518963737, "estimated_depth_m_tomorrow": 0.38798108494145744, "live_flexural_fos": 27.850107631197162, "live_flexural_fos_tomorrow": 26.02184872560748, "margin_to_failure_m": 0.86502440955020832, "margin_to_failure_m_tomorrow": 0.85604473979838824 }, "geometry": { "type": "Polygon", "coordinates": [ [ [ 3.497594479029491, 6.422748624523174 ], [ 3.497603270606644, 6.431794456419179 ], [ 3.506646210307018, 6.431785575760383 ], [ 3.506637258977121, 6.422739756455504 ], [ 3.497594479029491, 6.422748624523174 ] ] ] } },
{ "type": "Feature", "properties": { "mean_susceptibility": 0.66249298245465382, "mean_effective_drainage_score": 0.41690657843199397, "building_count": 1826.0, "area_name": "Jakande", "rain_mm_yesterday": 9.0, "forecast_rain_mm_today": 0.1, "forecast_rain_mm_tomorrow": 3.0, "et0_mm_yesterday": 2.98, "et0_mm_today": 4.44, "et0_mm_tomorrow": 4.28, "rolling_2day_rain_mm_today": 1.0965114441215622, "dynamic_risk_score_today": 0.20891793065316067, "risk_tier_today": "Low", "rolling_2day_rain_mm_tomorrow": 3.0, "dynamic_risk_score_tomorrow": 0.22657259999949164, "risk_tier_tomorrow": "Low", "dynamic_risk_score": 0.20891793065316067, "risk_tier": "Low", "construction_typology": "informal_older_stock", "wall_thickness_mm": 150, "wall_fkx_n_mm2": 0.6, "critical_failure_depth_m": 1.2440258247398457, "critical_failure_depth_free_m": 1.1122991031230518, "fos_at_0_3m": 55.011764265788258, "fos_at_0_45m": 16.951590321127167, "fos_at_0_9m": 2.3940627817587448, "fos_at_1_5m": 0.61546746677437347, "estimated_depth_m_today": 0.313376895979741, "estimated_depth_m_tomorrow": 0.33985889999923746, "live_flexural_fos": 48.431120495112253, "live_flexural_fos_tomorrow": 38.231229533036235, "margin_to_failure_m": 0.93064892876010474, "margin_to_failure_m_tomorrow": 0.90416692474060822 }, "geometry": { "type": "Polygon", "coordinates": [ [ [ 3.497603270606644, 6.431794456419179 ], [ 3.497612074816443, 6.440840285110214 ], [ 3.506655174499109, 6.440831391859864 ], [ 3.506646210307018, 6.431785575760383 ], [ 3.497603270606644, 6.431794456419179 ] ] ] } },
{ "type": "Feature", "properties": { "mean_susceptibility": 0.61559160359129361, "mean_effective_drainage_score": 0.39032929360213175, "building_count": 617.0, "area_name": "Ikate", "rain_mm_yesterday": 9.0, "forecast_rain_mm_today": 0.1, "forecast_rain_mm_tomorrow": 3.0, "et0_mm_yesterday": 2.98, "et0_mm_today": 4.44, "et0_mm_tomorrow": 4.27, "rolling_2day_rain_mm_today": 0.92907454969343017, "dynamic_risk_score_today": 0.19268450796401104, "risk_tier_today": "Low", "rolling_2day_rain_mm_tomorrow": 3.0, "dynamic_risk_score_tomorrow": 0.21053232842822234, "risk_tier_tomorrow": "Low", "dynamic_risk_score": 0.19268450796401104, "risk_tier": "Low", "construction_typology": "informal_older_stock", "wall_thickness_mm": 150, "wall_fkx_n_mm2": 0.6, "critical_failure_depth_m": 1.2440258247398457, "critical_failure_depth_free_m": 1.1122991031230518, "fos_at_0_3m": 55.011764265788258, "fos_at_0_45m": 16.951590321127167, "fos_at_0_9m": 2.3940627817587448, "fos_at_1_5m": 0.61546746677437347, "estimated_depth_m_today": 0.28902676194601656, "estimated_depth_m_tomorrow": 0.31579849264233351, "live_flexural_fos": 61.343915924844147, "live_flexural_fos_tomorrow": 47.355256000179963, "margin_to_failure_m": 0.95499906279382918, "margin_to_failure_m_tomorrow": 0.92822733209751218 }, "geometry": { "type": "Polygon", "coordinates": [ [ [ 3.479517353537512, 6.431811737978058 ], [ 3.479525837779444, 6.440857591171968 ], [ 3.488568962500031, 6.440849018214609 ], [ 3.488560318273625, 6.431803177158764 ], [ 3.479517353537512, 6.431811737978058 ] ] ] } },
{ "type": "Feature", "properties": { "mean_susceptibility": 0.66466736882639632, "mean_effective_drainage_score": 0.38836229521048166, "building_count": 667.0, "area_name": "Ikate", "rain_mm_yesterday": 9.0, "forecast_rain_mm_today": 0.1, "forecast_rain_mm_tomorrow": 3.0, "et0_mm_yesterday": 2.98, "et0_mm_today": 4.44, "et0_mm_tomorrow": 4.28, "rolling_2day_rain_mm_today": 0.91668245982603469, "dynamic_risk_score_today": 0.20793025550862521, "risk_tier_today": "Low", "rolling_2day_rain_mm_tomorrow": 3.0, "dynamic_risk_score_tomorrow": 0.2273162401386275, "risk_tier_tomorrow": "Low", "dynamic_risk_score": 0.20793025550862521, "risk_tier": "Low", "construction_typology": "informal_older_stock", "wall_thickness_mm": 150, "wall_fkx_n_mm2": 0.6, "critical_failure_depth_m": 1.2440258247398457, "critical_failure_depth_free_m": 1.1122991031230518, "fos_at_0_3m": 55.011764265788258, "fos_at_0_45m": 16.951590321127167, "fos_at_0_9m": 2.3940627817587448, "fos_at_1_5m": 0.61546746677437347, "estimated_depth_m_today": 0.31189538326293781, "estimated_depth_m_tomorrow": 0.34097436020794125, "live_flexural_fos": 49.105674299231929, "live_flexural_fos_tomorrow": 37.868241559817655, "margin_to_failure_m": 0.93213044147690782, "margin_to_failure_m_tomorrow": 0.90305146453190444 }, "geometry": { "type": "Polygon", "coordinates": [ [ [ 3.488560318273625, 6.431803177158764 ], [ 3.488568962500031, 6.440849018214609 ], [ 3.497612074816443, 6.440840285110214 ], [ 3.497603270606644, 6.431794456419179 ], [ 3.488560318273625, 6.431803177158764 ] ] ] } },
{ "type": "Feature", "properties": { "mean_susceptibility": 0.50663705086547928, "mean_effective_drainage_score": 0.38866336743987229, "building_count": 1164.0, "area_name": "Lekki Phase I", "rain_mm_yesterday": 9.0, "forecast_rain_mm_today": 0.1, "forecast_rain_mm_tomorrow": 3.0, "et0_mm_yesterday": 2.98, "et0_mm_today": 4.44, "et0_mm_tomorrow": 4.28, "rolling_2day_rain_mm_today": 0.9185792148711952, "dynamic_risk_score_today": 0.15850652296136514, "risk_tier_today": "Low", "rolling_2day_rain_mm_tomorrow": 3.0, "dynamic_risk_score_tomorrow": 0.17326987139599392, "risk_tier_tomorrow": "Low", "dynamic_risk_score": 0.15850652296136514, "risk_tier": "Low", "construction_typology": "planned_estate", "wall_thickness_mm": 225, "wall_fkx_n_mm2": 0.9, "critical_failure_depth_m": 2.0207359550794606, "critical_failure_depth_free_m": 1.6684486546845776, "fos_at_0_3m": 185.66470439703539, "fos_at_0_45m": 57.211617333804192, "fos_at_0_9m": 8.0799618884357649, "fos_at_1_5m": 2.0772027003635105, "estimated_depth_m_today": 0.23775978444204771, "estimated_depth_m_tomorrow": 0.25990480709399089, "live_flexural_fos": 367.03036601308094, "live_flexural_fos_tomorrow": 282.58579521195924, "margin_to_failure_m": 1.7829761706374128, "margin_to_failure_m_tomorrow": 1.7608311479854697 }, "geometry": { "type": "Polygon", "coordinates": [ [ [ 3.470474376627855, 6.431820138875994 ], [ 3.470482700884252, 6.440866003981225 ], [ 3.479525837779444, 6.440857591171968 ], [ 3.479517353537512, 6.431811737978058 ], [ 3.470474376627855, 6.431820138875994 ] ] ] } },
{ "type": "Feature", "properties": { "mean_susceptibility": 0.5111853924418126, "mean_effective_drainage_score": 0.4041960729391757, "building_count": 1355.0, "area_name": "Lekki Phase I", "rain_mm_yesterday": 9.0, "forecast_rain_mm_today": 0.1, "forecast_rain_mm_tomorrow": 3.0, "et0_mm_yesterday": 2.98, "et0_mm_today": 4.44, "et0_mm_tomorrow": 4.28, "rolling_2day_rain_mm_today": 1.0164352595168067, "dynamic_risk_score_today": 0.16062983373093287, "risk_tier_today": "Low", "rolling_2day_rain_mm_tomorrow": 3.0, "dynamic_risk_score_tomorrow": 0.17482540421509984, "risk_tier_tomorrow": "Low", "dynamic_risk_score": 0.16062983373093287, "risk_tier": "Low", "construction_typology": "planned_estate", "wall_thickness_mm": 225, "wall_fkx_n_mm2": 0.9, "critical_failure_depth_m": 2.0207359550794606, "critical_failure_depth_free_m": 1.6684486546845776, "fos_at_0_3m": 185.66470439703539, "fos_at_0_45m": 57.211617333804192, "fos_at_0_9m": 8.0799618884357649, "fos_at_1_5m": 2.0772027003635105, "estimated_depth_m_today": 0.2409447505963993, "estimated_depth_m_tomorrow": 0.26223810632264977, "live_flexural_fos": 352.95594247304774, "live_flexural_fos_tomorrow": 275.27523083057662, "margin_to_failure_m": 1.7797912044830613, "margin_to_failure_m_tomorrow": 1.7584978487568108 }, "geometry": { "type": "Polygon", "coordinates": [ [ [ 3.461431387774208, 6.431828379851538 ], [ 3.46143955204403, 6.440874256641338 ], [ 3.470482700884252, 6.440866003981225 ], [ 3.470474376627855, 6.431820138875994 ], [ 3.461431387774208, 6.431828379851538 ] ] ] } },
{ "type": "Feature", "properties": { "mean_susceptibility": 0.53810420964312822, "mean_effective_drainage_score": 0.33607862148089546, "building_count": 186.0, "area_name": "Maroko", "rain_mm_yesterday": 9.0, "forecast_rain_mm_today": 0.1, "forecast_rain_mm_tomorrow": 3.0, "et0_mm_yesterday": 2.98, "et0_mm_today": 4.44, "et0_mm_tomorrow": 4.28, "rolling_2day_rain_mm_today": 0.58729531532964152, "dynamic_risk_score_today": 0.16585562803369447, "risk_tier_today": "Low", "rolling_2day_rain_mm_tomorrow": 3.0, "dynamic_risk_score_tomorrow": 0.18403163969794978, "risk_tier_tomorrow": "Low", "dynamic_risk_score": 0.16585562803369447, "risk_tier": "Low", "construction_typology": "informal_older_stock", "wall_thickness_mm": 150, "wall_fkx_n_mm2": 0.6, "critical_failure_depth_m": 1.2440258247398457, "critical_failure_depth_free_m": 1.1122991031230518, "fos_at_0_3m": 55.011764265788258, "fos_at_0_45m": 16.951590321127167, "fos_at_0_9m": 2.3940627817587448, "fos_at_1_5m": 0.61546746677437347, "estimated_depth_m_today": 0.2487834420505417, "estimated_depth_m_tomorrow": 0.27604745954692467, "live_flexural_fos": 95.194257793384907, "live_flexural_fos_tomorrow": 70.17417218067925, "margin_to_failure_m": 0.99524238268930398, "margin_to_failure_m_tomorrow": 0.96797836519292102 }, "geometry": { "type": "Polygon", "coordinates": [ [ [ 3.443345375153162, 6.431844382031359 ], [ 3.443353219446792, 6.440890281510055 ], [ 3.45239639148835, 6.440882349151283 ], [ 3.452388387206125, 6.431836460903659 ], [ 3.443345375153162, 6.431844382031359 ] ] ] } },
{ "type": "Feature", "properties": { "mean_susceptibility": 0.549045913362188, "mean_effective_drainage_score": 0.40426281363646749, "building_count": 909.0, "area_name": "Maroko", "rain_mm_yesterday": 9.0, "forecast_rain_mm_today": 0.1, "forecast_rain_mm_tomorrow": 3.0, "et0_mm_yesterday": 2.98, "et0_mm_today": 4.44, "et0_mm_tomorrow": 4.28, "rolling_2day_rain_mm_today": 1.0168557259097448, "dynamic_risk_score_today": 0.17252998073971204, "risk_tier_today": "Low", "rolling_2day_rain_mm_tomorrow": 3.0, "dynamic_risk_score_tomorrow": 0.18777370236986823, "risk_tier_tomorrow": "Low", "dynamic_risk_score": 0.17252998073971204, "risk_tier": "Low", "construction_typology": "informal_older_stock", "wall_thickness_mm": 150, "wall_fkx_n_mm2": 0.6, "critical_failure_depth_m": 1.2440258247398457, "critical_failure_depth_free_m": 1.1122991031230518, "fos_at_0_3m": 55.011764265788258, "fos_at_0_45m": 16.951590321127167, "fos_at_0_9m": 2.3940627817587448, "fos_at_1_5m": 0.61546746677437347, "estimated_depth_m_today": 0.25879497110956806, "estimated_depth_m_tomorrow": 0.28166055355480235, "live_flexural_fos": 84.786701311535481, "live_flexural_fos_tomorrow": 66.157691979478201, "margin_to_failure_m": 0.98523085363027763, "margin_to_failure_m_tomorrow": 0.96236527118504334 }, "geometry": { "type": "Polygon", "coordinates": [ [ [ 3.452388387206125, 6.431836460903659 ], [ 3.45239639148835, 6.440882349151283 ], [ 3.46143955204403, 6.440874256641338 ], [ 3.461431387774208, 6.431828379851538 ], [ 3.452388387206125, 6.431836460903659 ] ] ] } },
{ "type": "Feature", "properties": { "mean_susceptibility": 0.50693525037063525, "mean_effective_drainage_score": 0.3830843320550496, "building_count": 346.0, "area_name": "Victoria Island", "rain_mm_yesterday": 9.0, "forecast_rain_mm_today": 0.1, "forecast_rain_mm_tomorrow": 3.0, "et0_mm_yesterday": 2.98, "et0_mm_today": 4.44, "et0_mm_tomorrow": 4.28, "rolling_2day_rain_mm_today": 0.88343129194681225, "dynamic_risk_score_today": 0.15835036959554694, "risk_tier_today": "Low", "rolling_2day_rain_mm_tomorrow": 3.0, "dynamic_risk_score_tomorrow": 0.17337185562675728, "risk_tier_tomorrow": "Low", "dynamic_risk_score": 0.15835036959554694, "risk_tier": "Low", "construction_typology": "planned_estate", "wall_thickness_mm": 225, "wall_fkx_n_mm2": 0.9, "critical_failure_depth_m": 2.0207359550794606, "critical_failure_depth_free_m": 1.6684486546845776, "fos_at_0_3m": 185.66470439703539, "fos_at_0_45m": 57.211617333804192, "fos_at_0_9m": 8.0799618884357649, "fos_at_1_5m": 2.0772027003635105, "estimated_depth_m_today": 0.2375255543933204, "estimated_depth_m_tomorrow": 0.26005778344013591, "live_flexural_fos": 368.0950827537352, "live_flexural_fos_tomorrow": 282.09852879580188, "margin_to_failure_m": 1.7832104006861402, "margin_to_failure_m_tomorrow": 1.7606781716393247 }, "geometry": { "type": "Polygon", "coordinates": [ [ [ 3.425259317510831, 6.43185974450958 ], [ 3.425266841824345, 6.440905665770167 ], [ 3.43431003614893, 6.440898053716671 ], [ 3.434302351844878, 6.431852143233653 ], [ 3.425259317510831, 6.43185974450958 ] ] ] } },
{ "type": "Feature", "properties": { "mean_susceptibility": 0.49857247788722553, "mean_effective_drainage_score": 0.27377636999327021, "building_count": 229.0, "area_name": "Victoria Island", "rain_mm_yesterday": 9.0, "forecast_rain_mm_today": 0.1, "forecast_rain_mm_tomorrow": 3.0, "et0_mm_yesterday": 2.98, "et0_mm_today": 4.44, "et0_mm_tomorrow": 4.27, "rolling_2day_rain_mm_today": 0.19479113095760239, "dynamic_risk_score_today": 0.15093138832181552, "risk_tier_today": "Low", "rolling_2day_rain_mm_tomorrow": 3.0, "dynamic_risk_score_tomorrow": 0.17051178743743112, "risk_tier_tomorrow": "Low", "dynamic_risk_score": 0.15093138832181552, "risk_tier": "Low", "construction_typology": "planned_estate", "wall_thickness_mm": 225, "wall_fkx_n_mm2": 0.9, "critical_failure_depth_m": 2.0207359550794606, "critical_failure_depth_free_m": 1.6684486546845776, "fos_at_0_3m": 185.66470439703539, "fos_at_0_45m": 57.211617333804192, "fos_at_0_9m": 8.0799618884357649, "fos_at_1_5m": 2.0772027003635105, "estimated_depth_m_today": 0.22639708248272328, "estimated_depth_m_tomorrow": 0.25576768115614668, "live_flexural_fos": 423.87399388779949, "live_flexural_fos_tomorrow": 296.20554770195986, "margin_to_failure_m": 1.7943388725967373, "margin_to_failure_m_tomorrow": 1.7649682739233139 }, "geometry": { "type": "Polygon", "coordinates": [ [ [ 3.434302351844878, 6.431852143233653 ], [ 3.43431003614893, 6.440898053716671 ], [ 3.443353219446792, 6.440890281510055 ], [ 3.443345375153162, 6.431844382031359 ], [ 3.434302351844878, 6.431852143233653 ] ] ] } },
{ "type": "Feature", "properties": { "mean_susceptibility": 0.48180866434568514, "mean_effective_drainage_score": 0.39885104623493967, "building_count": 576.0, "area_name": "Maroko", "rain_mm_yesterday": 9.0, "forecast_rain_mm_today": 0.1, "forecast_rain_mm_tomorrow": 3.0, "et0_mm_yesterday": 2.98, "et0_mm_today": 4.43, "et0_mm_tomorrow": 4.27, "rolling_2day_rain_mm_today": 0.98276159128011986, "dynamic_risk_score_today": 0.15117164199901434, "risk_tier_today": "Low", "rolling_2day_rain_mm_tomorrow": 3.0, "dynamic_risk_score_tomorrow": 0.1647785632062243, "risk_tier_tomorrow": "Low", "dynamic_risk_score": 0.15117164199901434, "risk_tier": "Low", "construction_typology": "informal_older_stock", "wall_thickness_mm": 150, "wall_fkx_n_mm2": 0.6, "critical_failure_depth_m": 1.2440258247398457, "critical_failure_depth_free_m": 1.1122991031230518, "fos_at_0_3m": 55.011764265788258, "fos_at_0_45m": 16.951590321127167, "fos_at_0_9m": 2.3940627817587448, "fos_at_1_5m": 0.61546746677437347, "estimated_depth_m_today": 0.22675746299852151, "estimated_depth_m_tomorrow": 0.24716784480933646, "live_flexural_fos": 125.00600964508956, "live_flexural_fos_tomorrow": 97.032815387113487, "margin_to_failure_m": 1.0172683617413241, "margin_to_failure_m_tomorrow": 0.99685797993050929 }, "geometry": { "type": "Polygon", "coordinates": [ [ [ 3.443353219446792, 6.440890281510055 ], [ 3.443361074996724, 6.449936177781751 ], [ 3.452404407256457, 6.449928234191526 ], [ 3.45239639148835, 6.440882349151283 ], [ 3.443353219446792, 6.440890281510055 ] ] ] } },
{ "type": "Feature", "properties": { "mean_susceptibility": 0.48065570840775296, "mean_effective_drainage_score": 0.27783267996795108, "building_count": 925.0, "area_name": "Lekki Phase I", "rain_mm_yesterday": 9.0, "forecast_rain_mm_today": 0.1, "forecast_rain_mm_tomorrow": 3.0, "et0_mm_yesterday": 2.98, "et0_mm_today": 4.44, "et0_mm_tomorrow": 4.27, "rolling_2day_rain_mm_today": 0.22034588379809197, "dynamic_risk_score_today": 0.14567945961852979, "risk_tier_today": "Low", "rolling_2day_rain_mm_tomorrow": 3.0, "dynamic_risk_score_tomorrow": 0.1643842522754515, "risk_tier_tomorrow": "Low", "dynamic_risk_score": 0.14567945961852979, "risk_tier": "Low", "construction_typology": "planned_estate", "wall_thickness_mm": 225, "wall_fkx_n_mm2": 0.9, "critical_failure_depth_m": 2.0207359550794606, "critical_failure_depth_free_m": 1.6684486546845776, "fos_at_0_3m": 185.66470439703539, "fos_at_0_45m": 57.211617333804192, "fos_at_0_9m": 8.0799618884357649, "fos_at_1_5m": 2.0772027003635105, "estimated_depth_m_today": 0.21851918942779469, "estimated_depth_m_tomorrow": 0.24657637841317726, "live_flexural_fos": 470.43804491219061, "live_flexural_fos_tomorrow": 329.7978315702486, "margin_to_failure_m": 1.8022167656516659, "margin_to_failure_m_tomorrow": 1.7741595766662832 }, "geometry": { "type": "Polygon", "coordinates": [ [ [ 3.45239639148835, 6.440882349151283 ], [ 3.452404407256457, 6.449928234191526 ], [ 3.461447728029308, 6.44992013022337 ], [ 3.46143955204403, 6.440874256641338 ], [ 3.45239639148835, 6.440882349151283 ] ] ] } },
{ "type": "Feature", "properties": { "mean_susceptibility": 0.49554790293887208, "mean_effective_drainage_score": 0.45394246860252546, "building_count": 386.0, "area_name": "Ikoyi", "rain_mm_yesterday": 9.0, "forecast_rain_mm_today": 0.1, "forecast_rain_mm_tomorrow": 3.0, "et0_mm_yesterday": 2.98, "et0_mm_today": 4.44, "et0_mm_tomorrow": 4.27, "rolling_2day_rain_mm_today": 1.3298375521959107, "dynamic_risk_score_today": 0.15789034582502226, "risk_tier_today": "Low", "rolling_2day_rain_mm_tomorrow": 3.0, "dynamic_risk_score_tomorrow": 0.16947738280509417, "risk_tier_tomorrow": "Low", "dynamic_risk_score": 0.15789034582502226, "risk_tier": "Low", "construction_typology": "planned_estate", "wall_thickness_mm": 225, "wall_fkx_n_mm2": 0.9, "critical_failure_depth_m": 2.0207359550794606, "critical_failure_depth_free_m": 1.6684486546845776, "fos_at_0_3m": 185.66470439703539, "fos_at_0_45m": 57.211617333804192, "fos_at_0_9m": 8.0799618884357649, "fos_at_1_5m": 2.0772027003635105, "estimated_depth_m_today": 0.23683551873753339, "estimated_depth_m_tomorrow": 0.25421607420764125, "live_flexural_fos": 371.25600365941273, "live_flexural_fos_tomorrow": 301.54181726949236, "margin_to_failure_m": 1.7839004363419271, "margin_to_failure_m_tomorrow": 1.7665198808718192 }, "geometry": { "type": "Polygon", "coordinates": [ [ [ 3.43431003614893, 6.440898053716671 ], [ 3.434317731479706, 6.44994396099306 ], [ 3.443361074996724, 6.449936177781751 ], [ 3.443353219446792, 6.440890281510055 ], [ 3.43431003614893, 6.440898053716671 ] ] ] } },
{ "type": "Feature", "properties": { "mean_susceptibility": 0.5385647759146942, "mean_effective_drainage_score": 0.43480550096320464, "building_count": 825.0, "area_name": "Lekki Phase I", "rain_mm_yesterday": 9.0, "forecast_rain_mm_today": 0.1, "forecast_rain_mm_tomorrow": 3.0, "et0_mm_yesterday": 2.98, "et0_mm_today": 4.44, "et0_mm_tomorrow": 4.27, "rolling_2day_rain_mm_today": 1.2092746560681888, "dynamic_risk_score_today": 0.17068725105271376, "risk_tier_today": "Low", "rolling_2day_rain_mm_tomorrow": 3.0, "dynamic_risk_score_tomorrow": 0.18418915336282538, "risk_tier_tomorrow": "Low", "dynamic_risk_score": 0.17068725105271376, "risk_tier": "Low", "construction_typology": "planned_estate", "wall_thickness_mm": 225, "wall_fkx_n_mm2": 0.9, "critical_failure_depth_m": 2.0207359550794606, "critical_failure_depth_free_m": 1.6684486546845776, "fos_at_0_3m": 185.66470439703539, "fos_at_0_45m": 57.211617333804192, "fos_at_0_9m": 8.0799618884357649, "fos_at_1_5m": 2.0772027003635105, "estimated_depth_m_today": 0.25603087657907064, "estimated_depth_m_tomorrow": 0.27628373004423806, "live_flexural_fos": 295.31303049970302, "live_flexural_fos_tomorrow": 236.24515559447002, "margin_to_failure_m": 1.7647050785003899, "margin_to_failure_m_tomorrow": 1.7444522250352226 }, "geometry": { "type": "Polygon", "coordinates": [ [ [ 3.46143955204403, 6.440874256641338 ], [ 3.461447728029308, 6.44992013022337 ], [ 3.47049103708568, 6.449911865878288 ], [ 3.470482700884252, 6.440866003981225 ], [ 3.46143955204403, 6.440874256641338 ] ] ] } },
{ "type": "Feature", "properties": { "mean_susceptibility": 0.49777005981277489, "mean_effective_drainage_score": 0.39696937719336611, "building_count": 273.0, "area_name": "Ikoyi", "rain_mm_yesterday": 9.0, "forecast_rain_mm_today": 0.1, "forecast_rain_mm_tomorrow": 3.0, "et0_mm_yesterday": 2.98, "et0_mm_today": 4.44, "et0_mm_tomorrow": 4.28, "rolling_2day_rain_mm_today": 0.97090707631820672, "dynamic_risk_score_today": 0.15609705657215434, "risk_tier_today": "Low", "rolling_2day_rain_mm_tomorrow": 3.0, "dynamic_risk_score_tomorrow": 0.17023736045596904, "risk_tier_tomorrow": "Low", "dynamic_risk_score": 0.15609705657215434, "risk_tier": "Low", "construction_typology": "planned_estate", "wall_thickness_mm": 225, "wall_fkx_n_mm2": 0.9, "critical_failure_depth_m": 2.0207359550794606, "critical_failure_depth_free_m": 1.6684486546845776, "fos_at_0_3m": 185.66470439703539, "fos_at_0_45m": 57.211617333804192, "fos_at_0_9m": 8.0799618884357649, "fos_at_1_5m": 2.0772027003635105, "estimated_depth_m_today": 0.2341455848582315, "estimated_depth_m_tomorrow": 0.25535604068395357, "live_flexural_fos": 383.93330268831335, "live_flexural_fos_tomorrow": 297.60876348889428, "margin_to_failure_m": 1.7865903702212291, "margin_to_failure_m_tomorrow": 1.7653799143955071 }, "geometry": { "type": "Polygon", "coordinates": [ [ [ 3.425266841824345, 6.440905665770167 ], [ 3.425274376935002, 6.449951583824486 ], [ 3.434317731479706, 6.44994396099306 ], [ 3.43431003614893, 6.440898053716671 ], [ 3.425266841824345, 6.440905665770167 ] ] ] } },
{ "type": "Feature", "properties": { "mean_susceptibility": 0.62900956538000108, "mean_effective_drainage_score": 0.5416279125132667, "building_count": 703.0, "area_name": "Ikoyi", "rain_mm_yesterday": 9.0, "forecast_rain_mm_today": 0.1, "forecast_rain_mm_tomorrow": 3.0, "et0_mm_yesterday": 2.98, "et0_mm_today": 4.44, "et0_mm_tomorrow": 4.28, "rolling_2day_rain_mm_today": 1.8822558488335801, "dynamic_risk_score_today": 0.20527826668172322, "risk_tier_today": "Low", "rolling_2day_rain_mm_tomorrow": 3.0, "dynamic_risk_score_tomorrow": 0.2151212713599604, "risk_tier_tomorrow": "Low", "dynamic_risk_score": 0.20527826668172322, "risk_tier": "Low", "construction_typology": "planned_estate", "wall_thickness_mm": 225, "wall_fkx_n_mm2": 0.9, "critical_failure_depth_m": 2.0207359550794606, "critical_failure_depth_free_m": 1.6684486546845776, "fos_at_0_3m": 185.66470439703539, "fos_at_0_45m": 57.211617333804192, "fos_at_0_9m": 8.0799618884357649, "fos_at_1_5m": 2.0772027003635105, "estimated_depth_m_today": 0.30791740002258483, "estimated_depth_m_tomorrow": 0.3226819070399406, "live_flexural_fos": 172.06064556945557, "live_flexural_fos_tomorrow": 150.08056397317938, "margin_to_failure_m": 1.7128185550568757, "margin_to_failure_m_tomorrow": 1.6980540480395199 }, "geometry": { "type": "Polygon", "coordinates": [ [ [ 3.416223636702618, 6.440913117669595 ], [ 3.416231011592214, 6.449959046275087 ], [ 3.425274376935002, 6.449951583824486 ], [ 3.425266841824345, 6.440905665770167 ], [ 3.416223636702618, 6.440913117669595 ] ] ] } },
{ "type": "Feature", "properties": { "mean_susceptibility": 0.6061927738175773, "mean_effective_drainage_score": 0.39430222408631455, "building_count": 518.0, "area_name": "Ikoyi", "rain_mm_yesterday": 9.0, "forecast_rain_mm_today": 0.1, "forecast_rain_mm_tomorrow": 3.0, "et0_mm_yesterday": 2.98, "et0_mm_today": 4.44, "et0_mm_tomorrow": 4.28, "rolling_2day_rain_mm_today": 0.95410401174378101, "dynamic_risk_score_today": 0.18995502554872534, "risk_tier_today": "Low", "rolling_2day_rain_mm_tomorrow": 3.0, "dynamic_risk_score_tomorrow": 0.20731792864561138, "risk_tier_tomorrow": "Low", "dynamic_risk_score": 0.18995502554872534, "risk_tier": "Low", "construction_typology": "planned_estate", "wall_thickness_mm": 225, "wall_fkx_n_mm2": 0.9, "critical_failure_depth_m": 2.0207359550794606, "critical_failure_depth_free_m": 1.6684486546845776, "fos_at_0_3m": 185.66470439703539, "fos_at_0_45m": 57.211617333804192, "fos_at_0_9m": 8.0799618884357649, "fos_at_1_5m": 2.0772027003635105, "estimated_depth_m_today": 0.28493253832308801, "estimated_depth_m_tomorrow": 0.31097689296841707, "live_flexural_fos": 215.86062299615838, "live_flexural_fos_tomorrow": 167.16465752230496, "margin_to_failure_m": 1.7358034167563725, "margin_to_failure_m_tomorrow": 1.7097590621110434 }, "geometry": { "type": "Polygon", "coordinates": [ [ [ 3.416231011592214, 6.449959046275087 ], [ 3.416223636702618, 6.440913117669595 ], [ 3.407180421013329, 6.440920409414035 ], [ 3.407186379331111, 6.448392035975945 ], [ 3.409635082190391, 6.449964387984472 ], [ 3.416231011592214, 6.449959046275087 ] ] ] } },
{ "type": "Feature", "properties": { "mean_susceptibility": 0.55153482701604861, "mean_effective_drainage_score": 0.2488886986864301, "building_count": 21.0, "area_name": "Ikoyi", "rain_mm_yesterday": 9.0, "forecast_rain_mm_today": 0.1, "forecast_rain_mm_tomorrow": 3.0, "et0_mm_yesterday": 2.98, "et0_mm_today": 4.44, "et0_mm_tomorrow": 4.28, "rolling_2day_rain_mm_today": 0.1, "dynamic_risk_score_today": 0.16623259686263703, "risk_tier_today": "Low", "rolling_2day_rain_mm_tomorrow": 3.0, "dynamic_risk_score_tomorrow": 0.18862491083948862, "risk_tier_tomorrow": "Low", "dynamic_risk_score": 0.16623259686263703, "risk_tier": "Low", "construction_typology": "planned_estate", "wall_thickness_mm": 225, "wall_fkx_n_mm2": 0.9, "critical_failure_depth_m": 2.0207359550794606, "critical_failure_depth_free_m": 1.6684486546845776, "fos_at_0_3m": 185.66470439703539, "fos_at_0_45m": 57.211617333804192, "fos_at_0_9m": 8.0799618884357649, "fos_at_1_5m": 2.0772027003635105, "estimated_depth_m_today": 0.24934889529395554, "estimated_depth_m_tomorrow": 0.28293736625923294, "live_flexural_fos": 319.14630932450331, "live_flexural_fos_tomorrow": 220.34572265087547, "margin_to_failure_m": 1.771387059785505, "margin_to_failure_m_tomorrow": 1.7377985888202276 }, "geometry": { "type": "Polygon", "coordinates": [ [ [ 3.407180421013329, 6.440920409414035 ], [ 3.398137194986063, 6.440927541002581 ], [ 3.398138269217801, 6.442305870902 ], [ 3.400919915000145, 6.444368839000049 ], [ 3.403955937000148, 6.44662284900005 ], [ 3.404932975000178, 6.447135926000101 ], [ 3.406514884000046, 6.447960854000143 ], [ 3.407186379331111, 6.448392035975945 ], [ 3.407180421013329, 6.440920409414035 ] ] ] } },
{ "type": "Feature", "properties": { "mean_susceptibility": 0.53662064767356732, "mean_effective_drainage_score": 0.4496558979975302, "building_count": 128.0, "area_name": "Ikoyi", "rain_mm_yesterday": 9.0, "forecast_rain_mm_today": 0.1, "forecast_rain_mm_tomorrow": 3.0, "et0_mm_yesterday": 2.98, "et0_mm_today": 4.44, "et0_mm_tomorrow": 4.28, "rolling_2day_rain_mm_today": 1.3028321573844392, "dynamic_risk_score_today": 0.17077396720754845, "risk_tier_today": "Low", "rolling_2day_rain_mm_tomorrow": 3.0, "dynamic_risk_score_tomorrow": 0.18352426150435996, "risk_tier_tomorrow": "Low", "dynamic_risk_score": 0.17077396720754845, "risk_tier": "Low", "construction_typology": "planned_estate", "wall_thickness_mm": 225, "wall_fkx_n_mm2": 0.9, "critical_failure_depth_m": 2.0207359550794606, "critical_failure_depth_free_m": 1.6684486546845776, "fos_at_0_3m": 185.66470439703539, "fos_at_0_45m": 57.211617333804192, "fos_at_0_9m": 8.0799618884357649, "fos_at_1_5m": 2.0772027003635105, "estimated_depth_m_today": 0.25616095081132267, "estimated_depth_m_tomorrow": 0.27528639225653995, "live_flexural_fos": 294.87327712834747, "live_flexural_fos_tomorrow": 238.76064134677983, "margin_to_failure_m": 1.7645750042681378, "margin_to_failure_m_tomorrow": 1.7454495628229205 }, "geometry": { "type": "Polygon", "coordinates": [ [ [ 3.416238397050293, 6.459004971670245 ], [ 3.416231011592214, 6.449959046275087 ], [ 3.409635082190391, 6.449964387984472 ], [ 3.410011053000062, 6.450205803000187 ], [ 3.410940886000162, 6.450650216000098 ], [ 3.411881923000124, 6.451787949000162 ], [ 3.413053988, 6.452919960000144 ], [ 3.414483070000131, 6.455661773000089 ], [ 3.415673018000177, 6.457945825000024 ], [ 3.415614539960886, 6.459005481264434 ], [ 3.416238397050293, 6.459004971670245 ] ] ] } },
{ "type": "Feature", "properties": { "mean_susceptibility": 0.36781429661213511, "mean_effective_drainage_score": 0.44984194985548592, "building_count": 600.0, "area_name": "Ikoyi", "rain_mm_yesterday": 9.0, "forecast_rain_mm_today": 0.1, "forecast_rain_mm_tomorrow": 3.0, "et0_mm_yesterday": 2.98, "et0_mm_today": 4.44, "et0_mm_tomorrow": 4.28, "rolling_2day_rain_mm_today": 1.3040042840895616, "dynamic_risk_score_today": 0.11705912884308312, "risk_tier_today": "Low", "rolling_2day_rain_mm_tomorrow": 3.0, "dynamic_risk_score_tomorrow": 0.12579248944135024, "risk_tier_tomorrow": "Low", "dynamic_risk_score": 0.11705912884308312, "risk_tier": "Low", "construction_typology": "planned_estate", "wall_thickness_mm": 225, "wall_fkx_n_mm2": 0.9, "critical_failure_depth_m": 2.0207359550794606, "critical_failure_depth_free_m": 1.6684486546845776, "fos_at_0_3m": 185.66470439703539, "fos_at_0_45m": 57.211617333804192, "fos_at_0_9m": 8.0799618884357649, "fos_at_1_5m": 2.0772027003635105, "estimated_depth_m_today": 0.17558869326462467, "estimated_depth_m_tomorrow": 0.18868873416202536, "live_flexural_fos": 896.83169282229323, "live_flexural_fos_tomorrow": 725.12990730156969, "margin_to_failure_m": 1.8451472618148359, "margin_to_failure_m_tomorrow": 1.8320472209174352 }, "geometry": { "type": "Polygon", "coordinates": [ [ [ 3.416231011592214, 6.449959046275087 ], [ 3.416238397050293, 6.459004971670245 ], [ 3.425281922843744, 6.458997498668118 ], [ 3.425274376935002, 6.449951583824486 ], [ 3.416231011592214, 6.449959046275087 ] ] ] } },
{ "type": "Feature", "properties": { "mean_susceptibility": 0.62383152447069301, "mean_effective_drainage_score": 0.45512905047864555, "building_count": 313.0, "area_name": "Ikoyi", "rain_mm_yesterday": 9.0, "forecast_rain_mm_today": 0.1, "forecast_rain_mm_tomorrow": 3.0, "et0_mm_yesterday": 2.98, "et0_mm_today": 4.44, "et0_mm_tomorrow": 4.28, "rolling_2day_rain_mm_today": 1.3373130180154673, "dynamic_risk_score_today": 0.19882906960333124, "risk_tier_today": "Low", "rolling_2day_rain_mm_tomorrow": 3.0, "dynamic_risk_score_tomorrow": 0.21335038136897699, "risk_tier_tomorrow": "Low", "dynamic_risk_score": 0.19882906960333124, "risk_tier": "Low", "construction_typology": "planned_estate", "wall_thickness_mm": 225, "wall_fkx_n_mm2": 0.9, "critical_failure_depth_m": 2.0207359550794606, "critical_failure_depth_free_m": 1.6684486546845776, "fos_at_0_3m": 185.66470439703539, "fos_at_0_45m": 57.211617333804192, "fos_at_0_9m": 8.0799618884357649, "fos_at_1_5m": 2.0772027003635105, "estimated_depth_m_today": 0.29824360440499686, "estimated_depth_m_tomorrow": 0.32002557205346549, "live_flexural_fos": 188.87832557419537, "live_flexural_fos_tomorrow": 153.74275020912827, "margin_to_failure_m": 1.7224923506744636, "margin_to_failure_m_tomorrow": 1.7007103830259951 }, "geometry": { "type": "Polygon", "coordinates": [ [ [ 3.425289479551515, 6.468043410296636 ], [ 3.425281922843744, 6.458997498668118 ], [ 3.416238397050293, 6.459004971670245 ], [ 3.416244341869004, 6.466276970872397 ], [ 3.416922511687072, 6.468050339440713 ], [ 3.425289479551515, 6.468043410296636 ] ] ] } },
{ "type": "Feature", "properties": { "mean_susceptibility": 0.65355064390687745, "mean_effective_drainage_score": 0.35885689703797263, "building_count": 1070.0, "area_name": "Jakande", "rain_mm_yesterday": 9.0, "forecast_rain_mm_today": 0.1, "forecast_rain_mm_tomorrow": 3.0, "et0_mm_yesterday": 2.98, "et0_mm_today": 4.44, "et0_mm_tomorrow": 4.28, "rolling_2day_rain_mm_today": 0.73079845133922727, "dynamic_risk_score_today": 0.20275178635020785, "risk_tier_today": "Low", "rolling_2day_rain_mm_tomorrow": 3.0, "dynamic_risk_score_tomorrow": 0.22351432021615203, "risk_tier_tomorrow": "Low", "dynamic_risk_score": 0.20275178635020785, "risk_tier": "Low", "construction_typology": "informal_older_stock", "wall_thickness_mm": 150, "wall_fkx_n_mm2": 0.6, "critical_failure_depth_m": 1.2440258247398457, "critical_failure_depth_free_m": 1.1122991031230518, "fos_at_0_3m": 55.011764265788258, "fos_at_0_45m": 16.951590321127167, "fos_at_0_9m": 2.3940627817587448, "fos_at_1_5m": 0.61546746677437347, "estimated_depth_m_today": 0.30412767952531178, "estimated_depth_m_tomorrow": 0.33527148032422804, "live_flexural_fos": 52.858638064412645, "live_flexural_fos_tomorrow": 39.774611910929103, "margin_to_failure_m": 0.93989814521453385, "margin_to_failure_m_tomorrow": 0.90875434441561764 }, "geometry": { "type": "Polygon", "coordinates": [ [ [ 3.497612074816443, 6.440840285110214 ], [ 3.497620891659987, 6.449886110591846 ], [ 3.506664151554514, 6.449877204749519 ], [ 3.506655174499109, 6.440831391859864 ], [ 3.497612074816443, 6.440840285110214 ] ] ] } },
{ "type": "Feature", "properties": { "mean_susceptibility": 0.78951062206279787, "mean_effective_drainage_score": 0.48684189541221567, "building_count": 841.0, "area_name": "Ikate", "rain_mm_yesterday": 9.0, "forecast_rain_mm_today": 0.1, "forecast_rain_mm_tomorrow": 3.0, "et0_mm_yesterday": 2.98, "et0_mm_today": 4.44, "et0_mm_tomorrow": 4.28, "rolling_2day_rain_mm_today": 1.5371039410969587, "dynamic_risk_score_today": 0.25384302506078826, "risk_tier_today": "Medium", "rolling_2day_rain_mm_tomorrow": 3.0, "dynamic_risk_score_tomorrow": 0.27001263274547682, "risk_tier_tomorrow": "Medium", "dynamic_risk_score": 0.25384302506078826, "risk_tier": "Medium", "construction_typology": "informal_older_stock", "wall_thickness_mm": 150, "wall_fkx_n_mm2": 0.6, "critical_failure_depth_m": 1.2440258247398457, "critical_failure_depth_free_m": 1.1122991031230518, "fos_at_0_3m": 55.011764265788258, "fos_at_0_45m": 16.951590321127167, "fos_at_0_9m": 2.3940627817587448, "fos_at_1_5m": 0.61546746677437347, "estimated_depth_m_today": 0.38076453759118239, "estimated_depth_m_tomorrow": 0.40501894911821523, "live_flexural_fos": 27.477686383803427, "live_flexural_fos_tomorrow": 22.976453259020932, "margin_to_failure_m": 0.86326128714866335, "margin_to_failure_m_tomorrow": 0.83900687562163045 }, "geometry": { "type": "Polygon", "coordinates": [ [ [ 3.488568962500031, 6.440849018214609 ], [ 3.488577619130612, 6.449894856061473 ], [ 3.497620891659987, 6.449886110591846 ], [ 3.497612074816443, 6.440840285110214 ], [ 3.488568962500031, 6.440849018214609 ] ] ] } },
{ "type": "Feature", "properties": { "mean_susceptibility": 0.68015303099470792, "mean_effective_drainage_score": 0.40674385274082631, "building_count": 879.0, "area_name": "Lekki Phase I", "rain_mm_yesterday": 9.0, "forecast_rain_mm_today": 0.1, "forecast_rain_mm_tomorrow": 3.0, "et0_mm_yesterday": 2.98, "et0_mm_today": 4.44, "et0_mm_tomorrow": 4.28, "rolling_2day_rain_mm_today": 1.0324862722672057, "dynamic_risk_score_today": 0.2138773906440139, "risk_tier_today": "Low", "rolling_2day_rain_mm_tomorrow": 3.0, "dynamic_risk_score_tomorrow": 0.23261233660019009, "risk_tier_tomorrow": "Low", "dynamic_risk_score": 0.2138773906440139, "risk_tier": "Low", "construction_typology": "planned_estate", "wall_thickness_mm": 225, "wall_fkx_n_mm2": 0.9, "critical_failure_depth_m": 2.0207359550794606, "critical_failure_depth_free_m": 1.6684486546845776, "fos_at_0_3m": 185.66470439703539, "fos_at_0_45m": 57.211617333804192, "fos_at_0_9m": 8.0799618884357649, "fos_at_1_5m": 2.0772027003635105, "estimated_depth_m_today": 0.32081608596602085, "estimated_depth_m_tomorrow": 0.34891850490028514, "live_flexural_fos": 152.6403792045823, "live_flexural_fos_tomorrow": 119.52001483927573, "margin_to_failure_m": 1.6999198691134398, "margin_to_failure_m_tomorrow": 1.6718174501791754 }, "geometry": { "type": "Polygon", "coordinates": [ [ [ 3.479525837779444, 6.440857591171968 ], [ 3.479534334195979, 6.449903441157307 ], [ 3.488577619130612, 6.449894856061473 ], [ 3.488568962500031, 6.440849018214609 ], [ 3.479525837779444, 6.440857591171968 ] ] ] } },
{ "type": "Feature", "properties": { "mean_susceptibility": 0.49594162210727222, "mean_effective_drainage_score": 0.45514925996325079, "building_count": 1228.0, "area_name": "Lekki Phase I", "rain_mm_yesterday": 9.0, "forecast_rain_mm_today": 0.1, "forecast_rain_mm_tomorrow": 3.0, "et0_mm_yesterday": 2.98, "et0_mm_today": 4.44, "et0_mm_tomorrow": 4.27, "rolling_2day_rain_mm_today": 1.3374403377684798, "dynamic_risk_score_today": 0.15806857926036599, "risk_tier_today": "Low", "rolling_2day_rain_mm_tomorrow": 3.0, "dynamic_risk_score_tomorrow": 0.16961203476068709, "risk_tier_tomorrow": "Low", "dynamic_risk_score": 0.15806857926036599, "risk_tier": "Low", "construction_typology": "planned_estate", "wall_thickness_mm": 225, "wall_fkx_n_mm2": 0.9, "critical_failure_depth_m": 2.0207359550794606, "critical_failure_depth_free_m": 1.6684486546845776, "fos_at_0_3m": 185.66470439703539, "fos_at_0_45m": 57.211617333804192, "fos_at_0_9m": 8.0799618884357649, "fos_at_1_5m": 2.0772027003635105, "estimated_depth_m_today": 0.23710286889054899, "estimated_depth_m_tomorrow": 0.25441805214103064, "live_flexural_fos": 370.02699977538168, "live_flexural_fos_tomorrow": 300.83987496204765, "margin_to_failure_m": 1.7836330861889116, "margin_to_failure_m_tomorrow": 1.7663179029384299 }, "geometry": { "type": "Polygon", "coordinates": [ [ [ 3.470482700884252, 6.440866003981225 ], [ 3.47049103708568, 6.449911865878288 ], [ 3.479534334195979, 6.449903441157307 ], [ 3.479525837779444, 6.440857591171968 ], [ 3.470482700884252, 6.440866003981225 ] ] ] } },
{ "type": "Feature", "properties": { "mean_susceptibility": 0.68508814651581196, "mean_effective_drainage_score": 0.40813616621372678, "building_count": 205.0, "area_name": "Jakande", "rain_mm_yesterday": 9.0, "forecast_rain_mm_today": 0.1, "forecast_rain_mm_tomorrow": 3.0, "et0_mm_yesterday": 2.98, "et0_mm_today": 4.44, "et0_mm_tomorrow": 4.28, "rolling_2day_rain_mm_today": 1.0412578471464782, "dynamic_risk_score_today": 0.21551339167439632, "risk_tier_today": "Low", "rolling_2day_rain_mm_tomorrow": 3.0, "dynamic_risk_score_tomorrow": 0.23430014610840766, "risk_tier_tomorrow": "Low", "dynamic_risk_score": 0.21551339167439632, "risk_tier": "Low", "construction_typology": "informal_older_stock", "wall_thickness_mm": 150, "wall_fkx_n_mm2": 0.6, "critical_failure_depth_m": 1.2440258247398457, "critical_failure_depth_free_m": 1.1122991031230518, "fos_at_0_3m": 55.011764265788258, "fos_at_0_45m": 16.951590321127167, "fos_at_0_9m": 2.3940627817587448, "fos_at_1_5m": 0.61546746677437347, "estimated_depth_m_today": 0.32327008751159447, "estimated_depth_m_tomorrow": 0.35145021916261149, "live_flexural_fos": 44.232787746489308, "live_flexural_fos_tomorrow": 34.676396289970612, "margin_to_failure_m": 0.92075573722825121, "margin_to_failure_m_tomorrow": 0.89257560557723425 }, "geometry": { "type": "Polygon", "coordinates": [ [ [ 3.497620891659987, 6.449886110591846 ], [ 3.49762972113838, 6.458931932859649 ], [ 3.506673141474356, 6.458923014424912 ], [ 3.506664151554514, 6.449877204749519 ], [ 3.497620891659987, 6.449886110591846 ] ] ] } },
{ "type": "Feature", "properties": { "mean_susceptibility": 0.67949953964002374, "mean_effective_drainage_score": 0.32508982256480423, "building_count": 73.0, "area_name": "Jakande", "rain_mm_yesterday": 9.0, "forecast_rain_mm_today": 0.1, "forecast_rain_mm_tomorrow": 3.0, "et0_mm_yesterday": 2.98, "et0_mm_today": 4.44, "et0_mm_tomorrow": 4.28, "rolling_2day_rain_mm_today": 0.51806588215826677, "dynamic_risk_score_today": 0.2087782192900236, "risk_tier_today": "Low", "rolling_2day_rain_mm_tomorrow": 3.0, "dynamic_risk_score_tomorrow": 0.23238884255688808, "risk_tier_tomorrow": "Low", "dynamic_risk_score": 0.2087782192900236, "risk_tier": "Low", "construction_typology": "informal_older_stock", "wall_thickness_mm": 150, "wall_fkx_n_mm2": 0.6, "critical_failure_depth_m": 1.2440258247398457, "critical_failure_depth_free_m": 1.1122991031230518, "fos_at_0_3m": 55.011764265788258, "fos_at_0_45m": 16.951590321127167, "fos_at_0_9m": 2.3940627817587448, "fos_at_1_5m": 0.61546746677437347, "estimated_depth_m_today": 0.31316732893503541, "estimated_depth_m_tomorrow": 0.34858326383533211, "live_flexural_fos": 48.525775233645952, "live_flexural_fos_tomorrow": 35.512507422927861, "margin_to_failure_m": 0.93085849580481028, "margin_to_failure_m_tomorrow": 0.89544256090451357 }, "geometry": { "type": "Polygon", "coordinates": [ [ [ 3.488577619130612, 6.449894856061473 ], [ 3.488586288166452, 6.458940690694923 ], [ 3.49762972113838, 6.458931932859649 ], [ 3.497620891659987, 6.449886110591846 ], [ 3.488577619130612, 6.449894856061473 ] ] ] } },
{ "type": "Feature", "properties": { "mean_susceptibility": 0.50780004320251881, "mean_effective_drainage_score": 0.34260137271153401, "building_count": 293.0, "area_name": "Lekki Phase I", "rain_mm_yesterday": 9.0, "forecast_rain_mm_today": 0.1, "forecast_rain_mm_tomorrow": 3.0, "et0_mm_yesterday": 2.98, "et0_mm_today": 4.44, "et0_mm_tomorrow": 4.28, "rolling_2day_rain_mm_today": 0.62838864808266404, "dynamic_risk_score_today": 0.15680735391777656, "risk_tier_today": "Low", "rolling_2day_rain_mm_tomorrow": 3.0, "dynamic_risk_score_tomorrow": 0.17366761477526138, "risk_tier_tomorrow": "Low", "dynamic_risk_score": 0.15680735391777656, "risk_tier": "Low", "construction_typology": "planned_estate", "wall_thickness_mm": 225, "wall_fkx_n_mm2": 0.9, "critical_failure_depth_m": 2.0207359550794606, "critical_failure_depth_free_m": 1.6684486546845776, "fos_at_0_3m": 185.66470439703539, "fos_at_0_45m": 57.211617333804192, "fos_at_0_9m": 8.0799618884357649, "fos_at_1_5m": 2.0772027003635105, "estimated_depth_m_today": 0.23521103087666484, "estimated_depth_m_tomorrow": 0.26050142216289207, "live_flexural_fos": 378.84326920962997, "live_flexural_fos_tomorrow": 280.69182687368391, "margin_to_failure_m": 1.7855249242027957, "margin_to_failure_m_tomorrow": 1.7602345329165685 }, "geometry": { "type": "Polygon", "coordinates": [ [ [ 3.479534334195979, 6.449903441157307 ], [ 3.479542842788182, 6.458949287929648 ], [ 3.488586288166452, 6.458940690694923 ], [ 3.488577619130612, 6.449894856061473 ], [ 3.479534334195979, 6.449903441157307 ] ] ] } },
{ "type": "Feature", "properties": { "mean_susceptibility": 0.47705193953649422, "mean_effective_drainage_score": 0.40839514047743958, "building_count": 1514.0, "area_name": "Lekki Phase I", "rain_mm_yesterday": 9.0, "forecast_rain_mm_today": 0.1, "forecast_rain_mm_tomorrow": 3.0, "et0_mm_yesterday": 2.98, "et0_mm_today": 4.44, "et0_mm_tomorrow": 4.28, "rolling_2day_rain_mm_today": 1.0428893850078689, "dynamic_risk_score_today": 0.15008075551470856, "risk_tier_today": "Low", "rolling_2day_rain_mm_tomorrow": 3.0, "dynamic_risk_score_tomorrow": 0.16315176332148096, "risk_tier_tomorrow": "Low", "dynamic_risk_score": 0.15008075551470856, "risk_tier": "Low", "construction_typology": "planned_estate", "wall_thickness_mm": 225, "wall_fkx_n_mm2": 0.9, "critical_failure_depth_m": 2.0207359550794606, "critical_failure_depth_free_m": 1.6684486546845776, "fos_at_0_3m": 185.66470439703539, "fos_at_0_45m": 57.211617333804192, "fos_at_0_9m": 8.0799618884357649, "fos_at_1_5m": 2.0772027003635105, "estimated_depth_m_today": 0.22512113327206285, "estimated_depth_m_tomorrow": 0.24472764498222144, "live_flexural_fos": 430.98105231656518, "live_flexural_fos_tomorrow": 337.16810133014786, "margin_to_failure_m": 1.7956148218073977, "margin_to_failure_m_tomorrow": 1.776008310097239 }, "geometry": { "type": "Polygon", "coordinates": [ [ [ 3.47049103708568, 6.449911865878288 ], [ 3.470499385233182, 6.458957724562756 ], [ 3.479542842788182, 6.458949287929648 ], [ 3.479534334195979, 6.449903441157307 ], [ 3.47049103708568, 6.449911865878288 ] ] ] } },
{ "type": "Feature", "properties": { "mean_susceptibility": 0.66637615510515547, "mean_effective_drainage_score": 0.4478066988038521, "building_count": 157.0, "area_name": "Banana Island", "rain_mm_yesterday": 9.0, "forecast_rain_mm_today": 0.1, "forecast_rain_mm_tomorrow": 3.0, "et0_mm_yesterday": 2.98, "et0_mm_today": 4.44, "et0_mm_tomorrow": 4.28, "rolling_2day_rain_mm_today": 1.2911822024642685, "dynamic_risk_score_today": 0.21195862897420348, "risk_tier_today": "Low", "rolling_2day_rain_mm_tomorrow": 3.0, "dynamic_risk_score_tomorrow": 0.22790064504596319, "risk_tier_tomorrow": "Low", "dynamic_risk_score": 0.21195862897420348, "risk_tier": "Low", "construction_typology": "planned_estate", "wall_thickness_mm": 225, "wall_fkx_n_mm2": 0.9, "critical_failure_depth_m": 2.0207359550794606, "critical_failure_depth_free_m": 1.6684486546845776, "fos_at_0_3m": 185.66470439703539, "fos_at_0_45m": 57.211617333804192, "fos_at_0_9m": 8.0799618884357649, "fos_at_1_5m": 2.0772027003635105, "estimated_depth_m_today": 0.31793794346130522, "estimated_depth_m_tomorrow": 0.34185096756894479, "live_flexural_fos": 156.70621371533215, "live_flexural_fos_tomorrow": 126.85358806442503, "margin_to_failure_m": 1.7027980116181554, "margin_to_failure_m_tomorrow": 1.6788849875105158 }, "geometry": { "type": "Polygon", "coordinates": [ [ [ 3.479542842788182, 6.458949287929648 ], [ 3.470499385233182, 6.458957724562756 ], [ 3.47050630824068, 6.466449531626807 ], [ 3.475280999, 6.463615895000033 ], [ 3.478266954000105, 6.462875844 ], [ 3.479546385558535, 6.462711944805887 ], [ 3.479542842788182, 6.458949287929648 ] ] ] } },
{ "type": "Feature", "properties": { "mean_susceptibility": 0.6157029840337942, "mean_effective_drainage_score": 0.22941890840027296, "building_count": 247.0, "area_name": "Banana Island", "rain_mm_yesterday": 9.0, "forecast_rain_mm_today": 0.1, "forecast_rain_mm_tomorrow": 3.0, "et0_mm_yesterday": 2.98, "et0_mm_today": 4.44, "et0_mm_tomorrow": 4.28, "rolling_2day_rain_mm_today": 0.1, "dynamic_risk_score_today": 0.18557287938778555, "risk_tier_today": "Low", "rolling_2day_rain_mm_tomorrow": 3.0, "dynamic_risk_score_tomorrow": 0.21057042053955755, "risk_tier_tomorrow": "Low", "dynamic_risk_score": 0.18557287938778555, "risk_tier": "Low", "construction_typology": "planned_estate", "wall_thickness_mm": 225, "wall_fkx_n_mm2": 0.9, "critical_failure_depth_m": 2.0207359550794606, "critical_failure_depth_free_m": 1.6684486546845776, "fos_at_0_3m": 185.66470439703539, "fos_at_0_45m": 57.211617333804192, "fos_at_0_9m": 8.0799618884357649, "fos_at_1_5m": 2.0772027003635105, "estimated_depth_m_today": 0.27835931908167832, "estimated_depth_m_tomorrow": 0.31585563080933632, "live_flexural_fos": 231.12366475676268, "live_flexural_fos_tomorrow": 159.73963718684405, "margin_to_failure_m": 1.7423766359977821, "margin_to_failure_m_tomorrow": 1.7048803242701243 }, "geometry": { "type": "Polygon", "coordinates": [ [ [ 3.461447728029308, 6.44992013022337 ], [ 3.461455915731066, 6.458966000593202 ], [ 3.470499385233182, 6.458957724562756 ], [ 3.47049103708568, 6.449911865878288 ], [ 3.461447728029308, 6.44992013022337 ] ] ] } },
{ "type": "Feature", "properties": { "mean_susceptibility": 0.4350608984505282, "mean_effective_drainage_score": 0.48621862117553444, "building_count": 287.0, "area_name": "Banana Island", "rain_mm_yesterday": 9.0, "forecast_rain_mm_today": 0.1, "forecast_rain_mm_tomorrow": 3.0, "et0_mm_yesterday": 2.98, "et0_mm_today": 4.43, "et0_mm_tomorrow": 4.27, "rolling_2day_rain_mm_today": 1.5331773134058668, "dynamic_risk_score_today": 0.13985662652751896, "risk_tier_today": "Low", "rolling_2day_rain_mm_tomorrow": 3.0, "dynamic_risk_score_tomorrow": 0.14879082727008064, "risk_tier_tomorrow": "Low", "dynamic_risk_score": 0.13985662652751896, "risk_tier": "Low", "construction_typology": "planned_estate", "wall_thickness_mm": 225, "wall_fkx_n_mm2": 0.9, "critical_failure_depth_m": 2.0207359550794606, "critical_failure_depth_free_m": 1.6684486546845776, "fos_at_0_3m": 185.66470439703539, "fos_at_0_45m": 57.211617333804192, "fos_at_0_9m": 8.0799618884357649, "fos_at_1_5m": 2.0772027003635105, "estimated_depth_m_today": 0.20978493979127844, "estimated_depth_m_tomorrow": 0.22318624090512096, "live_flexural_fos": 530.48816530748627, "live_flexural_fos_tomorrow": 442.06793710991388, "margin_to_failure_m": 1.810951015288182, "margin_to_failure_m_tomorrow": 1.7975497141743397 }, "geometry": { "type": "Polygon", "coordinates": [ [ [ 3.452404407256457, 6.449928234191526 ], [ 3.443361074996724, 6.449936177781751 ], [ 3.443368732275447, 6.458741305715709 ], [ 3.444046020000144, 6.457924844000162 ], [ 3.446538925000084, 6.455117225000151 ], [ 3.448141097000132, 6.454400064000025 ], [ 3.452409063911865, 6.455177377528364 ], [ 3.452404407256457, 6.449928234191526 ] ] ] } },
{ "type": "Feature", "properties": { "mean_susceptibility": 0.36895392356284157, "mean_effective_drainage_score": 0.40090062453144959, "building_count": 452.0, "area_name": "Ikoyi", "rain_mm_yesterday": 9.0, "forecast_rain_mm_today": 0.1, "forecast_rain_mm_tomorrow": 3.0, "et0_mm_yesterday": 2.98, "et0_mm_today": 4.43, "et0_mm_tomorrow": 4.27, "rolling_2day_rain_mm_today": 0.99567393454813213, "dynamic_risk_score_today": 0.11582918633522343, "risk_tier_today": "Low", "rolling_2day_rain_mm_tomorrow": 3.0, "dynamic_risk_score_tomorrow": 0.12618224185849181, "risk_tier_tomorrow": "Low", "dynamic_risk_score": 0.11582918633522343, "risk_tier": "Low", "construction_typology": "planned_estate", "wall_thickness_mm": 225, "wall_fkx_n_mm2": 0.9, "critical_failure_depth_m": 2.0207359550794606, "critical_failure_depth_free_m": 1.6684486546845776, "fos_at_0_3m": 185.66470439703539, "fos_at_0_45m": 57.211617333804192, "fos_at_0_9m": 8.0799618884357649, "fos_at_1_5m": 2.0772027003635105, "estimated_depth_m_today": 0.17374377950283515, "estimated_depth_m_tomorrow": 0.18927336278773771, "live_flexural_fos": 925.26966777266739, "live_flexural_fos_tomorrow": 718.53865945407654, "margin_to_failure_m": 1.8469921755766254, "margin_to_failure_m_tomorrow": 1.8314625922917229 }, "geometry": { "type": "Polygon", "coordinates": [ [ [ 3.443361074996724, 6.449936177781751 ], [ 3.434317731479706, 6.44994396099306 ], [ 3.434325437838167, 6.458989865058393 ], [ 3.443168862931289, 6.458982245019023 ], [ 3.443368732275447, 6.458741305715709 ], [ 3.443361074996724, 6.449936177781751 ] ] ] } },
{ "type": "Feature", "properties": { "mean_susceptibility": 0.26740204262820699, "mean_effective_drainage_score": 0.55381898000435748, "building_count": 475.0, "area_name": "Ikoyi", "rain_mm_yesterday": 9.0, "forecast_rain_mm_today": 0.1, "forecast_rain_mm_tomorrow": 3.0, "et0_mm_yesterday": 2.98, "et0_mm_today": 4.44, "et0_mm_tomorrow": 4.28, "rolling_2day_rain_mm_today": 1.9590595740274521, "dynamic_risk_score_today": 0.087554604232616073, "risk_tier_today": "Low", "rolling_2day_rain_mm_tomorrow": 3.0, "dynamic_risk_score_tomorrow": 0.091451498578846824, "risk_tier_tomorrow": "Low", "dynamic_risk_score": 0.087554604232616073, "risk_tier": "Low", "construction_typology": "planned_estate", "wall_thickness_mm": 225, "wall_fkx_n_mm2": 0.9, "critical_failure_depth_m": 2.0207359550794606, "critical_failure_depth_free_m": 1.6684486546845776, "fos_at_0_3m": 185.66470439703539, "fos_at_0_45m": 57.211617333804192, "fos_at_0_9m": 8.0799618884357649, "fos_at_1_5m": 2.0772027003635105, "estimated_depth_m_today": 0.13133190634892411, "estimated_depth_m_tomorrow": 0.13717724786827024, "live_flexural_fos": 2119.3234728956481, "live_flexural_fos_tomorrow": 1862.5437028796152, "margin_to_failure_m": 1.8894040487305364, "margin_to_failure_m_tomorrow": 1.8835587072111903 }, "geometry": { "type": "Polygon", "coordinates": [ [ [ 3.425274376935002, 6.449951583824486 ], [ 3.425281922843744, 6.458997498668118 ], [ 3.434325437838167, 6.458989865058393 ], [ 3.434317731479706, 6.44994396099306 ], [ 3.425274376935002, 6.449951583824486 ] ] ] } },
{ "type": "Feature", "properties": { "mean_susceptibility": 0.68963698400939155, "mean_effective_drainage_score": 0.24973502662960381, "building_count": 150.0, "area_name": "Banana Island", "rain_mm_yesterday": 9.0, "forecast_rain_mm_today": 0.1, "forecast_rain_mm_tomorrow": 3.0, "et0_mm_yesterday": 2.98, "et0_mm_today": 4.44, "et0_mm_tomorrow": 4.28, "rolling_2day_rain_mm_today": 0.1, "dynamic_risk_score_today": 0.20785658698043064, "risk_tier_today": "Low", "rolling_2day_rain_mm_tomorrow": 3.0, "dynamic_risk_score_tomorrow": 0.23585584853121189, "risk_tier_tomorrow": "Low", "dynamic_risk_score": 0.20785658698043064, "risk_tier": "Low", "construction_typology": "planned_estate", "wall_thickness_mm": 225, "wall_fkx_n_mm2": 0.9, "critical_failure_depth_m": 2.0207359550794606, "critical_failure_depth_free_m": 1.6684486546845776, "fos_at_0_3m": 185.66470439703539, "fos_at_0_45m": 57.211617333804192, "fos_at_0_9m": 8.0799618884357649, "fos_at_1_5m": 2.0772027003635105, "estimated_depth_m_today": 0.31178488047064595, "estimated_depth_m_tomorrow": 0.35378377279681783, "live_flexural_fos": 165.90317330785635, "live_flexural_fos_tomorrow": 114.80205329833525, "margin_to_failure_m": 1.7089510746088146, "margin_to_failure_m_tomorrow": 1.6669521822826427 }, "geometry": { "type": "Polygon", "coordinates": [ [ [ 3.461455915731066, 6.458966000593202 ], [ 3.461447728029308, 6.44992013022337 ], [ 3.452404407256457, 6.449928234191526 ], [ 3.452409063911865, 6.455177377528364 ], [ 3.45276999400005, 6.455243111000073 ], [ 3.454627991000053, 6.456133843000032 ], [ 3.456296448530366, 6.458970650266268 ], [ 3.461455915731066, 6.458966000593202 ] ] ] } },
{ "type": "Feature", "properties": { "mean_susceptibility": 0.52239925648193086, "mean_effective_drainage_score": 0.44186210124751152, "building_count": 234.0, "area_name": "Ikoyi", "rain_mm_yesterday": 9.0, "forecast_rain_mm_today": 0.1, "forecast_rain_mm_tomorrow": 3.0, "et0_mm_yesterday": 2.98, "et0_mm_today": 4.44, "et0_mm_tomorrow": 4.28, "rolling_2day_rain_mm_today": 1.2537312378593226, "dynamic_risk_score_today": 0.16588905267538157, "risk_tier_today": "Low", "rolling_2day_rain_mm_tomorrow": 3.0, "dynamic_risk_score_tomorrow": 0.17866054571682033, "risk_tier_tomorrow": "Low", "dynamic_risk_score": 0.16588905267538157, "risk_tier": "Low", "construction_typology": "planned_estate", "wall_thickness_mm": 225, "wall_fkx_n_mm2": 0.9, "critical_failure_depth_m": 2.0207359550794606, "critical_failure_depth_free_m": 1.6684486546845776, "fos_at_0_3m": 185.66470439703539, "fos_at_0_45m": 57.211617333804192, "fos_at_0_9m": 8.0799618884357649, "fos_at_1_5m": 2.0772027003635105, "estimated_depth_m_today": 0.24883357901307235, "estimated_depth_m_tomorrow": 0.26799081857523049, "live_flexural_fos": 321.09060129358335, "live_flexural_fos_tomorrow": 258.30883711869893, "margin_to_failure_m": 1.7719023760663881, "margin_to_failure_m_tomorrow": 1.7527451365042301 }, "geometry": { "type": "Polygon", "coordinates": [ [ [ 3.434325437838167, 6.458989865058393 ], [ 3.434333155225278, 6.468035765908246 ], [ 3.437106263500982, 6.46803338964884 ], [ 3.438194991000159, 6.467010022000125 ], [ 3.440218926000057, 6.463750840000101 ], [ 3.441330911000136, 6.461197852999987 ], [ 3.443168862931289, 6.458982245019023 ], [ 3.434325437838167, 6.458989865058393 ] ] ] } },
{ "type": "Feature", "properties": { "mean_susceptibility": 0.43443644076593724, "mean_effective_drainage_score": 0.49722589070880224, "building_count": 308.0, "area_name": "Ikoyi", "rain_mm_yesterday": 9.0, "forecast_rain_mm_today": 0.1, "forecast_rain_mm_tomorrow": 3.0, "et0_mm_yesterday": 2.98, "et0_mm_today": 4.44, "et0_mm_tomorrow": 4.28, "rolling_2day_rain_mm_today": 1.6025231114654535, "dynamic_risk_score_today": 0.14007765434484409, "risk_tier_today": "Low", "rolling_2day_rain_mm_tomorrow": 3.0, "dynamic_risk_score_tomorrow": 0.14857726274195049, "risk_tier_tomorrow": "Low", "dynamic_risk_score": 0.14007765434484409, "risk_tier": "Low", "construction_typology": "planned_estate", "wall_thickness_mm": 225, "wall_fkx_n_mm2": 0.9, "critical_failure_depth_m": 2.0207359550794606, "critical_failure_depth_free_m": 1.6684486546845776, "fos_at_0_3m": 185.66470439703539, "fos_at_0_45m": 57.211617333804192, "fos_at_0_9m": 8.0799618884357649, "fos_at_1_5m": 2.0772027003635105, "estimated_depth_m_today": 0.21011648151726614, "estimated_depth_m_tomorrow": 0.22286589411292573, "live_flexural_fos": 528.02582220280181, "live_flexural_fos_tomorrow": 443.94045712984672, "margin_to_failure_m": 1.8106194735621943, "margin_to_failure_m_tomorrow": 1.7978700609665348 }, "geometry": { "type": "Polygon", "coordinates": [ [ [ 3.425281922843744, 6.458997498668118 ], [ 3.425289479551515, 6.468043410296636 ], [ 3.434333155225278, 6.468035765908246 ], [ 3.434325437838167, 6.458989865058393 ], [ 3.425281922843744, 6.458997498668118 ] ] ] } },
{ "type": "Feature", "properties": { "mean_susceptibility": 0.70452946131242311, "mean_effective_drainage_score": 0.31385313405776594, "building_count": 191.0, "area_name": "Banana Island", "rain_mm_yesterday": 9.0, "forecast_rain_mm_today": 0.1, "forecast_rain_mm_tomorrow": 3.0, "et0_mm_yesterday": 2.98, "et0_mm_today": 4.44, "et0_mm_tomorrow": 4.28, "rolling_2day_rain_mm_today": 0.44727474456392524, "dynamic_risk_score_today": 0.21577049368157475, "risk_tier_today": "Low", "rolling_2day_rain_mm_tomorrow": 3.0, "dynamic_risk_score_tomorrow": 0.24094907576884872, "risk_tier_tomorrow": "Low", "dynamic_risk_score": 0.21577049368157475, "risk_tier": "Low", "construction_typology": "planned_estate", "wall_thickness_mm": 225, "wall_fkx_n_mm2": 0.9, "critical_failure_depth_m": 2.0207359550794606, "critical_failure_depth_free_m": 1.6684486546845776, "fos_at_0_3m": 185.66470439703539, "fos_at_0_45m": 57.211617333804192, "fos_at_0_9m": 8.0799618884357649, "fos_at_1_5m": 2.0772027003635105, "estimated_depth_m_today": 0.32365574052236212, "estimated_depth_m_tomorrow": 0.36142361365327308, "live_flexural_fos": 148.76755191249205, "live_flexural_fos_tomorrow": 107.88952345706787, "margin_to_failure_m": 1.6970802145570985, "margin_to_failure_m_tomorrow": 1.6593123414261874 }, "geometry": { "type": "Polygon", "coordinates": [ [ [ 3.461455915731066, 6.458966000593202 ], [ 3.456296448530366, 6.458970650266268 ], [ 3.45771408100012, 6.461380959000053 ], [ 3.459614038000041, 6.464804174000051 ], [ 3.461463830108148, 6.46769761671465 ], [ 3.461455915731066, 6.458966000593202 ] ] ] } },
{ "type": "Feature", "properties": { "mean_susceptibility": 0.45870443846621578, "mean_effective_drainage_score": 0.32985897906035622, "building_count": 487.0, "area_name": "Ikota", "rain_mm_yesterday": 11.0, "forecast_rain_mm_today": 0.2, "forecast_rain_mm_tomorrow": 1.7, "et0_mm_yesterday": 3.21, "et0_mm_today": 4.41, "et0_mm_tomorrow": 4.32, "rolling_2day_rain_mm_today": 1.1799141387647427, "dynamic_risk_score_today": 0.14518857747431069, "risk_tier_today": "Low", "rolling_2day_rain_mm_tomorrow": 1.7, "dynamic_risk_score_tomorrow": 0.14852849717536065, "risk_tier_tomorrow": "Low", "dynamic_risk_score": 0.14518857747431069, "risk_tier": "Low", "construction_typology": "informal_older_stock", "wall_thickness_mm": 150, "wall_fkx_n_mm2": 0.6, "critical_failure_depth_m": 1.2440258247398457, "critical_failure_depth_free_m": 1.1122991031230518, "fos_at_0_3m": 55.011764265788258, "fos_at_0_45m": 16.951590321127167, "fos_at_0_9m": 2.3940627817587448, "fos_at_1_5m": 0.61546746677437347, "estimated_depth_m_today": 0.21778286621146603, "estimated_depth_m_tomorrow": 0.22279274576304098, "live_flexural_fos": 140.78106483465993, "live_flexural_fos_tomorrow": 131.66504526980103, "margin_to_failure_m": 1.0262429585283797, "margin_to_failure_m_tomorrow": 1.0212330789768047 }, "geometry": { "type": "Polygon", "coordinates": [ [ [ 3.533774951316795, 6.431757974279847 ], [ 3.542817838191123, 6.431748453955425 ], [ 3.542808475811246, 6.422917844273898 ], [ 3.542083025000125, 6.42291784400004 ], [ 3.542083024999006, 6.422703455616206 ], [ 3.541250942998895, 6.422704335896053 ], [ 3.541250943000023, 6.42291784400004 ], [ 3.539582015000121, 6.42291784400004 ], [ 3.539582015000121, 6.423193932000117 ], [ 3.539028884000119, 6.423193932000115 ], [ 3.539028884000118, 6.42291784400004 ], [ 3.533765734989032, 6.422917849796413 ], [ 3.533774951316795, 6.431757974279847 ] ] ] } },
{ "type": "Feature", "properties": { "mean_susceptibility": 0.67765113710300318, "mean_effective_drainage_score": 0.54032441597321224, "building_count": 1865.0, "area_name": "Jakande", "rain_mm_yesterday": 11.0, "forecast_rain_mm_today": 0.2, "forecast_rain_mm_tomorrow": 1.7, "et0_mm_yesterday": 3.21, "et0_mm_today": 4.41, "et0_mm_tomorrow": 4.32, "rolling_2day_rain_mm_today": 2.8004980029937343, "dynamic_risk_score_today": 0.2298639903174684, "risk_tier_today": "Low", "rolling_2day_rain_mm_tomorrow": 1.7, "dynamic_risk_score_tomorrow": 0.21942343819395238, "risk_tier_tomorrow": "Low", "dynamic_risk_score": 0.2298639903174684, "risk_tier": "Low", "construction_typology": "informal_older_stock", "wall_thickness_mm": 150, "wall_fkx_n_mm2": 0.6, "critical_failure_depth_m": 1.2440258247398457, "critical_failure_depth_free_m": 1.1122991031230518, "fos_at_0_3m": 55.011764265788258, "fos_at_0_45m": 16.951590321127167, "fos_at_0_9m": 2.3940627817587448, "fos_at_1_5m": 0.61546746677437347, "estimated_depth_m_today": 0.3447959854762026, "estimated_depth_m_tomorrow": 0.32913515729092857, "live_flexural_fos": 36.659443050625363, "live_flexural_fos_tomorrow": 41.973960461186792, "margin_to_failure_m": 0.89922983926364308, "margin_to_failure_m_tomorrow": 0.91489066744891712 }, "geometry": { "type": "Polygon", "coordinates": [ [ [ 3.506637258977121, 6.422739756455504 ], [ 3.506646210307018, 6.431785575760383 ], [ 3.515689137145199, 6.431776535183477 ], [ 3.515680026063676, 6.42273072869646 ], [ 3.506637258977121, 6.422739756455504 ] ] ] } },
{ "type": "Feature", "properties": { "mean_susceptibility": 0.55521236700421783, "mean_effective_drainage_score": 0.39266414372470149, "building_count": 680.0, "area_name": "Jakande", "rain_mm_yesterday": 11.0, "forecast_rain_mm_today": 0.2, "forecast_rain_mm_tomorrow": 1.7, "et0_mm_yesterday": 3.21, "et0_mm_today": 4.41, "et0_mm_tomorrow": 4.32, "rolling_2day_rain_mm_today": 1.6635139066802009, "dynamic_risk_score_today": 0.17949415901267818, "risk_tier_today": "Low", "rolling_2day_rain_mm_tomorrow": 1.7, "dynamic_risk_score_tomorrow": 0.17977776443596571, "risk_tier_tomorrow": "Low", "dynamic_risk_score": 0.17949415901267818, "risk_tier": "Low", "construction_typology": "informal_older_stock", "wall_thickness_mm": 150, "wall_fkx_n_mm2": 0.6, "critical_failure_depth_m": 1.2440258247398457, "critical_failure_depth_free_m": 1.1122991031230518, "fos_at_0_3m": 55.011764265788258, "fos_at_0_45m": 16.951590321127167, "fos_at_0_9m": 2.3940627817587448, "fos_at_1_5m": 0.61546746677437347, "estimated_depth_m_today": 0.26924123851901727, "estimated_depth_m_tomorrow": 0.26966664665394857, "live_flexural_fos": 75.498902195069959, "live_flexural_fos_tomorrow": 75.150410086585723, "margin_to_failure_m": 0.97478458622082842, "margin_to_failure_m_tomorrow": 0.97435917808589712 }, "geometry": { "type": "Polygon", "coordinates": [ [ [ 3.524722780059631, 6.42272154124716 ], [ 3.524732050891639, 6.431767334689585 ], [ 3.533774951316795, 6.431757974279847 ], [ 3.533765734989032, 6.422917849796413 ], [ 3.532638072000168, 6.422917844000038 ], [ 3.532638071994375, 6.422713368224345 ], [ 3.529027937998829, 6.422717111085672 ], [ 3.529027938000071, 6.422917844000038 ], [ 3.525970937000126, 6.422917844000038 ], [ 3.525970936998861, 6.42272026057506 ], [ 3.524722780059631, 6.42272154124716 ] ] ] } },
{ "type": "Feature", "properties": { "mean_susceptibility": 0.56162739689683183, "mean_effective_drainage_score": 0.4372381496145194, "building_count": 811.0, "area_name": "Ikota", "rain_mm_yesterday": 11.0, "forecast_rain_mm_today": 0.2, "forecast_rain_mm_tomorrow": 1.7, "et0_mm_yesterday": 3.21, "et0_mm_today": 4.41, "et0_mm_tomorrow": 4.32, "rolling_2day_rain_mm_today": 2.0067337520317992, "dynamic_risk_score_today": 0.18426673221691037, "risk_tier_today": "Low", "rolling_2day_rain_mm_tomorrow": 1.7, "dynamic_risk_score_tomorrow": 0.18185495111519412, "risk_tier_tomorrow": "Low", "dynamic_risk_score": 0.18426673221691037, "risk_tier": "Low", "construction_typology": "informal_older_stock", "wall_thickness_mm": 150, "wall_fkx_n_mm2": 0.6, "critical_failure_depth_m": 1.2440258247398457, "critical_failure_depth_free_m": 1.1122991031230518, "fos_at_0_3m": 55.011764265788258, "fos_at_0_45m": 16.951590321127167, "fos_at_0_9m": 2.3940627817587448, "fos_at_1_5m": 0.61546746677437347, "estimated_depth_m_today": 0.27640009832536555, "estimated_depth_m_tomorrow": 0.27278242667279118, "live_flexural_fos": 69.9122921607118, "live_flexural_fos_tomorrow": 72.66298059306969, "margin_to_failure_m": 0.96762572641448008, "margin_to_failure_m_tomorrow": 0.97124339806705451 }, "geometry": { "type": "Polygon", "coordinates": [ [ [ 3.542817838191123, 6.431748453955425 ], [ 3.551860711285081, 6.431738773717501 ], [ 3.551851500765155, 6.423193940955178 ], [ 3.54763889200018, 6.423193932000116 ], [ 3.54763889200018, 6.422917844000039 ], [ 3.546251058999985, 6.422917844000039 ], [ 3.546251058999986, 6.423193932000115 ], [ 3.545417071000088, 6.423193932000117 ], [ 3.545417071000088, 6.422917844000041 ], [ 3.543751002000022, 6.422917844000041 ], [ 3.543751001998923, 6.422701686950529 ], [ 3.543195008998995, 6.422702277110199 ], [ 3.543195009000101, 6.42291784400004 ], [ 3.542808475811246, 6.422917844273898 ], [ 3.542817838191123, 6.431748453955425 ] ] ] } },
{ "type": "Feature", "properties": { "mean_susceptibility": 0.69767603437570647, "mean_effective_drainage_score": 0.57551252845041811, "building_count": 1057.0, "area_name": "Jakande", "rain_mm_yesterday": 11.0, "forecast_rain_mm_today": 0.2, "forecast_rain_mm_tomorrow": 1.7, "et0_mm_yesterday": 3.21, "et0_mm_today": 4.41, "et0_mm_tomorrow": 4.32, "rolling_2day_rain_mm_today": 3.0714464690682197, "dynamic_risk_score_today": 0.23930305460542689, "risk_tier_today": "Low", "rolling_2day_rain_mm_tomorrow": 1.7, "dynamic_risk_score_tomorrow": 0.22590749993085368, "risk_tier_tomorrow": "Low", "dynamic_risk_score": 0.23930305460542689, "risk_tier": "Low", "construction_typology": "informal_older_stock", "wall_thickness_mm": 150, "wall_fkx_n_mm2": 0.6, "critical_failure_depth_m": 1.2440258247398457, "critical_failure_depth_free_m": 1.1122991031230518, "fos_at_0_3m": 55.011764265788258, "fos_at_0_45m": 16.951590321127167, "fos_at_0_9m": 2.3940627817587448, "fos_at_1_5m": 0.61546746677437347, "estimated_depth_m_today": 0.35895458190814034, "estimated_depth_m_tomorrow": 0.33886124989628053, "live_flexural_fos": 32.610449019102745, "live_flexural_fos_tomorrow": 38.55988360508011, "margin_to_failure_m": 0.88507124283170535, "margin_to_failure_m_tomorrow": 0.90516457484356516 }, "geometry": { "type": "Polygon", "coordinates": [ [ [ 3.515680026063676, 6.42273072869646 ], [ 3.515689137145199, 6.431776535183477 ], [ 3.524732050891639, 6.431767334689585 ], [ 3.524722780059631, 6.42272154124716 ], [ 3.515680026063676, 6.42273072869646 ] ] ] } },
{ "type": "Feature", "properties": { "mean_susceptibility": 0.64808416168613514, "mean_effective_drainage_score": 0.31148980191972497, "building_count": 315.0, "area_name": "Ikota", "rain_mm_yesterday": 11.0, "forecast_rain_mm_today": 0.2, "forecast_rain_mm_tomorrow": 1.7, "et0_mm_yesterday": 3.2, "et0_mm_today": 4.41, "et0_mm_tomorrow": 4.32, "rolling_2day_rain_mm_today": 1.0484714747818822, "dynamic_risk_score_today": 0.20393821710084237, "risk_tier_today": "Low", "rolling_2day_rain_mm_tomorrow": 1.7, "dynamic_risk_score_tomorrow": 0.20984965155397051, "risk_tier_tomorrow": "Low", "dynamic_risk_score": 0.20393821710084237, "risk_tier": "Low", "construction_typology": "informal_older_stock", "wall_thickness_mm": 150, "wall_fkx_n_mm2": 0.6, "critical_failure_depth_m": 1.2440258247398457, "critical_failure_depth_free_m": 1.1122991031230518, "fos_at_0_3m": 55.011764265788258, "fos_at_0_45m": 16.951590321127167, "fos_at_0_9m": 2.3940627817587448, "fos_at_1_5m": 0.61546746677437347, "estimated_depth_m_today": 0.30590732565126355, "estimated_depth_m_tomorrow": 0.31477447733095576, "live_flexural_fos": 51.965428410847821, "live_flexural_fos_tomorrow": 47.806219305704893, "margin_to_failure_m": 0.93811849908858214, "margin_to_failure_m_tomorrow": 0.92925134740888993 }, "geometry": { "type": "Polygon", "coordinates": [ [ [ 3.533774951316795, 6.431757974279847 ], [ 3.533784395448959, 6.440803751244228 ], [ 3.542827442300975, 6.440794217421296 ], [ 3.542817838191123, 6.431748453955425 ], [ 3.533774951316795, 6.431757974279847 ] ] ] } },
{ "type": "Feature", "properties": { "mean_susceptibility": 0.52676660816600696, "mean_effective_drainage_score": 0.23978817922524964, "building_count": 333.0, "area_name": "Ikota", "rain_mm_yesterday": 11.0, "forecast_rain_mm_today": 0.2, "forecast_rain_mm_tomorrow": 1.7, "et0_mm_yesterday": 3.21, "et0_mm_today": 4.41, "et0_mm_tomorrow": 4.32, "rolling_2day_rain_mm_today": 0.48636898003442203, "dynamic_risk_score_today": 0.16161682358082063, "risk_tier_today": "Low", "rolling_2day_rain_mm_tomorrow": 1.7, "dynamic_risk_score_tomorrow": 0.17056702772415311, "risk_tier_tomorrow": "Low", "dynamic_risk_score": 0.16161682358082063, "risk_tier": "Low", "construction_typology": "informal_older_stock", "wall_thickness_mm": 150, "wall_fkx_n_mm2": 0.6, "critical_failure_depth_m": 1.2440258247398457, "critical_failure_depth_free_m": 1.1122991031230518, "fos_at_0_3m": 55.011764265788258, "fos_at_0_45m": 16.951590321127167, "fos_at_0_9m": 2.3940627817587448, "fos_at_1_5m": 0.61546746677437347, "estimated_depth_m_today": 0.24242523537123095, "estimated_depth_m_tomorrow": 0.25585054158622966, "live_flexural_fos": 102.71433148354816, "live_flexural_fos_tomorrow": 87.68123534542039, "margin_to_failure_m": 1.0016005893686146, "margin_to_failure_m_tomorrow": 0.98817528315361602 }, "geometry": { "type": "Polygon", "coordinates": [ [ [ 3.542817838191123, 6.431748453955425 ], [ 3.542827442300975, 6.440794217421296 ], [ 3.551870475371422, 6.440784523458126 ], [ 3.551860711285081, 6.431738773717501 ], [ 3.542817838191123, 6.431748453955425 ] ] ] } },
{ "type": "Feature", "properties": { "mean_susceptibility": 0.42996744126236242, "mean_effective_drainage_score": 0.3558552421581534, "building_count": 310.0, "area_name": "Okun-Ajah", "rain_mm_yesterday": 11.0, "forecast_rain_mm_today": 0.2, "forecast_rain_mm_tomorrow": 1.7, "et0_mm_yesterday": 3.21, "et0_mm_today": 4.41, "et0_mm_tomorrow": 4.32, "rolling_2day_rain_mm_today": 1.3800853646177813, "dynamic_risk_score_today": 0.13729771719998551, "risk_tier_today": "Low", "rolling_2day_rain_mm_tomorrow": 1.7, "dynamic_risk_score_tomorrow": 0.13922345748075293, "risk_tier_tomorrow": "Low", "dynamic_risk_score": 0.13729771719998551, "risk_tier": "Low", "construction_typology": "informal_older_stock", "wall_thickness_mm": 150, "wall_fkx_n_mm2": 0.6, "critical_failure_depth_m": 1.2440258247398457, "critical_failure_depth_free_m": 1.1122991031230518, "fos_at_0_3m": 55.011764265788258, "fos_at_0_45m": 16.951590321127167, "fos_at_0_9m": 2.3940627817587448, "fos_at_1_5m": 0.61546746677437347, "estimated_depth_m_today": 0.20594657579997827, "estimated_depth_m_tomorrow": 0.2088351862211294, "live_flexural_fos": 165.97169808180658, "live_flexural_fos_tomorrow": 159.29719530531108, "margin_to_failure_m": 1.0380792489398674, "margin_to_failure_m_tomorrow": 1.0351906385187162 }, "geometry": { "type": "Polygon", "coordinates": [ [ [ 3.569946415213729, 6.431718933505961 ], [ 3.578989245589346, 6.431708773534809 ], [ 3.578980244580939, 6.423749929084434 ], [ 3.578195094000137, 6.423749925000037 ], [ 3.578195094000137, 6.424027921000116 ], [ 3.577639103000025, 6.424027921000117 ], [ 3.577639103000024, 6.423749925000037 ], [ 3.577083112000139, 6.423749925000037 ], [ 3.577083112000139, 6.424027921000117 ], [ 3.575695037000116, 6.424027921000116 ], [ 3.575695037000115, 6.423749925000038 ], [ 3.57513904600006, 6.423749925000037 ], [ 3.575139046000061, 6.423471927000152 ], [ 3.574583055000119, 6.423471927000151 ], [ 3.57458305500012, 6.423193932000116 ], [ 3.574305057000061, 6.423193932000116 ], [ 3.574305057000061, 6.423471927000151 ], [ 3.573194980000097, 6.42347192700015 ], [ 3.573194980000096, 6.423749925000037 ], [ 3.572082995000017, 6.423749925000037 ], [ 3.572082995000017, 6.423471927000151 ], [ 3.57013893200002, 6.423471927000151 ], [ 3.57013893200002, 6.423193932000116 ], [ 3.569936924916121, 6.423193932124804 ], [ 3.569946415213729, 6.431718933505961 ] ] ] } },
{ "type": "Feature", "properties": { "mean_susceptibility": 0.42180759214783448, "mean_effective_drainage_score": 0.54048091163765843, "building_count": 663.0, "area_name": "Ikota", "rain_mm_yesterday": 11.0, "forecast_rain_mm_today": 0.2, "forecast_rain_mm_tomorrow": 1.7, "et0_mm_yesterday": 3.21, "et0_mm_today": 4.41, "et0_mm_tomorrow": 4.32, "rolling_2day_rain_mm_today": 2.8017030196099704, "dynamic_risk_score_today": 0.14308719210896026, "risk_tier_today": "Low", "rolling_2day_rain_mm_tomorrow": 1.7, "dynamic_risk_score_tomorrow": 0.13658129833746879, "risk_tier_tomorrow": "Low", "dynamic_risk_score": 0.14308719210896026, "risk_tier": "Low", "construction_typology": "informal_older_stock", "wall_thickness_mm": 150, "wall_fkx_n_mm2": 0.6, "critical_failure_depth_m": 1.2440258247398457, "critical_failure_depth_free_m": 1.1122991031230518, "fos_at_0_3m": 55.011764265788258, "fos_at_0_45m": 16.951590321127167, "fos_at_0_9m": 2.3940627817587448, "fos_at_1_5m": 0.61546746677437347, "estimated_depth_m_today": 0.21463078816344039, "estimated_depth_m_tomorrow": 0.20487194750620319, "live_flexural_fos": 146.95631154128793, "live_flexural_fos_tomorrow": 168.55077011721374, "margin_to_failure_m": 1.0293950365764053, "margin_to_failure_m_tomorrow": 1.0391538772336424 }, "geometry": { "type": "Polygon", "coordinates": [ [ [ 3.560903570369129, 6.431728933567271 ], [ 3.569946415213729, 6.431718933505961 ], [ 3.569936924916121, 6.423193932124804 ], [ 3.56930494300002, 6.423193932000115 ], [ 3.569304943000019, 6.422917844000037 ], [ 3.568473101000166, 6.42291784400004 ], [ 3.568473101000166, 6.423193932000117 ], [ 3.56680703100011, 6.423193932000116 ], [ 3.56680703100011, 6.422917844000039 ], [ 3.565416098000071, 6.422917844000038 ], [ 3.565416098000071, 6.423193932000117 ], [ 3.563750029000175, 6.423193932000117 ], [ 3.563750029000175, 6.423471927000151 ], [ 3.561527968000064, 6.423471927000151 ], [ 3.561527968000064, 6.423193932000117 ], [ 3.560894219694617, 6.423193933843594 ], [ 3.560903570369129, 6.431728933567271 ] ] ] } },
{ "type": "Feature", "properties": { "mean_susceptibility": 0.38698308142472138, "mean_effective_drainage_score": 0.44444275789904919, "building_count": 376.0, "area_name": "Okun-Ajah", "rain_mm_yesterday": 11.0, "forecast_rain_mm_today": 0.2, "forecast_rain_mm_tomorrow": 1.7, "et0_mm_yesterday": 3.21, "et0_mm_today": 4.41, "et0_mm_tomorrow": 4.32, "rolling_2day_rain_mm_today": 2.062209235822678, "dynamic_risk_score_today": 0.12726748561211298, "risk_tier_today": "Low", "rolling_2day_rain_mm_tomorrow": 1.7, "dynamic_risk_score_tomorrow": 0.12530512176532471, "risk_tier_tomorrow": "Low", "dynamic_risk_score": 0.12726748561211298, "risk_tier": "Low", "construction_typology": "informal_older_stock", "wall_thickness_mm": 150, "wall_fkx_n_mm2": 0.6, "critical_failure_depth_m": 1.2440258247398457, "critical_failure_depth_free_m": 1.1122991031230518, "fos_at_0_3m": 55.011764265788258, "fos_at_0_45m": 16.951590321127167, "fos_at_0_9m": 2.3940627817587448, "fos_at_1_5m": 0.61546746677437347, "estimated_depth_m_today": 0.19090122841816948, "estimated_depth_m_tomorrow": 0.18795768264798707, "live_flexural_fos": 207.58665556639502, "live_flexural_fos_tomorrow": 217.32943699937218, "margin_to_failure_m": 1.0531245963216762, "margin_to_failure_m_tomorrow": 1.0560681420918585 }, "geometry": { "type": "Polygon", "coordinates": [ [ [ 3.578989245589346, 6.431708773534809 ], [ 3.588032061266445, 6.431698453655078 ], [ 3.588023569769689, 6.424305920490304 ], [ 3.587084055000104, 6.42430591600015 ], [ 3.587084055000104, 6.424027921000117 ], [ 3.584306001000073, 6.424027921000118 ], [ 3.584306001000073, 6.423749925000037 ], [ 3.578980244580939, 6.423749929084434 ], [ 3.578989245589346, 6.431708773534809 ] ] ] } },
{ "type": "Feature", "properties": { "mean_susceptibility": 0.59410846900158809, "mean_effective_drainage_score": 0.4970775887578861, "building_count": 299.0, "area_name": "Ikota", "rain_mm_yesterday": 11.0, "forecast_rain_mm_today": 0.2, "forecast_rain_mm_tomorrow": 1.7, "et0_mm_yesterday": 3.2, "et0_mm_today": 4.41, "et0_mm_tomorrow": 4.32, "rolling_2day_rain_mm_today": 2.4774974334357225, "dynamic_risk_score_today": 0.19883917160035047, "risk_tier_today": "Low", "rolling_2day_rain_mm_tomorrow": 1.7, "dynamic_risk_score_tomorrow": 0.19237232226271428, "risk_tier_tomorrow": "Low", "dynamic_risk_score": 0.19883917160035047, "risk_tier": "Low", "construction_typology": "informal_older_stock", "wall_thickness_mm": 150, "wall_fkx_n_mm2": 0.6, "critical_failure_depth_m": 1.2440258247398457, "critical_failure_depth_free_m": 1.1122991031230518, "fos_at_0_3m": 55.011764265788258, "fos_at_0_45m": 16.951590321127167, "fos_at_0_9m": 2.3940627817587448, "fos_at_1_5m": 0.61546746677437347, "estimated_depth_m_today": 0.29825875740052571, "estimated_depth_m_tomorrow": 0.28855848339407142, "live_flexural_fos": 55.955638621094103, "live_flexural_fos_tomorrow": 61.635584338010965, "margin_to_failure_m": 0.94576706733931992, "margin_to_failure_m_tomorrow": 0.95546734134577427 }, "geometry": { "type": "Polygon", "coordinates": [ [ [ 3.551860711285081, 6.431738773717501 ], [ 3.560903570369129, 6.431728933567271 ], [ 3.560894219694617, 6.423193933843594 ], [ 3.557915925999964, 6.423193932000115 ], [ 3.557915925999965, 6.422917844000038 ], [ 3.556528091000189, 6.42291784400004 ], [ 3.556528091000189, 6.423193932000117 ], [ 3.555972100000075, 6.423193932000117 ], [ 3.555972100000076, 6.422917844000039 ], [ 3.554028034000169, 6.42291784400004 ], [ 3.554028034000169, 6.423193932000117 ], [ 3.551851500765155, 6.423193940955178 ], [ 3.551860711285081, 6.431738773717501 ] ] ] } },
{ "type": "Feature", "properties": { "mean_susceptibility": 0.61276679179993976, "mean_effective_drainage_score": 0.23598323604804852, "building_count": 264.0, "area_name": "Ikota", "rain_mm_yesterday": 11.0, "forecast_rain_mm_today": 0.2, "forecast_rain_mm_tomorrow": 1.7, "et0_mm_yesterday": 3.21, "et0_mm_today": 4.41, "et0_mm_tomorrow": 4.32, "rolling_2day_rain_mm_today": 0.45707091756997348, "dynamic_risk_score_today": 0.18775112785696357, "risk_tier_today": "Low", "rolling_2day_rain_mm_tomorrow": 1.7, "dynamic_risk_score_tomorrow": 0.19841388718482045, "risk_tier_tomorrow": "Low", "dynamic_risk_score": 0.18775112785696357, "risk_tier": "Low", "construction_typology": "informal_older_stock", "wall_thickness_mm": 150, "wall_fkx_n_mm2": 0.6, "critical_failure_depth_m": 1.2440258247398457, "critical_failure_depth_free_m": 1.1122991031230518, "fos_at_0_3m": 55.011764265788258, "fos_at_0_45m": 16.951590321127167, "fos_at_0_9m": 2.3940627817587448, "fos_at_1_5m": 0.61546746677437347, "estimated_depth_m_today": 0.28162669178544536, "estimated_depth_m_tomorrow": 0.29762083077723067, "live_flexural_fos": 66.180979296462766, "live_flexural_fos_tomorrow": 56.306916724298006, "margin_to_failure_m": 0.96239913295440038, "margin_to_failure_m_tomorrow": 0.94640499396261502 }, "geometry": { "type": "Polygon", "coordinates": [ [ [ 3.560903570369129, 6.431728933567271 ], [ 3.560913494430738, 6.44077466935592 ], [ 3.569956499249366, 6.440764655115903 ], [ 3.569946415213729, 6.431718933505961 ], [ 3.560903570369129, 6.431728933567271 ] ] ] } },
{ "type": "Feature", "properties": { "mean_susceptibility": 0.29721735332574245, "mean_effective_drainage_score": 0.20087466870753073, "building_count": 4.0, "area_name": "Okun-Ajah", "rain_mm_yesterday": 11.0, "forecast_rain_mm_today": 0.2, "forecast_rain_mm_tomorrow": 1.7, "et0_mm_yesterday": 3.21, "et0_mm_today": 4.41, "et0_mm_tomorrow": 4.32, "rolling_2day_rain_mm_today": 0.2, "dynamic_risk_score_today": 0.089997414587034807, "risk_tier_today": "Low", "rolling_2day_rain_mm_tomorrow": 1.7, "dynamic_risk_score_tomorrow": 0.096238979006875391, "risk_tier_tomorrow": "Low", "dynamic_risk_score": 0.089997414587034807, "risk_tier": "Low", "construction_typology": "informal_older_stock", "wall_thickness_mm": 150, "wall_fkx_n_mm2": 0.6, "critical_failure_depth_m": 1.2440258247398457, "critical_failure_depth_free_m": 1.1122991031230518, "fos_at_0_3m": 55.011764265788258, "fos_at_0_45m": 16.951590321127167, "fos_at_0_9m": 2.3940627817587448, "fos_at_1_5m": 0.61546746677437347, "estimated_depth_m_today": 0.13499612188055221, "estimated_depth_m_tomorrow": 0.14435846851031309, "live_flexural_fos": 578.72793475954961, "live_flexural_fos_tomorrow": 474.40017980519417, "margin_to_failure_m": 1.1090297028592935, "margin_to_failure_m_tomorrow": 1.0996673562295327 }, "geometry": { "type": "Polygon", "coordinates": [ [ [ 3.578989245589346, 6.431708773534809 ], [ 3.57899948959775, 6.440754480739312 ], [ 3.588042465246335, 6.440744146227416 ], [ 3.588032061266445, 6.431698453655078 ], [ 3.578989245589346, 6.431708773534809 ] ] ] } },
{ "type": "Feature", "properties": { "mean_susceptibility": 0.66778056703009259, "mean_effective_drainage_score": 0.32348405137183744, "building_count": 533.0, "area_name": "Ikota", "rain_mm_yesterday": 11.0, "forecast_rain_mm_today": 0.2, "forecast_rain_mm_tomorrow": 1.7, "et0_mm_yesterday": 3.21, "et0_mm_today": 4.41, "et0_mm_tomorrow": 4.32, "rolling_2day_rain_mm_today": 1.1308271955631477, "dynamic_risk_score_today": 0.21090619207115469, "risk_tier_today": "Low", "rolling_2day_rain_mm_tomorrow": 1.7, "dynamic_risk_score_tomorrow": 0.21622734760434392, "risk_tier_tomorrow": "Low", "dynamic_risk_score": 0.21090619207115469, "risk_tier": "Low", "construction_typology": "informal_older_stock", "wall_thickness_mm": 150, "wall_fkx_n_mm2": 0.6, "critical_failure_depth_m": 1.2440258247398457, "critical_failure_depth_free_m": 1.1122991031230518, "fos_at_0_3m": 55.011764265788258, "fos_at_0_45m": 16.951590321127167, "fos_at_0_9m": 2.3940627817587448, "fos_at_1_5m": 0.61546746677437347, "estimated_depth_m_today": 0.31635928810673203, "estimated_depth_m_tomorrow": 0.32434102140651588, "live_flexural_fos": 47.110725171636254, "live_flexural_fos_tomorrow": 43.808265502747723, "margin_to_failure_m": 0.9276665366331136, "margin_to_failure_m_tomorrow": 0.9196848033333298 }, "geometry": { "type": "Polygon", "coordinates": [ [ [ 3.551860711285081, 6.431738773717501 ], [ 3.551870475371422, 6.440784523458126 ], [ 3.560913494430738, 6.44077466935592 ], [ 3.560903570369129, 6.431728933567271 ], [ 3.551860711285081, 6.431738773717501 ] ] ] } },
{ "type": "Feature", "properties": { "mean_susceptibility": 0.57305938835463643, "mean_effective_drainage_score": 0.28671471943745319, "building_count": 20.0, "area_name": "Lekki Phase II", "rain_mm_yesterday": 11.0, "forecast_rain_mm_today": 0.2, "forecast_rain_mm_tomorrow": 1.7, "et0_mm_yesterday": 3.2, "et0_mm_today": 4.41, "et0_mm_tomorrow": 4.31, "rolling_2day_rain_mm_today": 0.85770333966838863, "dynamic_risk_score_today": 0.17879902582347229, "risk_tier_today": "Low", "rolling_2day_rain_mm_tomorrow": 1.7, "dynamic_risk_score_tomorrow": 0.18555662994923128, "risk_tier_tomorrow": "Low", "dynamic_risk_score": 0.17879902582347229, "risk_tier": "Low", "construction_typology": "planned_estate", "wall_thickness_mm": 225, "wall_fkx_n_mm2": 0.9, "critical_failure_depth_m": 2.0207359550794606, "critical_failure_depth_free_m": 1.6684486546845776, "fos_at_0_3m": 185.66470439703539, "fos_at_0_45m": 57.211617333804192, "fos_at_0_9m": 8.0799618884357649, "fos_at_1_5m": 2.0772027003635105, "estimated_depth_m_today": 0.26819853873520844, "estimated_depth_m_tomorrow": 0.27833494492384692, "live_flexural_fos": 257.72293425941655, "live_flexural_fos_tomorrow": 231.18293361125205, "margin_to_failure_m": 1.7525374163442522, "margin_to_failure_m_tomorrow": 1.7424010101556138 }, "geometry": { "type": "Polygon", "coordinates": [ [ [ 3.569946415213729, 6.431718933505961 ], [ 3.569956499249366, 6.440764655115903 ], [ 3.57899948959775, 6.440754480739312 ], [ 3.578989245589346, 6.431708773534809 ], [ 3.569946415213729, 6.431718933505961 ] ] ] } },
{ "type": "Feature", "properties": { "mean_susceptibility": 0.62079777858906937, "mean_effective_drainage_score": 0.41758178450550359, "building_count": 368.0, "area_name": "Lekki Phase II", "rain_mm_yesterday": 11.0, "forecast_rain_mm_today": 0.2, "forecast_rain_mm_tomorrow": 1.7, "et0_mm_yesterday": 3.21, "et0_mm_today": 4.41, "et0_mm_tomorrow": 4.32, "rolling_2day_rain_mm_today": 1.8553797406923767, "dynamic_risk_score_today": 0.20236475227717465, "risk_tier_today": "Low", "rolling_2day_rain_mm_tomorrow": 1.7, "dynamic_risk_score_tomorrow": 0.20101432070714065, "risk_tier_tomorrow": "Low", "dynamic_risk_score": 0.20236475227717465, "risk_tier": "Low", "construction_typology": "planned_estate", "wall_thickness_mm": 225, "wall_fkx_n_mm2": 0.9, "critical_failure_depth_m": 2.0207359550794606, "critical_failure_depth_free_m": 1.6684486546845776, "fos_at_0_3m": 185.66470439703539, "fos_at_0_45m": 57.211617333804192, "fos_at_0_9m": 8.0799618884357649, "fos_at_1_5m": 2.0772027003635105, "estimated_depth_m_today": 0.30354712841576198, "estimated_depth_m_tomorrow": 0.30152148106071097, "live_flexural_fos": 179.39645760971766, "live_flexural_fos_tomorrow": 182.94035727185815, "margin_to_failure_m": 1.7171888266636985, "margin_to_failure_m_tomorrow": 1.7192144740187496 }, "geometry": { "type": "Polygon", "coordinates": [ [ [ 3.560913494430738, 6.44077466935592 ], [ 3.560923432733037, 6.44982040193202 ], [ 3.569966597755248, 6.449810373512812 ], [ 3.569956499249366, 6.440764655115903 ], [ 3.560913494430738, 6.44077466935592 ] ] ] } },
{ "type": "Feature", "properties": { "mean_susceptibility": 0.57294416160928419, "mean_effective_drainage_score": 0.43655901149704296, "building_count": 33.0, "area_name": "Lekki Phase II", "rain_mm_yesterday": 11.0, "forecast_rain_mm_today": 0.2, "forecast_rain_mm_tomorrow": 1.7, "et0_mm_yesterday": 3.21, "et0_mm_today": 4.41, "et0_mm_tomorrow": 4.32, "rolling_2day_rain_mm_today": 2.0015043885272306, "dynamic_risk_score_today": 0.1879377520365737, "risk_tier_today": "Low", "rolling_2day_rain_mm_tomorrow": 1.7, "dynamic_risk_score_tomorrow": 0.18551931952908618, "risk_tier_tomorrow": "Low", "dynamic_risk_score": 0.1879377520365737, "risk_tier": "Low", "construction_typology": "planned_estate", "wall_thickness_mm": 225, "wall_fkx_n_mm2": 0.9, "critical_failure_depth_m": 2.0207359550794606, "critical_failure_depth_free_m": 1.6684486546845776, "fos_at_0_3m": 185.66470439703539, "fos_at_0_45m": 57.211617333804192, "fos_at_0_9m": 8.0799618884357649, "fos_at_1_5m": 2.0772027003635105, "estimated_depth_m_today": 0.28190662805486055, "estimated_depth_m_tomorrow": 0.27827897929362927, "live_flexural_fos": 222.7121806893021, "live_flexural_fos_tomorrow": 231.31909881132333, "margin_to_failure_m": 1.7388293270246, "margin_to_failure_m_tomorrow": 1.7424569757858313 }, "geometry": { "type": "Polygon", "coordinates": [ [ [ 3.57899948959775, 6.440754480739312 ], [ 3.579009748305952, 6.449800184730296 ], [ 3.588052884155576, 6.449789835585736 ], [ 3.588042465246335, 6.440744146227416 ], [ 3.57899948959775, 6.440754480739312 ] ] ] } },
{ "type": "Feature", "properties": { "mean_susceptibility": 0.58255057466184579, "mean_effective_drainage_score": 0.41510322335216571, "building_count": 74.0, "area_name": "Lekki Phase II", "rain_mm_yesterday": 11.0, "forecast_rain_mm_today": 0.2, "forecast_rain_mm_tomorrow": 1.7, "et0_mm_yesterday": 3.21, "et0_mm_today": 4.41, "et0_mm_tomorrow": 4.32, "rolling_2day_rain_mm_today": 1.8362948198116757, "dynamic_risk_score_today": 0.18974145683397181, "risk_tier_today": "Low", "rolling_2day_rain_mm_tomorrow": 1.7, "dynamic_risk_score_tomorrow": 0.18862987607550563, "risk_tier_tomorrow": "Low", "dynamic_risk_score": 0.18974145683397181, "risk_tier": "Low", "construction_typology": "planned_estate", "wall_thickness_mm": 225, "wall_fkx_n_mm2": 0.9, "critical_failure_depth_m": 2.0207359550794606, "critical_failure_depth_free_m": 1.6684486546845776, "fos_at_0_3m": 185.66470439703539, "fos_at_0_45m": 57.211617333804192, "fos_at_0_9m": 8.0799618884357649, "fos_at_1_5m": 2.0772027003635105, "estimated_depth_m_today": 0.28461218525095772, "estimated_depth_m_tomorrow": 0.28294481411325845, "live_flexural_fos": 216.57240734820681, "live_flexural_fos_tomorrow": 220.32874707403911, "margin_to_failure_m": 1.7361237698285028, "margin_to_failure_m_tomorrow": 1.7377911409662021 }, "geometry": { "type": "Polygon", "coordinates": [ [ [ 3.569956499249366, 6.440764655115903 ], [ 3.569966597755248, 6.449810373512812 ], [ 3.579009748305952, 6.449800184730296 ], [ 3.57899948959775, 6.440754480739312 ], [ 3.569956499249366, 6.440764655115903 ] ] ] } },
{ "type": "Feature", "properties": { "mean_susceptibility": 0.66762331827321209, "mean_effective_drainage_score": 0.4296228482256918, "building_count": 538.0, "area_name": "Ikota", "rain_mm_yesterday": 11.0, "forecast_rain_mm_today": 0.2, "forecast_rain_mm_tomorrow": 1.7, "et0_mm_yesterday": 3.21, "et0_mm_today": 4.41, "et0_mm_tomorrow": 4.32, "rolling_2day_rain_mm_today": 1.9480959313378265, "dynamic_risk_score_today": 0.21849531526188382, "risk_tier_today": "Low", "rolling_2day_rain_mm_tomorrow": 1.7, "dynamic_risk_score_tomorrow": 0.21617643045686608, "risk_tier_tomorrow": "Low", "dynamic_risk_score": 0.21849531526188382, "risk_tier": "Low", "construction_typology": "informal_older_stock", "wall_thickness_mm": 150, "wall_fkx_n_mm2": 0.6, "critical_failure_depth_m": 1.2440258247398457, "critical_failure_depth_free_m": 1.1122991031230518, "fos_at_0_3m": 55.011764265788258, "fos_at_0_45m": 16.951590321127167, "fos_at_0_9m": 2.3940627817587448, "fos_at_1_5m": 0.61546746677437347, "estimated_depth_m_today": 0.32774297289282572, "estimated_depth_m_tomorrow": 0.32426464568529911, "live_flexural_fos": 42.495745324387173, "live_flexural_fos_tomorrow": 43.838358093148521, "margin_to_failure_m": 0.91628285184701996, "margin_to_failure_m_tomorrow": 0.91976117905454657 }, "geometry": { "type": "Polygon", "coordinates": [ [ [ 3.551870475371422, 6.440784523458126 ], [ 3.551880253468894, 6.449830269986675 ], [ 3.560923432733037, 6.44982040193202 ], [ 3.560913494430738, 6.44077466935592 ], [ 3.551870475371422, 6.440784523458126 ] ] ] } },
{ "type": "Feature", "properties": { "mean_susceptibility": 0.53326855299415543, "mean_effective_drainage_score": 0.47293040043161683, "building_count": 15.0, "area_name": "Lekki Phase II", "rain_mm_yesterday": 11.0, "forecast_rain_mm_today": 0.2, "forecast_rain_mm_tomorrow": 1.7, "et0_mm_yesterday": 3.21, "et0_mm_today": 4.41, "et0_mm_tomorrow": 4.32, "rolling_2day_rain_mm_today": 2.281564083323449, "dynamic_risk_score_today": 0.1770141751801293, "risk_tier_today": "Low", "rolling_2day_rain_mm_tomorrow": 1.7, "dynamic_risk_score_tomorrow": 0.17267235745950749, "risk_tier_tomorrow": "Low", "dynamic_risk_score": 0.1770141751801293, "risk_tier": "Low", "construction_typology": "planned_estate", "wall_thickness_mm": 225, "wall_fkx_n_mm2": 0.9, "critical_failure_depth_m": 2.0207359550794606, "critical_failure_depth_free_m": 1.6684486546845776, "fos_at_0_3m": 185.66470439703539, "fos_at_0_45m": 57.211617333804192, "fos_at_0_9m": 8.0799618884357649, "fos_at_1_5m": 2.0772027003635105, "estimated_depth_m_today": 0.26552126277019394, "estimated_depth_m_tomorrow": 0.25900853618926123, "live_flexural_fos": 265.41433645435382, "live_flexural_fos_tomorrow": 285.46356845342621, "margin_to_failure_m": 1.7552146923092666, "margin_to_failure_m_tomorrow": 1.7617274188901995 }, "geometry": { "type": "Polygon", "coordinates": [ [ [ 3.588042465246335, 6.440744146227416 ], [ 3.588052884155576, 6.449789835585736 ], [ 3.597096005074545, 6.449779326080417 ], [ 3.597085425965569, 6.440733651581492 ], [ 3.588042465246335, 6.440744146227416 ] ] ] } },
{ "type": "Feature", "properties": { "mean_susceptibility": 0.50502820581108765, "mean_effective_drainage_score": 0.52631097302885088, "building_count": 283.0, "area_name": "Lekki Phase II", "rain_mm_yesterday": 11.0, "forecast_rain_mm_today": 0.2, "forecast_rain_mm_tomorrow": 1.7, "et0_mm_yesterday": 3.21, "et0_mm_today": 4.41, "et0_mm_tomorrow": 4.32, "rolling_2day_rain_mm_today": 2.6925944923221516, "dynamic_risk_score_today": 0.17054616805940614, "risk_tier_today": "Low", "rolling_2day_rain_mm_tomorrow": 1.7, "dynamic_risk_score_tomorrow": 0.16352813304163016, "risk_tier_tomorrow": "Low", "dynamic_risk_score": 0.17054616805940614, "risk_tier": "Low", "construction_typology": "planned_estate", "wall_thickness_mm": 225, "wall_fkx_n_mm2": 0.9, "critical_failure_depth_m": 2.0207359550794606, "critical_failure_depth_free_m": 1.6684486546845776, "fos_at_0_3m": 185.66470439703539, "fos_at_0_45m": 57.211617333804192, "fos_at_0_9m": 8.0799618884357649, "fos_at_1_5m": 2.0772027003635105, "estimated_depth_m_today": 0.25581925208910922, "estimated_depth_m_tomorrow": 0.24529219956244525, "live_flexural_fos": 296.03038014826643, "live_flexural_fos_tomorrow": 334.89406839763325, "margin_to_failure_m": 1.7649167029903514, "margin_to_failure_m_tomorrow": 1.7754437555170153 }, "geometry": { "type": "Polygon", "coordinates": [ [ [ 3.569966597755248, 6.449810373512812 ], [ 3.569976710732637, 6.458856088692253 ], [ 3.579020021715237, 6.458845885503322 ], [ 3.579009748305952, 6.449800184730296 ], [ 3.569966597755248, 6.449810373512812 ] ] ] } },
{ "type": "Feature", "properties": { "mean_susceptibility": 0.57832621117108829, "mean_effective_drainage_score": 0.43920545564611213, "building_count": 586.0, "area_name": "Ikota", "rain_mm_yesterday": 11.0, "forecast_rain_mm_today": 0.2, "forecast_rain_mm_tomorrow": 1.7, "et0_mm_yesterday": 3.21, "et0_mm_today": 4.41, "et0_mm_tomorrow": 4.32, "rolling_2day_rain_mm_today": 2.0218820084750639, "dynamic_risk_score_today": 0.18986816641087567, "risk_tier_today": "Low", "rolling_2day_rain_mm_tomorrow": 1.7, "dynamic_risk_score_tomorrow": 0.18726202717719831, "risk_tier_tomorrow": "Low", "dynamic_risk_score": 0.18986816641087567, "risk_tier": "Low", "construction_typology": "informal_older_stock", "wall_thickness_mm": 150, "wall_fkx_n_mm2": 0.6, "critical_failure_depth_m": 1.2440258247398457, "critical_failure_depth_free_m": 1.1122991031230518, "fos_at_0_3m": 55.011764265788258, "fos_at_0_45m": 16.951590321127167, "fos_at_0_9m": 2.3940627817587448, "fos_at_1_5m": 0.61546746677437347, "estimated_depth_m_today": 0.28480224961631351, "estimated_depth_m_tomorrow": 0.28089304076579746, "live_flexural_fos": 64.044363380699053, "live_flexural_fos_tomorrow": 66.688253180176943, "margin_to_failure_m": 0.95922357512353218, "margin_to_failure_m_tomorrow": 0.96313278397404822 }, "geometry": { "type": "Polygon", "coordinates": [ [ [ 3.551880253468894, 6.449830269986675 ], [ 3.55189004557872, 6.458876013298711 ], [ 3.560933385277266, 6.458866131291132 ], [ 3.560923432733037, 6.44982040193202 ], [ 3.551880253468894, 6.449830269986675 ] ] ] } },
{ "type": "Feature", "properties": { "mean_susceptibility": 0.46072473080433823, "mean_effective_drainage_score": 0.45568553104100312, "building_count": 79.0, "area_name": "Lekki Phase II", "rain_mm_yesterday": 11.0, "forecast_rain_mm_today": 0.2, "forecast_rain_mm_tomorrow": 1.7, "et0_mm_yesterday": 3.21, "et0_mm_today": 4.41, "et0_mm_tomorrow": 4.32, "rolling_2day_rain_mm_today": 2.1487785890157234, "dynamic_risk_score_today": 0.15207735535905498, "risk_tier_today": "Low", "rolling_2day_rain_mm_tomorrow": 1.7, "dynamic_risk_score_tomorrow": 0.14918266783444467, "risk_tier_tomorrow": "Low", "dynamic_risk_score": 0.15207735535905498, "risk_tier": "Low", "construction_typology": "planned_estate", "wall_thickness_mm": 225, "wall_fkx_n_mm2": 0.9, "critical_failure_depth_m": 2.0207359550794606, "critical_failure_depth_free_m": 1.6684486546845776, "fos_at_0_3m": 185.66470439703539, "fos_at_0_45m": 57.211617333804192, "fos_at_0_9m": 8.0799618884357649, "fos_at_1_5m": 2.0772027003635105, "estimated_depth_m_today": 0.22811603303858247, "estimated_depth_m_tomorrow": 0.22377400175166701, "live_flexural_fos": 414.54675706742228, "live_flexural_fos_tomorrow": 438.65986839735501, "margin_to_failure_m": 1.7926199220408781, "margin_to_failure_m_tomorrow": 1.7969619533277936 }, "geometry": { "type": "Polygon", "coordinates": [ [ [ 3.579009748305952, 6.449800184730296 ], [ 3.579020021715237, 6.458845885503322 ], [ 3.588063317995471, 6.458835521725604 ], [ 3.588052884155576, 6.449789835585736 ], [ 3.579009748305952, 6.449800184730296 ] ] ] } },
{ "type": "Feature", "properties": { "mean_susceptibility": 0.59442876194692074, "mean_effective_drainage_score": 0.41423388368622871, "building_count": 227.0, "area_name": "Jakande", "rain_mm_yesterday": 11.0, "forecast_rain_mm_today": 0.2, "forecast_rain_mm_tomorrow": 1.7, "et0_mm_yesterday": 3.21, "et0_mm_today": 4.41, "et0_mm_tomorrow": 4.32, "rolling_2day_rain_mm_today": 1.8296009043839614, "dynamic_risk_score_today": 0.1935545721903752, "risk_tier_today": "Low", "rolling_2day_rain_mm_tomorrow": 1.7, "dynamic_risk_score_tomorrow": 0.19247603311841288, "risk_tier_tomorrow": "Low", "dynamic_risk_score": 0.1935545721903752, "risk_tier": "Low", "construction_typology": "informal_older_stock", "wall_thickness_mm": 150, "wall_fkx_n_mm2": 0.6, "critical_failure_depth_m": 1.2440258247398457, "critical_failure_depth_free_m": 1.1122991031230518, "fos_at_0_3m": 55.011764265788258, "fos_at_0_45m": 16.951590321127167, "fos_at_0_9m": 2.3940627817587448, "fos_at_1_5m": 0.61546746677437347, "estimated_depth_m_today": 0.29033185828556279, "estimated_depth_m_tomorrow": 0.28871404967761932, "live_flexural_fos": 60.540810004020884, "live_flexural_fos_tomorrow": 61.538482106380293, "margin_to_failure_m": 0.95369396645428295, "margin_to_failure_m_tomorrow": 0.95531177506222642 }, "geometry": { "type": "Polygon", "coordinates": [ [ [ 3.524732050891639, 6.431767334689585 ], [ 3.524741335044933, 6.440813124925739 ], [ 3.533784395448959, 6.440803751244228 ], [ 3.533774951316795, 6.431757974279847 ], [ 3.524732050891639, 6.431767334689585 ] ] ] } },
{ "type": "Feature", "properties": { "mean_susceptibility": 0.65714869841095125, "mean_effective_drainage_score": 0.5307600079506678, "building_count": 1280.0, "area_name": "Jakande", "rain_mm_yesterday": 11.0, "forecast_rain_mm_today": 0.2, "forecast_rain_mm_tomorrow": 1.7, "et0_mm_yesterday": 3.21, "et0_mm_today": 4.41, "et0_mm_tomorrow": 4.32, "rolling_2day_rain_mm_today": 2.7268520612201419, "dynamic_risk_score_today": 0.22223187148234591, "risk_tier_today": "Low", "rolling_2day_rain_mm_tomorrow": 1.7, "dynamic_risk_score_tomorrow": 0.21278474854546603, "risk_tier_tomorrow": "Low", "dynamic_risk_score": 0.22223187148234591, "risk_tier": "Low", "construction_typology": "informal_older_stock", "wall_thickness_mm": 150, "wall_fkx_n_mm2": 0.6, "critical_failure_depth_m": 1.2440258247398457, "critical_failure_depth_free_m": 1.1122991031230518, "fos_at_0_3m": 55.011764265788258, "fos_at_0_45m": 16.951590321127167, "fos_at_0_9m": 2.3940627817587448, "fos_at_1_5m": 0.61546746677437347, "estimated_depth_m_today": 0.33334780722351887, "estimated_depth_m_tomorrow": 0.31917712281819904, "live_flexural_fos": 40.446940048923459, "live_flexural_fos_tomorrow": 45.907535032864367, "margin_to_failure_m": 0.91067801751632682, "margin_to_failure_m_tomorrow": 0.9248487019216467 }, "geometry": { "type": "Polygon", "coordinates": [ [ [ 3.515689137145199, 6.431776535183477 ], [ 3.515698261318461, 6.440822338464665 ], [ 3.524741335044933, 6.440813124925739 ], [ 3.524732050891639, 6.431767334689585 ], [ 3.515689137145199, 6.431776535183477 ] ] ] } },
{ "type": "Feature", "properties": { "mean_susceptibility": 0.6652188797272296, "mean_effective_drainage_score": 0.42538559408539689, "building_count": 1671.0, "area_name": "Jakande", "rain_mm_yesterday": 11.0, "forecast_rain_mm_today": 0.2, "forecast_rain_mm_tomorrow": 1.7, "et0_mm_yesterday": 3.21, "et0_mm_today": 4.41, "et0_mm_tomorrow": 4.32, "rolling_2day_rain_mm_today": 1.9154690744575553, "dynamic_risk_score_today": 0.21740455060424813, "risk_tier_today": "Low", "rolling_2day_rain_mm_tomorrow": 1.7, "dynamic_risk_score_tomorrow": 0.21539787325567694, "risk_tier_tomorrow": "Low", "dynamic_risk_score": 0.21740455060424813, "risk_tier": "Low", "construction_typology": "informal_older_stock", "wall_thickness_mm": 150, "wall_fkx_n_mm2": 0.6, "critical_failure_depth_m": 1.2440258247398457, "critical_failure_depth_free_m": 1.1122991031230518, "fos_at_0_3m": 55.011764265788258, "fos_at_0_45m": 16.951590321127167, "fos_at_0_9m": 2.3940627817587448, "fos_at_1_5m": 0.61546746677437347, "estimated_depth_m_today": 0.32610682590637219, "estimated_depth_m_tomorrow": 0.32309680988351541, "live_flexural_fos": 43.120251604796024, "live_flexural_fos_tomorrow": 44.301998258887579, "margin_to_failure_m": 0.9179189988334735, "margin_to_failure_m_tomorrow": 0.92092901485633027 }, "geometry": { "type": "Polygon", "coordinates": [ [ [ 3.506646210307018, 6.431785575760383 ], [ 3.506655174499109, 6.440831391859864 ], [ 3.515698261318461, 6.440822338464665 ], [ 3.515689137145199, 6.431776535183477 ], [ 3.506646210307018, 6.431785575760383 ] ] ] } },
{ "type": "Feature", "properties": { "mean_susceptibility": 0.7299415944407357, "mean_effective_drainage_score": 0.51746527069414472, "building_count": 1508.0, "area_name": "Jakande", "rain_mm_yesterday": 11.0, "forecast_rain_mm_today": 0.2, "forecast_rain_mm_tomorrow": 1.7, "et0_mm_yesterday": 3.21, "et0_mm_today": 4.41, "et0_mm_tomorrow": 4.32, "rolling_2day_rain_mm_today": 2.6244825843449142, "dynamic_risk_score_today": 0.24580254436300208, "risk_tier_today": "Low", "rolling_2day_rain_mm_tomorrow": 1.7, "dynamic_risk_score_tomorrow": 0.23635508827991014, "risk_tier_tomorrow": "Low", "dynamic_risk_score": 0.24580254436300208, "risk_tier": "Low", "construction_typology": "informal_older_stock", "wall_thickness_mm": 150, "wall_fkx_n_mm2": 0.6, "critical_failure_depth_m": 1.2440258247398457, "critical_failure_depth_free_m": 1.1122991031230518, "fos_at_0_3m": 55.011764265788258, "fos_at_0_45m": 16.951590321127167, "fos_at_0_9m": 2.3940627817587448, "fos_at_1_5m": 0.61546746677437347, "estimated_depth_m_today": 0.36870381654450313, "estimated_depth_m_tomorrow": 0.35453263241986521, "live_flexural_fos": 30.168077607377164, "live_flexural_fos_tomorrow": 33.806931780885996, "margin_to_failure_m": 0.87532200819534256, "margin_to_failure_m_tomorrow": 0.88949319231998047 }, "geometry": { "type": "Polygon", "coordinates": [ [ [ 3.515698261318461, 6.440822338464665 ], [ 3.515707398584605, 6.44986813853559 ], [ 3.524750632520672, 6.449858911951186 ], [ 3.524741335044933, 6.440813124925739 ], [ 3.515698261318461, 6.440822338464665 ] ] ] } },
{ "type": "Feature", "properties": { "mean_susceptibility": 0.72454036683063772, "mean_effective_drainage_score": 0.53980550553479589, "building_count": 1594.0, "area_name": "Jakande", "rain_mm_yesterday": 11.0, "forecast_rain_mm_today": 0.2, "forecast_rain_mm_tomorrow": 1.7, "et0_mm_yesterday": 3.21, "et0_mm_today": 4.41, "et0_mm_tomorrow": 4.32, "rolling_2day_rain_mm_today": 2.7965023926179278, "dynamic_risk_score_today": 0.2457286142206534, "risk_tier_today": "Low", "rolling_2day_rain_mm_tomorrow": 1.7, "dynamic_risk_score_tomorrow": 0.23460617077976043, "risk_tier_tomorrow": "Low", "dynamic_risk_score": 0.2457286142206534, "risk_tier": "Low", "construction_typology": "informal_older_stock", "wall_thickness_mm": 150, "wall_fkx_n_mm2": 0.6, "critical_failure_depth_m": 1.2440258247398457, "critical_failure_depth_free_m": 1.1122991031230518, "fos_at_0_3m": 55.011764265788258, "fos_at_0_45m": 16.951590321127167, "fos_at_0_9m": 2.3940627817587448, "fos_at_1_5m": 0.61546746677437347, "estimated_depth_m_today": 0.36859292133098009, "estimated_depth_m_tomorrow": 0.35190925616964064, "live_flexural_fos": 30.194440395815537, "live_flexural_fos_tomorrow": 34.545008707076981, "margin_to_failure_m": 0.87543290340886559, "margin_to_failure_m_tomorrow": 0.89211656857020505 }, "geometry": { "type": "Polygon", "coordinates": [ [ [ 3.506655174499109, 6.440831391859864 ], [ 3.506664151554514, 6.449877204749519 ], [ 3.515707398584605, 6.44986813853559 ], [ 3.515698261318461, 6.440822338464665 ], [ 3.506655174499109, 6.440831391859864 ] ] ] } },
{ "type": "Feature", "properties": { "mean_susceptibility": 0.62820962752366016, "mean_effective_drainage_score": 0.24069912199890456, "building_count": 532.0, "area_name": "Ikota", "rain_mm_yesterday": 11.0, "forecast_rain_mm_today": 0.2, "forecast_rain_mm_tomorrow": 1.7, "et0_mm_yesterday": 3.21, "et0_mm_today": 4.41, "et0_mm_tomorrow": 4.32, "rolling_2day_rain_mm_today": 0.49338323939156564, "dynamic_risk_score_today": 0.19280216167172237, "risk_tier_today": "Low", "rolling_2day_rain_mm_tomorrow": 1.7, "dynamic_risk_score_tomorrow": 0.20341427739216111, "risk_tier_tomorrow": "Low", "dynamic_risk_score": 0.19280216167172237, "risk_tier": "Low", "construction_typology": "informal_older_stock", "wall_thickness_mm": 150, "wall_fkx_n_mm2": 0.6, "critical_failure_depth_m": 1.2440258247398457, "critical_failure_depth_free_m": 1.1122991031230518, "fos_at_0_3m": 55.011764265788258, "fos_at_0_45m": 16.951590321127167, "fos_at_0_9m": 2.3940627817587448, "fos_at_1_5m": 0.61546746677437347, "estimated_depth_m_today": 0.28920324250758356, "estimated_depth_m_tomorrow": 0.30512141608824167, "live_flexural_fos": 61.234478344006114, "live_flexural_fos_tomorrow": 52.357342750125412, "margin_to_failure_m": 0.95482258223226213, "margin_to_failure_m_tomorrow": 0.93890440865160407 }, "geometry": { "type": "Polygon", "coordinates": [ [ [ 3.542827442300975, 6.440794217421296 ], [ 3.5428370601924, 6.449839977675555 ], [ 3.551880253468894, 6.449830269986675 ], [ 3.551870475371422, 6.440784523458126 ], [ 3.542827442300975, 6.440794217421296 ] ] ] } },
{ "type": "Feature", "properties": { "mean_susceptibility": 0.62345431796047446, "mean_effective_drainage_score": 0.38905132476260684, "building_count": 245.0, "area_name": "Ikota", "rain_mm_yesterday": 11.0, "forecast_rain_mm_today": 0.2, "forecast_rain_mm_tomorrow": 1.7, "et0_mm_yesterday": 3.21, "et0_mm_today": 4.41, "et0_mm_tomorrow": 4.32, "rolling_2day_rain_mm_today": 1.6356952006720726, "dynamic_risk_score_today": 0.20131323268830947, "risk_tier_today": "Low", "rolling_2day_rain_mm_tomorrow": 1.7, "dynamic_risk_score_tomorrow": 0.2018745081556016, "risk_tier_tomorrow": "Low", "dynamic_risk_score": 0.20131323268830947, "risk_tier": "Low", "construction_typology": "informal_older_stock", "wall_thickness_mm": 150, "wall_fkx_n_mm2": 0.6, "critical_failure_depth_m": 1.2440258247398457, "critical_failure_depth_free_m": 1.1122991031230518, "fos_at_0_3m": 55.011764265788258, "fos_at_0_45m": 16.951590321127167, "fos_at_0_9m": 2.3940627817587448, "fos_at_1_5m": 0.61546746677437347, "estimated_depth_m_today": 0.30196984903246421, "estimated_depth_m_tomorrow": 0.30281176223340239, "live_flexural_fos": 53.969727456836203, "live_flexural_fos_tomorrow": 53.532495670036205, "margin_to_failure_m": 0.94205597570738142, "margin_to_failure_m_tomorrow": 0.94121406250644335 }, "geometry": { "type": "Polygon", "coordinates": [ [ [ 3.533784395448959, 6.440803751244228 ], [ 3.533793853133131, 6.449849524997453 ], [ 3.5428370601924, 6.449839977675555 ], [ 3.542827442300975, 6.440794217421296 ], [ 3.533784395448959, 6.440803751244228 ] ] ] } },
{ "type": "Feature", "properties": { "mean_susceptibility": 0.60951652213759455, "mean_effective_drainage_score": 0.40450001089559473, "building_count": 425.0, "area_name": "Ikota", "rain_mm_yesterday": 11.0, "forecast_rain_mm_today": 0.2, "forecast_rain_mm_tomorrow": 1.7, "et0_mm_yesterday": 3.21, "et0_mm_today": 4.41, "et0_mm_tomorrow": 4.32, "rolling_2day_rain_mm_today": 1.754650083896079, "dynamic_risk_score_today": 0.19782779167514519, "risk_tier_today": "Low", "rolling_2day_rain_mm_tomorrow": 1.7, "dynamic_risk_score_tomorrow": 0.19736144986815307, "risk_tier_tomorrow": "Low", "dynamic_risk_score": 0.19782779167514519, "risk_tier": "Low", "construction_typology": "informal_older_stock", "wall_thickness_mm": 150, "wall_fkx_n_mm2": 0.6, "critical_failure_depth_m": 1.2440258247398457, "critical_failure_depth_free_m": 1.1122991031230518, "fos_at_0_3m": 55.011764265788258, "fos_at_0_45m": 16.951590321127167, "fos_at_0_9m": 2.3940627817587448, "fos_at_1_5m": 0.61546746677437347, "estimated_depth_m_today": 0.29674168751271779, "estimated_depth_m_tomorrow": 0.29604217480222961, "live_flexural_fos": 56.795923393496452, "live_flexural_fos_tomorrow": 57.189122446168376, "margin_to_failure_m": 0.9472841372271279, "margin_to_failure_m_tomorrow": 0.94798364993761608 }, "geometry": { "type": "Polygon", "coordinates": [ [ [ 3.524741335044933, 6.440813124925739 ], [ 3.524750632520672, 6.449858911951186 ], [ 3.533793853133131, 6.449849524997453 ], [ 3.533784395448959, 6.440803751244228 ], [ 3.524741335044933, 6.440813124925739 ] ] ] } },
{ "type": "Feature", "properties": { "mean_susceptibility": 0.67823563793471175, "mean_effective_drainage_score": 0.38299624813250277, "building_count": 1022.0, "area_name": "Jakande", "rain_mm_yesterday": 11.0, "forecast_rain_mm_today": 0.2, "forecast_rain_mm_tomorrow": 1.7, "et0_mm_yesterday": 3.21, "et0_mm_today": 4.41, "et0_mm_tomorrow": 4.32, "rolling_2day_rain_mm_today": 1.5890711106202706, "dynamic_risk_score_today": 0.21855939659850576, "risk_tier_today": "Low", "rolling_2day_rain_mm_tomorrow": 1.7, "dynamic_risk_score_tomorrow": 0.21961269956325968, "risk_tier_tomorrow": "Low", "dynamic_risk_score": 0.21855939659850576, "risk_tier": "Low", "construction_typology": "informal_older_stock", "wall_thickness_mm": 150, "wall_fkx_n_mm2": 0.6, "critical_failure_depth_m": 1.2440258247398457, "critical_failure_depth_free_m": 1.1122991031230518, "fos_at_0_3m": 55.011764265788258, "fos_at_0_45m": 16.951590321127167, "fos_at_0_9m": 2.3940627817587448, "fos_at_1_5m": 0.61546746677437347, "estimated_depth_m_today": 0.32783909489775864, "estimated_depth_m_tomorrow": 0.32941904934488953, "live_flexural_fos": 42.459437929250079, "live_flexural_fos_tomorrow": 41.868624706358766, "margin_to_failure_m": 0.91618672984208704, "margin_to_failure_m_tomorrow": 0.91460677539495616 }, "geometry": { "type": "Polygon", "coordinates": [ [ [ 3.515707398584605, 6.44986813853559 ], [ 3.515716548944772, 6.458913935391819 ], [ 3.52475994332002, 6.458904695761495 ], [ 3.524750632520672, 6.449858911951186 ], [ 3.515707398584605, 6.44986813853559 ] ] ] } },
{ "type": "Feature", "properties": { "mean_susceptibility": 0.68126741585314354, "mean_effective_drainage_score": 0.499565906590207, "building_count": 458.0, "area_name": "Jakande", "rain_mm_yesterday": 11.0, "forecast_rain_mm_today": 0.2, "forecast_rain_mm_tomorrow": 1.7, "et0_mm_yesterday": 3.21, "et0_mm_today": 4.41, "et0_mm_tomorrow": 4.32, "rolling_2day_rain_mm_today": 2.4866574807445936, "dynamic_risk_score_today": 0.22809732678020567, "risk_tier_today": "Low", "rolling_2day_rain_mm_tomorrow": 1.7, "dynamic_risk_score_tomorrow": 0.22059438925324781, "risk_tier_tomorrow": "Low", "dynamic_risk_score": 0.22809732678020567, "risk_tier": "Low", "construction_typology": "informal_older_stock", "wall_thickness_mm": 150, "wall_fkx_n_mm2": 0.6, "critical_failure_depth_m": 1.2440258247398457, "critical_failure_depth_free_m": 1.1122991031230518, "fos_at_0_3m": 55.011764265788258, "fos_at_0_45m": 16.951590321127167, "fos_at_0_9m": 2.3940627817587448, "fos_at_1_5m": 0.61546746677437347, "estimated_depth_m_today": 0.3421459901703085, "estimated_depth_m_tomorrow": 0.33089158387987172, "live_flexural_fos": 37.491983165587087, "live_flexural_fos_tomorrow": 41.327955582301371, "margin_to_failure_m": 0.90187983456953713, "margin_to_failure_m_tomorrow": 0.91313424085997397 }, "geometry": { "type": "Polygon", "coordinates": [ [ [ 3.506664151554514, 6.449877204749519 ], [ 3.506673141474356, 6.458923014424912 ], [ 3.515716548944772, 6.458913935391819 ], [ 3.515707398584605, 6.44986813853559 ], [ 3.506664151554514, 6.449877204749519 ] ] ] } },
{ "type": "Feature", "properties": { "mean_susceptibility": 0.71316132997934567, "mean_effective_drainage_score": 0.29320888513024307, "building_count": 401.0, "area_name": "Ikota", "rain_mm_yesterday": 11.0, "forecast_rain_mm_today": 0.2, "forecast_rain_mm_tomorrow": 1.7, "et0_mm_yesterday": 3.21, "et0_mm_today": 4.41, "et0_mm_tomorrow": 4.32, "rolling_2day_rain_mm_today": 0.89770841550287162, "dynamic_risk_score_today": 0.22291135197927514, "risk_tier_today": "Low", "rolling_2day_rain_mm_tomorrow": 1.7, "dynamic_risk_score_tomorrow": 0.23092163864731208, "risk_tier_tomorrow": "Low", "dynamic_risk_score": 0.22291135197927514, "risk_tier": "Low", "construction_typology": "informal_older_stock", "wall_thickness_mm": 150, "wall_fkx_n_mm2": 0.6, "critical_failure_depth_m": 1.2440258247398457, "critical_failure_depth_free_m": 1.1122991031230518, "fos_at_0_3m": 55.011764265788258, "fos_at_0_45m": 16.951590321127167, "fos_at_0_9m": 2.3940627817587448, "fos_at_1_5m": 0.61546746677437347, "estimated_depth_m_today": 0.33436702796891271, "estimated_depth_m_tomorrow": 0.34638245797096812, "live_flexural_fos": 40.088820103645347, "live_flexural_fos_tomorrow": 36.172977236216774, "margin_to_failure_m": 0.90965879677093298, "margin_to_failure_m_tomorrow": 0.89764336676887757 }, "geometry": { "type": "Polygon", "coordinates": [ [ [ 3.5428370601924, 6.449839977675555 ], [ 3.542846691866596, 6.458885734713766 ], [ 3.55189004557872, 6.458876013298711 ], [ 3.551880253468894, 6.449830269986675 ], [ 3.5428370601924, 6.449839977675555 ] ] ] } },
{ "type": "Feature", "properties": { "mean_susceptibility": 0.73802245376190001, "mean_effective_drainage_score": 0.34505613440474997, "building_count": 31.0, "area_name": "Ikota", "rain_mm_yesterday": 11.0, "forecast_rain_mm_today": 0.2, "forecast_rain_mm_tomorrow": 1.7, "et0_mm_yesterday": 3.21, "et0_mm_today": 4.41, "et0_mm_tomorrow": 4.32, "rolling_2day_rain_mm_today": 1.2969322349165748, "dynamic_risk_score_today": 0.23480704767383442, "risk_tier_today": "Low", "rolling_2day_rain_mm_tomorrow": 1.7, "dynamic_risk_score_tomorrow": 0.2389716705281032, "risk_tier_tomorrow": "Low", "dynamic_risk_score": 0.23480704767383442, "risk_tier": "Low", "construction_typology": "informal_older_stock", "wall_thickness_mm": 150, "wall_fkx_n_mm2": 0.6, "critical_failure_depth_m": 1.2440258247398457, "critical_failure_depth_free_m": 1.1122991031230518, "fos_at_0_3m": 55.011764265788258, "fos_at_0_45m": 16.951590321127167, "fos_at_0_9m": 2.3940627817587448, "fos_at_1_5m": 0.61546746677437347, "estimated_depth_m_today": 0.35221057151075164, "estimated_depth_m_tomorrow": 0.3584575057921548, "live_flexural_fos": 34.459131441305217, "live_flexural_fos_tomorrow": 32.742054658166104, "margin_to_failure_m": 0.89181525322909405, "margin_to_failure_m_tomorrow": 0.88556831894769084 }, "geometry": { "type": "Polygon", "coordinates": [ [ [ 3.533793853133131, 6.449849524997453 ], [ 3.533803324370496, 6.458895295535089 ], [ 3.542846691866596, 6.458885734713766 ], [ 3.5428370601924, 6.449839977675555 ], [ 3.533793853133131, 6.449849524997453 ] ] ] } },
{ "type": "Feature", "properties": { "mean_susceptibility": 0.69706168499650267, "mean_effective_drainage_score": 0.39201488070828683, "building_count": 359.0, "area_name": "Ikota", "rain_mm_yesterday": 11.0, "forecast_rain_mm_today": 0.2, "forecast_rain_mm_tomorrow": 1.7, "et0_mm_yesterday": 3.21, "et0_mm_today": 4.41, "et0_mm_tomorrow": 4.32, "rolling_2day_rain_mm_today": 1.6585145814538087, "dynamic_risk_score_today": 0.22530372306130331, "risk_tier_today": "Low", "rolling_2day_rain_mm_tomorrow": 1.7, "dynamic_risk_score_tomorrow": 0.22570857360186758, "risk_tier_tomorrow": "Low", "dynamic_risk_score": 0.22530372306130331, "risk_tier": "Low", "construction_typology": "informal_older_stock", "wall_thickness_mm": 150, "wall_fkx_n_mm2": 0.6, "critical_failure_depth_m": 1.2440258247398457, "critical_failure_depth_free_m": 1.1122991031230518, "fos_at_0_3m": 55.011764265788258, "fos_at_0_45m": 16.951590321127167, "fos_at_0_9m": 2.3940627817587448, "fos_at_1_5m": 0.61546746677437347, "estimated_depth_m_today": 0.33795558459195496, "estimated_depth_m_tomorrow": 0.33856286040280137, "live_flexural_fos": 38.86155714633913, "live_flexural_fos_tomorrow": 38.65892456050684, "margin_to_failure_m": 0.90607024014789073, "margin_to_failure_m_tomorrow": 0.90546296433704432 }, "geometry": { "type": "Polygon", "coordinates": [ [ [ 3.524750632520672, 6.449858911951186 ], [ 3.52475994332002, 6.458904695761495 ], [ 3.533803324370496, 6.458895295535089 ], [ 3.533793853133131, 6.449849524997453 ], [ 3.524750632520672, 6.449858911951186 ] ] ] } },
{ "type": "Feature", "properties": { "mean_susceptibility": 0.68043407645238951, "mean_effective_drainage_score": 0.52517432721702739, "building_count": 333.0, "area_name": "Jakande", "rain_mm_yesterday": 11.0, "forecast_rain_mm_today": 0.2, "forecast_rain_mm_tomorrow": 1.7, "et0_mm_yesterday": 3.21, "et0_mm_today": 4.41, "et0_mm_tomorrow": 4.32, "rolling_2day_rain_mm_today": 2.6838423195711103, "dynamic_risk_score_today": 0.2296967117165738, "risk_tier_today": "Low", "rolling_2day_rain_mm_tomorrow": 1.7, "dynamic_risk_score_tomorrow": 0.22032455395528372, "risk_tier_tomorrow": "Low", "dynamic_risk_score": 0.2296967117165738, "risk_tier": "Low", "construction_typology": "informal_older_stock", "wall_thickness_mm": 150, "wall_fkx_n_mm2": 0.6, "critical_failure_depth_m": 1.2440258247398457, "critical_failure_depth_free_m": 1.1122991031230518, "fos_at_0_3m": 55.011764265788258, "fos_at_0_45m": 16.951590321127167, "fos_at_0_9m": 2.3940627817587448, "fos_at_1_5m": 0.61546746677437347, "estimated_depth_m_today": 0.3445450675748607, "estimated_depth_m_tomorrow": 0.33048683093292558, "live_flexural_fos": 36.737193267264999, "live_flexural_fos_tomorrow": 41.475621903954568, "margin_to_failure_m": 0.89948075716498499, "margin_to_failure_m_tomorrow": 0.91353899380692005 }, "geometry": { "type": "Polygon", "coordinates": [ [ [ 3.506673141474356, 6.458923014424912 ], [ 3.506682144259759, 6.467968820881615 ], [ 3.515725712400106, 6.467959729028923 ], [ 3.515716548944772, 6.458913935391819 ], [ 3.506673141474356, 6.458923014424912 ] ] ] } },
{ "type": "Feature", "properties": { "mean_susceptibility": 0.61352674698880072, "mean_effective_drainage_score": 0.49346998223990157, "building_count": 248.0, "area_name": "Victoria Garden City", "rain_mm_yesterday": 11.0, "forecast_rain_mm_today": 0.2, "forecast_rain_mm_tomorrow": 1.7, "et0_mm_yesterday": 3.21, "et0_mm_today": 4.41, "et0_mm_tomorrow": 4.32, "rolling_2day_rain_mm_today": 2.4397188632472417, "dynamic_risk_score_today": 0.20501368298493439, "risk_tier_today": "Low", "rolling_2day_rain_mm_tomorrow": 1.7, "dynamic_risk_score_tomorrow": 0.19865996067497371, "risk_tier_tomorrow": "Low", "dynamic_risk_score": 0.20501368298493439, "risk_tier": "Low", "construction_typology": "planned_estate", "wall_thickness_mm": 225, "wall_fkx_n_mm2": 0.9, "critical_failure_depth_m": 2.0207359550794606, "critical_failure_depth_free_m": 1.6684486546845776, "fos_at_0_3m": 185.66470439703539, "fos_at_0_45m": 57.211617333804192, "fos_at_0_9m": 8.0799618884357649, "fos_at_1_5m": 2.0772027003635105, "estimated_depth_m_today": 0.30752052447740158, "estimated_depth_m_tomorrow": 0.29798994101246057, "live_flexural_fos": 172.70989947025078, "live_flexural_fos_tomorrow": 189.34864380741371, "margin_to_failure_m": 1.7132154306020591, "margin_to_failure_m_tomorrow": 1.7227460140669999 }, "geometry": { "type": "Polygon", "coordinates": [ [ [ 3.542846691866596, 6.458885734713766 ], [ 3.542856337324771, 6.467931488531499 ], [ 3.551899851702122, 6.467921753389801 ], [ 3.55189004557872, 6.458876013298711 ], [ 3.542846691866596, 6.458885734713766 ] ] ] } },
{ "type": "Feature", "properties": { "mean_susceptibility": 0.54572657750272402, "mean_effective_drainage_score": 0.46415696901878389, "building_count": 68.0, "area_name": "Victoria Garden City", "rain_mm_yesterday": 11.0, "forecast_rain_mm_today": 0.2, "forecast_rain_mm_tomorrow": 1.7, "et0_mm_yesterday": 3.21, "et0_mm_today": 4.41, "et0_mm_tomorrow": 4.32, "rolling_2day_rain_mm_today": 2.2140086614446357, "dynamic_risk_score_today": 0.18063338042201915, "risk_tier_today": "Low", "rolling_2day_rain_mm_tomorrow": 1.7, "dynamic_risk_score_tomorrow": 0.17670626579538196, "risk_tier_tomorrow": "Low", "dynamic_risk_score": 0.18063338042201915, "risk_tier": "Low", "construction_typology": "planned_estate", "wall_thickness_mm": 225, "wall_fkx_n_mm2": 0.9, "critical_failure_depth_m": 2.0207359550794606, "critical_failure_depth_free_m": 1.6684486546845776, "fos_at_0_3m": 185.66470439703539, "fos_at_0_45m": 57.211617333804192, "fos_at_0_9m": 8.0799618884357649, "fos_at_1_5m": 2.0772027003635105, "estimated_depth_m_today": 0.27095007063302873, "estimated_depth_m_tomorrow": 0.26505939869307293, "live_flexural_fos": 250.12834022402319, "live_flexural_fos_tomorrow": 266.77241692925571, "margin_to_failure_m": 1.7497858844464318, "margin_to_failure_m_tomorrow": 1.7556765563863876 }, "geometry": { "type": "Polygon", "coordinates": [ [ [ 3.533803324370496, 6.458895295535089 ], [ 3.533812809162237, 6.467941062852706 ], [ 3.542856337324771, 6.467931488531499 ], [ 3.542846691866596, 6.458885734713766 ], [ 3.533803324370496, 6.458895295535089 ] ] ] } },
{ "type": "Feature", "properties": { "mean_susceptibility": 0.7345309583399583, "mean_effective_drainage_score": 0.51717578016369148, "building_count": 24.0, "area_name": "Victoria Garden City", "rain_mm_yesterday": 11.0, "forecast_rain_mm_today": 0.2, "forecast_rain_mm_tomorrow": 1.7, "et0_mm_yesterday": 3.21, "et0_mm_today": 4.41, "et0_mm_tomorrow": 4.32, "rolling_2day_rain_mm_today": 2.6222535072604245, "dynamic_risk_score_today": 0.24732505684576389, "risk_tier_today": "Low", "rolling_2day_rain_mm_tomorrow": 1.7, "dynamic_risk_score_tomorrow": 0.23784112431047855, "risk_tier_tomorrow": "Low", "dynamic_risk_score": 0.24732505684576389, "risk_tier": "Low", "construction_typology": "planned_estate", "wall_thickness_mm": 225, "wall_fkx_n_mm2": 0.9, "critical_failure_depth_m": 2.0207359550794606, "critical_failure_depth_free_m": 1.6684486546845776, "fos_at_0_3m": 185.66470439703539, "fos_at_0_45m": 57.211617333804192, "fos_at_0_9m": 8.0799618884357649, "fos_at_1_5m": 2.0772027003635105, "estimated_depth_m_today": 0.37098758526864584, "estimated_depth_m_tomorrow": 0.35676168646571782, "live_flexural_fos": 100.00812350597751, "live_flexural_fos_tomorrow": 112.0381708397267, "margin_to_failure_m": 1.6497483698108146, "margin_to_failure_m_tomorrow": 1.6639742686137429 }, "geometry": { "type": "Polygon", "coordinates": [ [ [ 3.52475994332002, 6.458904695761495 ], [ 3.52476926744414, 6.467950476352237 ], [ 3.533812809162237, 6.467941062852706 ], [ 3.533803324370496, 6.458895295535089 ], [ 3.52475994332002, 6.458904695761495 ] ] ] } },
{ "type": "Feature", "properties": { "mean_susceptibility": 0.65989089019462588, "mean_effective_drainage_score": 0.44554428698855736, "building_count": 355.0, "area_name": "Jakande", "rain_mm_yesterday": 11.0, "forecast_rain_mm_today": 0.2, "forecast_rain_mm_tomorrow": 1.7, "et0_mm_yesterday": 3.21, "et0_mm_today": 4.41, "et0_mm_tomorrow": 4.32, "rolling_2day_rain_mm_today": 2.0706910098118918, "dynamic_risk_score_today": 0.21709728893134661, "risk_tier_today": "Low", "rolling_2day_rain_mm_tomorrow": 1.7, "dynamic_risk_score_tomorrow": 0.21367267024501979, "risk_tier_tomorrow": "Low", "dynamic_risk_score": 0.21709728893134661, "risk_tier": "Low", "construction_typology": "informal_older_stock", "wall_thickness_mm": 150, "wall_fkx_n_mm2": 0.6, "critical_failure_depth_m": 1.2440258247398457, "critical_failure_depth_free_m": 1.1122991031230518, "fos_at_0_3m": 55.011764265788258, "fos_at_0_45m": 16.951590321127167, "fos_at_0_9m": 2.3940627817587448, "fos_at_1_5m": 0.61546746677437347, "estimated_depth_m_today": 0.32564593339701992, "estimated_depth_m_tomorrow": 0.32050900536752969, "live_flexural_fos": 43.298411645166858, "live_flexural_fos_tomorrow": 45.353282541320517, "margin_to_failure_m": 0.91837989134282583, "margin_to_failure_m_tomorrow": 0.923516819372316 }, "geometry": { "type": "Polygon", "coordinates": [ [ [ 3.515716548944772, 6.458913935391819 ], [ 3.515725712400106, 6.467959729028923 ], [ 3.52476926744414, 6.467950476352237 ], [ 3.52475994332002, 6.458904695761495 ], [ 3.515716548944772, 6.458913935391819 ] ] ] } },
{ "type": "Feature", "properties": { "mean_susceptibility": 0.65098582615705947, "mean_effective_drainage_score": 0.60738425160603582, "building_count": 3.0, "area_name": "Victoria Garden City", "rain_mm_yesterday": 11.0, "forecast_rain_mm_today": 0.2, "forecast_rain_mm_tomorrow": 1.7, "et0_mm_yesterday": 3.21, "et0_mm_today": 4.41, "et0_mm_tomorrow": 4.32, "rolling_2day_rain_mm_today": 3.3168587373664753, "dynamic_risk_score_today": 0.22552494020258873, "risk_tier_today": "Low", "rolling_2day_rain_mm_tomorrow": 1.7, "dynamic_risk_score_tomorrow": 0.21078921050965582, "risk_tier_tomorrow": "Low", "dynamic_risk_score": 0.22552494020258873, "risk_tier": "Low", "construction_typology": "planned_estate", "wall_thickness_mm": 225, "wall_fkx_n_mm2": 0.9, "critical_failure_depth_m": 2.0207359550794606, "critical_failure_depth_free_m": 1.6684486546845776, "fos_at_0_3m": 185.66470439703539, "fos_at_0_45m": 57.211617333804192, "fos_at_0_9m": 8.0799618884357649, "fos_at_1_5m": 2.0772027003635105, "estimated_depth_m_today": 0.3382874103038831, "estimated_depth_m_tomorrow": 0.31618381576448373, "live_flexural_fos": 130.78346921202393, "live_flexural_fos_tomorrow": 159.25630940807767, "margin_to_failure_m": 1.6824485447755775, "margin_to_failure_m_tomorrow": 1.704552139314977 }, "geometry": { "type": "Polygon", "coordinates": [ [ [ 3.542856337324771, 6.467931488531499 ], [ 3.542865996568129, 6.476977239124317 ], [ 3.551909671840329, 6.476967490255511 ], [ 3.551899851702122, 6.467921753389801 ], [ 3.542856337324771, 6.467931488531499 ] ] ] } },
{ "type": "Feature", "properties": { "mean_susceptibility": 0.47986906717862243, "mean_effective_drainage_score": 0.46527469699740237, "building_count": 328.0, "area_name": "Lekki Phase II", "rain_mm_yesterday": 11.0, "forecast_rain_mm_today": 0.2, "forecast_rain_mm_tomorrow": 1.7, "et0_mm_yesterday": 3.21, "et0_mm_today": 4.41, "et0_mm_tomorrow": 4.32, "rolling_2day_rain_mm_today": 2.222615166879998, "dynamic_risk_score_today": 0.15889261988917536, "risk_tier_today": "Low", "rolling_2day_rain_mm_tomorrow": 1.7, "dynamic_risk_score_tomorrow": 0.15538160395243794, "risk_tier_tomorrow": "Low", "dynamic_risk_score": 0.15889261988917536, "risk_tier": "Low", "construction_typology": "planned_estate", "wall_thickness_mm": 225, "wall_fkx_n_mm2": 0.9, "critical_failure_depth_m": 2.0207359550794606, "critical_failure_depth_free_m": 1.6684486546845776, "fos_at_0_3m": 185.66470439703539, "fos_at_0_45m": 57.211617333804192, "fos_at_0_9m": 8.0799618884357649, "fos_at_1_5m": 2.0772027003635105, "estimated_depth_m_today": 0.23833892983376304, "estimated_depth_m_tomorrow": 0.23307240592865691, "live_flexural_fos": 364.41555684623819, "live_flexural_fos_tomorrow": 389.15386672916338, "margin_to_failure_m": 1.7823970252456975, "margin_to_failure_m_tomorrow": 1.7876635491508037 }, "geometry": { "type": "Polygon", "coordinates": [ [ [ 3.560923432733037, 6.44982040193202 ], [ 3.560933385277266, 6.458866131291132 ], [ 3.569976710732637, 6.458856088692253 ], [ 3.569966597755248, 6.449810373512812 ], [ 3.560923432733037, 6.44982040193202 ] ] ] } },
{ "type": "Feature", "properties": { "mean_susceptibility": 0.36582894091428508, "mean_effective_drainage_score": 0.78473990094998736, "building_count": 412.0, "area_name": "Lekki Phase II", "rain_mm_yesterday": 11.0, "forecast_rain_mm_today": 0.2, "forecast_rain_mm_tomorrow": 1.7, "et0_mm_yesterday": 3.2, "et0_mm_today": 4.41, "et0_mm_tomorrow": 4.32, "rolling_2day_rain_mm_today": 4.6924972373149023, "dynamic_risk_score_today": 0.13378180039826715, "risk_tier_today": "Low", "rolling_2day_rain_mm_tomorrow": 1.7, "dynamic_risk_score_tomorrow": 0.11845541106804547, "risk_tier_tomorrow": "Low", "dynamic_risk_score": 0.13378180039826715, "risk_tier": "Low", "construction_typology": "planned_estate", "wall_thickness_mm": 225, "wall_fkx_n_mm2": 0.9, "critical_failure_depth_m": 2.0207359550794606, "critical_failure_depth_free_m": 1.6684486546845776, "fos_at_0_3m": 185.66470439703539, "fos_at_0_45m": 57.211617333804192, "fos_at_0_9m": 8.0799618884357649, "fos_at_1_5m": 2.0772027003635105, "estimated_depth_m_today": 0.20067270059740072, "estimated_depth_m_tomorrow": 0.1776831166020682, "live_flexural_fos": 604.67243052229014, "live_flexural_fos_tomorrow": 865.95290491840251, "margin_to_failure_m": 1.8200632544820599, "margin_to_failure_m_tomorrow": 1.8430528384773923 }, "geometry": { "type": "Polygon", "coordinates": [ [ [ 3.579020021715237, 6.458845885503322 ], [ 3.579030309826887, 6.467891583053956 ], [ 3.588073766767324, 6.467881204642582 ], [ 3.588063317995471, 6.458835521725604 ], [ 3.579020021715237, 6.458845885503322 ] ] ] } },
{ "type": "Feature", "properties": { "mean_susceptibility": 0.41425739919350402, "mean_effective_drainage_score": 0.72373594260571505, "building_count": 197.0, "area_name": "Lekki Phase II", "rain_mm_yesterday": 11.0, "forecast_rain_mm_today": 0.2, "forecast_rain_mm_tomorrow": 1.7, "et0_mm_yesterday": 3.21, "et0_mm_today": 4.41, "et0_mm_tomorrow": 4.32, "rolling_2day_rain_mm_today": 4.2127667580640065, "dynamic_risk_score_today": 0.14870959696651342, "risk_tier_today": "Low", "rolling_2day_rain_mm_tomorrow": 1.7, "dynamic_risk_score_tomorrow": 0.13413654585885659, "risk_tier_tomorrow": "Low", "dynamic_risk_score": 0.14870959696651342, "risk_tier": "Low", "construction_typology": "planned_estate", "wall_thickness_mm": 225, "wall_fkx_n_mm2": 0.9, "critical_failure_depth_m": 2.0207359550794606, "critical_failure_depth_free_m": 1.6684486546845776, "fos_at_0_3m": 185.66470439703539, "fos_at_0_45m": 57.211617333804192, "fos_at_0_9m": 8.0799618884357649, "fos_at_1_5m": 2.0772027003635105, "estimated_depth_m_today": 0.22306439544977014, "estimated_depth_m_tomorrow": 0.20120481878828489, "live_flexural_fos": 442.77890354164668, "live_flexural_fos_tomorrow": 599.96936952293152, "margin_to_failure_m": 1.7976715596296904, "margin_to_failure_m_tomorrow": 1.8195311362911757 }, "geometry": { "type": "Polygon", "coordinates": [ [ [ 3.569976710732637, 6.458856088692253 ], [ 3.569986838182797, 6.467901800649793 ], [ 3.579030309826887, 6.467891583053956 ], [ 3.579020021715237, 6.458845885503322 ], [ 3.569976710732637, 6.458856088692253 ] ] ] } },
{ "type": "Feature", "properties": { "mean_susceptibility": 0.38697633728629743, "mean_effective_drainage_score": 0.52790566153929952, "building_count": 148.0, "area_name": "Ajah", "rain_mm_yesterday": 11.0, "forecast_rain_mm_today": 0.2, "forecast_rain_mm_tomorrow": 1.7, "et0_mm_yesterday": 3.21, "et0_mm_today": 4.41, "et0_mm_tomorrow": 4.32, "rolling_2day_rain_mm_today": 2.7048735938526063, "dynamic_risk_score_today": 0.1307470102522903, "risk_tier_today": "Low", "rolling_2day_rain_mm_tomorrow": 1.7, "dynamic_risk_score_tomorrow": 0.12530293801330306, "risk_tier_tomorrow": "Low", "dynamic_risk_score": 0.1307470102522903, "risk_tier": "Low", "construction_typology": "informal_older_stock", "wall_thickness_mm": 150, "wall_fkx_n_mm2": 0.6, "critical_failure_depth_m": 1.2440258247398457, "critical_failure_depth_free_m": 1.1122991031230518, "fos_at_0_3m": 55.011764265788258, "fos_at_0_45m": 16.951590321127167, "fos_at_0_9m": 2.3940627817587448, "fos_at_1_5m": 0.61546746677437347, "estimated_depth_m_today": 0.19612051537843544, "estimated_depth_m_tomorrow": 0.18795440701995458, "live_flexural_fos": 191.70624651329589, "live_flexural_fos_tomorrow": 217.34061794150477, "margin_to_failure_m": 1.0479053093614104, "margin_to_failure_m_tomorrow": 1.0560714177198911 }, "geometry": { "type": "Polygon", "coordinates": [ [ [ 3.560933385277266, 6.458866131291132 ], [ 3.56094335206467, 6.467911857428823 ], [ 3.569986838182797, 6.467901800649793 ], [ 3.569976710732637, 6.458856088692253 ], [ 3.560933385277266, 6.458866131291132 ] ] ] } },
{ "type": "Feature", "properties": { "mean_susceptibility": 0.42169456842581426, "mean_effective_drainage_score": 0.46580298129205311, "building_count": 389.0, "area_name": "Victoria Garden City", "rain_mm_yesterday": 11.0, "forecast_rain_mm_today": 0.2, "forecast_rain_mm_tomorrow": 1.7, "et0_mm_yesterday": 3.2, "et0_mm_today": 4.41, "et0_mm_tomorrow": 4.32, "rolling_2day_rain_mm_today": 2.2366829559488091, "dynamic_risk_score_today": 0.13971312928114321, "risk_tier_today": "Low", "rolling_2day_rain_mm_tomorrow": 1.7, "dynamic_risk_score_tomorrow": 0.1365447012562786, "risk_tier_tomorrow": "Low", "dynamic_risk_score": 0.13971312928114321, "risk_tier": "Low", "construction_typology": "planned_estate", "wall_thickness_mm": 225, "wall_fkx_n_mm2": 0.9, "critical_failure_depth_m": 2.0207359550794606, "critical_failure_depth_free_m": 1.6684486546845776, "fos_at_0_3m": 185.66470439703539, "fos_at_0_45m": 57.211617333804192, "fos_at_0_9m": 8.0799618884357649, "fos_at_1_5m": 2.0772027003635105, "estimated_depth_m_today": 0.20956969392171482, "estimated_depth_m_tomorrow": 0.2048170518844179, "live_flexural_fos": 532.09506378365995, "live_flexural_fos_tomorrow": 569.3083689341172, "margin_to_failure_m": 1.8111662611577457, "margin_to_failure_m_tomorrow": 1.8159189031950427 }, "geometry": { "type": "Polygon", "coordinates": [ [ [ 3.55189004557872, 6.458876013298711 ], [ 3.551899851702122, 6.467921753389801 ], [ 3.56094335206467, 6.467911857428823 ], [ 3.560933385277266, 6.458866131291132 ], [ 3.55189004557872, 6.458876013298711 ] ] ] } },
{ "type": "Feature", "properties": { "mean_susceptibility": 0.51100894514598472, "mean_effective_drainage_score": 0.73176896418088588, "building_count": 405.0, "area_name": "Lekki Phase II", "rain_mm_yesterday": 11.0, "forecast_rain_mm_today": 0.2, "forecast_rain_mm_tomorrow": 1.7, "et0_mm_yesterday": 3.21, "et0_mm_today": 4.41, "et0_mm_tomorrow": 4.32, "rolling_2day_rain_mm_today": 4.2746210241928217, "dynamic_risk_score_today": 0.18388385767039805, "risk_tier_today": "Low", "rolling_2day_rain_mm_tomorrow": 1.7, "dynamic_risk_score_tomorrow": 0.16546469643826978, "risk_tier_tomorrow": "Low", "dynamic_risk_score": 0.18388385767039805, "risk_tier": "Low", "construction_typology": "planned_estate", "wall_thickness_mm": 225, "wall_fkx_n_mm2": 0.9, "critical_failure_depth_m": 2.0207359550794606, "critical_failure_depth_free_m": 1.6684486546845776, "fos_at_0_3m": 185.66470439703539, "fos_at_0_45m": 57.211617333804192, "fos_at_0_9m": 8.0799618884357649, "fos_at_1_5m": 2.0772027003635105, "estimated_depth_m_today": 0.27582578650559708, "estimated_depth_m_tomorrow": 0.24819704465740466, "live_flexural_fos": 237.39571603257468, "live_flexural_fos_tomorrow": 323.51436154938034, "margin_to_failure_m": 1.7449101685738635, "margin_to_failure_m_tomorrow": 1.7725389104220559 }, "geometry": { "type": "Polygon", "coordinates": [ [ [ 3.579030309826887, 6.467891583053956 ], [ 3.579040612642189, 6.476937277377761 ], [ 3.588084230472442, 6.476926884332233 ], [ 3.588073766767324, 6.467881204642582 ], [ 3.579030309826887, 6.467891583053956 ] ] ] } },
{ "type": "Feature", "properties": { "mean_susceptibility": 0.51675486777906365, "mean_effective_drainage_score": 0.87971926086612773, "building_count": 312.0, "area_name": "Ajah", "rain_mm_yesterday": 11.0, "forecast_rain_mm_today": 0.2, "forecast_rain_mm_tomorrow": 1.7, "et0_mm_yesterday": 3.2, "et0_mm_today": 4.41, "et0_mm_tomorrow": 4.32, "rolling_2day_rain_mm_today": 5.4238383086691826, "dynamic_risk_score_today": 0.19426558820643813, "risk_tier_today": "Low", "rolling_2day_rain_mm_tomorrow": 1.7, "dynamic_risk_score_tomorrow": 0.16732522618686074, "risk_tier_tomorrow": "Low", "dynamic_risk_score": 0.19426558820643813, "risk_tier": "Low", "construction_typology": "informal_older_stock", "wall_thickness_mm": 150, "wall_fkx_n_mm2": 0.6, "critical_failure_depth_m": 1.2440258247398457, "critical_failure_depth_free_m": 1.1122991031230518, "fos_at_0_3m": 55.011764265788258, "fos_at_0_45m": 16.951590321127167, "fos_at_0_9m": 2.3940627817587448, "fos_at_1_5m": 0.61546746677437347, "estimated_depth_m_today": 0.2913983823096572, "estimated_depth_m_tomorrow": 0.25098783928029111, "live_flexural_fos": 59.895025083823533, "live_flexural_fos_tomorrow": 92.76061890297305, "margin_to_failure_m": 0.95262744243018849, "margin_to_failure_m_tomorrow": 0.99303798545955457 }, "geometry": { "type": "Polygon", "coordinates": [ [ [ 3.569986838182797, 6.467901800649793 ], [ 3.569996980106996, 6.476947509380993 ], [ 3.579040612642189, 6.476937277377761 ], [ 3.579030309826887, 6.467891583053956 ], [ 3.569986838182797, 6.467901800649793 ] ] ] } },
{ "type": "Feature", "properties": { "mean_susceptibility": 0.57061377690947479, "mean_effective_drainage_score": 0.73503157847829503, "building_count": 532.0, "area_name": "Ajah", "rain_mm_yesterday": 11.0, "forecast_rain_mm_today": 0.2, "forecast_rain_mm_tomorrow": 1.7, "et0_mm_yesterday": 3.21, "et0_mm_today": 4.41, "et0_mm_tomorrow": 4.32, "rolling_2day_rain_mm_today": 4.2997431542828721, "dynamic_risk_score_today": 0.20553303060692651, "risk_tier_today": "Low", "rolling_2day_rain_mm_tomorrow": 1.7, "dynamic_risk_score_tomorrow": 0.18476474096328799, "risk_tier_tomorrow": "Low", "dynamic_risk_score": 0.20553303060692651, "risk_tier": "Low", "construction_typology": "informal_older_stock", "wall_thickness_mm": 150, "wall_fkx_n_mm2": 0.6, "critical_failure_depth_m": 1.2440258247398457, "critical_failure_depth_free_m": 1.1122991031230518, "fos_at_0_3m": 55.011764265788258, "fos_at_0_45m": 16.951590321127167, "fos_at_0_9m": 2.3940627817587448, "fos_at_1_5m": 0.61546746677437347, "estimated_depth_m_today": 0.30829954591038977, "estimated_depth_m_tomorrow": 0.27714711144493198, "live_flexural_fos": 50.796623101147055, "live_flexural_fos_tomorrow": 69.361879994939827, "margin_to_failure_m": 0.93572627882945592, "margin_to_failure_m_tomorrow": 0.96687871329491371 }, "geometry": { "type": "Polygon", "coordinates": [ [ [ 3.56094335206467, 6.467911857428823 ], [ 3.560953333096497, 6.47695758034066 ], [ 3.569996980106996, 6.476947509380993 ], [ 3.569986838182797, 6.467901800649793 ], [ 3.56094335206467, 6.467911857428823 ] ] ] } },
{ "type": "Feature", "properties": { "mean_susceptibility": 0.81673828676840332, "mean_effective_drainage_score": 0.72205857347388891, "building_count": 313.0, "area_name": "Ajah", "rain_mm_yesterday": 11.0, "forecast_rain_mm_today": 0.2, "forecast_rain_mm_tomorrow": 1.7, "et0_mm_yesterday": 3.21, "et0_mm_today": 4.41, "et0_mm_tomorrow": 4.32, "rolling_2day_rain_mm_today": 4.199851015748945, "dynamic_risk_score_today": 0.29304399375651569, "risk_tier_today": "Medium", "rolling_2day_rain_mm_tomorrow": 1.7, "dynamic_risk_score_tomorrow": 0.26445985725560894, "risk_tier_tomorrow": "Medium", "dynamic_risk_score": 0.29304399375651569, "risk_tier": "Medium", "construction_typology": "informal_older_stock", "wall_thickness_mm": 150, "wall_fkx_n_mm2": 0.6, "critical_failure_depth_m": 1.2440258247398457, "critical_failure_depth_free_m": 1.1122991031230518, "fos_at_0_3m": 55.011764265788258, "fos_at_0_45m": 16.951590321127167, "fos_at_0_9m": 2.3940627817587448, "fos_at_1_5m": 0.61546746677437347, "estimated_depth_m_today": 0.43956599063477353, "estimated_depth_m_tomorrow": 0.39668978588341341, "live_flexural_fos": 18.137656460800294, "live_flexural_fos_tomorrow": 24.400990508215912, "margin_to_failure_m": 0.80445983410507216, "margin_to_failure_m_tomorrow": 0.84733603885643227 }, "geometry": { "type": "Polygon", "coordinates": [ [ [ 3.551899851702122, 6.467921753389801 ], [ 3.551909671840329, 6.476967490255511 ], [ 3.560953333096497, 6.47695758034066 ], [ 3.56094335206467, 6.467911857428823 ], [ 3.551899851702122, 6.467921753389801 ] ] ] } },
{ "type": "Feature", "properties": { "mean_susceptibility": 0.80383009740939948, "mean_effective_drainage_score": 0.5883456792314703, "building_count": 224.0, "area_name": "Ajah", "rain_mm_yesterday": 11.0, "forecast_rain_mm_today": 0.2, "forecast_rain_mm_tomorrow": 1.7, "et0_mm_yesterday": 3.21, "et0_mm_today": 4.41, "et0_mm_tomorrow": 4.32, "rolling_2day_rain_mm_today": 3.1702617300823217, "dynamic_risk_score_today": 0.27682595435709501, "risk_tier_today": "Medium", "rolling_2day_rain_mm_tomorrow": 1.7, "dynamic_risk_score_tomorrow": 0.26028018554116361, "risk_tier_tomorrow": "Medium", "dynamic_risk_score": 0.27682595435709501, "risk_tier": "Medium", "construction_typology": "informal_older_stock", "wall_thickness_mm": 150, "wall_fkx_n_mm2": 0.6, "critical_failure_depth_m": 1.2440258247398457, "critical_failure_depth_free_m": 1.1122991031230518, "fos_at_0_3m": 55.011764265788258, "fos_at_0_45m": 16.951590321127167, "fos_at_0_9m": 2.3940627817587448, "fos_at_1_5m": 0.61546746677437347, "estimated_depth_m_today": 0.41523893153564251, "estimated_depth_m_tomorrow": 0.39042027831174542, "live_flexural_fos": 21.378634537920394, "live_flexural_fos_tomorrow": 25.553481879045123, "margin_to_failure_m": 0.82878689320420318, "margin_to_failure_m_tomorrow": 0.85360554642810027 }, "geometry": { "type": "Polygon", "coordinates": [ [ [ 3.579040612642189, 6.476937277377761 ], [ 3.579050930162432, 6.485982968470303 ], [ 3.588094709112133, 6.485972560790122 ], [ 3.588084230472442, 6.476926884332233 ], [ 3.579040612642189, 6.476937277377761 ] ] ] } },
{ "type": "Feature", "properties": { "mean_susceptibility": 0.7390879103290624, "mean_effective_drainage_score": 0.34771977582265601, "building_count": 6.0, "area_name": "Lekki Phase I", "rain_mm_yesterday": 9.0, "forecast_rain_mm_today": 0.1, "forecast_rain_mm_tomorrow": 3.0, "et0_mm_yesterday": 2.98, "et0_mm_today": 4.44, "et0_mm_tomorrow": 4.28, "rolling_2day_rain_mm_today": 0.66063458768273253, "dynamic_risk_score_today": 0.22856211161534024, "risk_tier_today": "Low", "rolling_2day_rain_mm_tomorrow": 3.0, "dynamic_risk_score_tomorrow": 0.25276806533253926, "risk_tier_tomorrow": "Medium", "dynamic_risk_score": 0.22856211161534024, "risk_tier": "Low", "construction_typology": "planned_estate", "wall_thickness_mm": 225, "wall_fkx_n_mm2": 0.9, "critical_failure_depth_m": 2.0207359550794606, "critical_failure_depth_free_m": 1.6684486546845776, "fos_at_0_3m": 185.66470439703539, "fos_at_0_45m": 57.211617333804192, "fos_at_0_9m": 8.0799618884357649, "fos_at_1_5m": 2.0772027003635105, "estimated_depth_m_today": 0.34284316742301035, "estimated_depth_m_tomorrow": 0.37915209799880889, "live_flexural_fos": 125.78790740799133, "live_flexural_fos_tomorrow": 93.885791901601323, "margin_to_failure_m": 1.6778927876564502, "margin_to_failure_m_tomorrow": 1.6415838570806516 }, "geometry": { "type": "Polygon", "coordinates": [ [ [ 3.488586288166452, 6.458940690694923 ], [ 3.479542842788182, 6.458949287929648 ], [ 3.479546385558535, 6.462711944805887 ], [ 3.486556053000186, 6.461813926000104 ], [ 3.488589540552731, 6.462331105543083 ], [ 3.488586288166452, 6.458940690694923 ] ] ] } },
{ "type": "Feature", "properties": { "mean_susceptibility": 0.63289197591112956, "mean_effective_drainage_score": 0.21351979738678659, "building_count": 85.0, "area_name": "Banana Island", "rain_mm_yesterday": 9.0, "forecast_rain_mm_today": 0.1, "forecast_rain_mm_tomorrow": 3.0, "et0_mm_yesterday": 2.98, "et0_mm_today": 4.44, "et0_mm_tomorrow": 4.28, "rolling_2day_rain_mm_today": 0.1, "dynamic_risk_score_today": 0.19075364153961449, "risk_tier_today": "Low", "rolling_2day_rain_mm_tomorrow": 3.0, "dynamic_risk_score_tomorrow": 0.21644905576160633, "risk_tier_tomorrow": "Low", "dynamic_risk_score": 0.19075364153961449, "risk_tier": "Low", "construction_typology": "planned_estate", "wall_thickness_mm": 225, "wall_fkx_n_mm2": 0.9, "critical_failure_depth_m": 2.0207359550794606, "critical_failure_depth_free_m": 1.6684486546845776, "fos_at_0_3m": 185.66470439703539, "fos_at_0_45m": 57.211617333804192, "fos_at_0_9m": 8.0799618884357649, "fos_at_1_5m": 2.0772027003635105, "estimated_depth_m_today": 0.28613046230942174, "estimated_depth_m_tomorrow": 0.3246735836424095, "live_flexural_fos": 213.22680983090305, "live_flexural_fos_tomorrow": 147.41176135788189, "margin_to_failure_m": 1.7346054927700387, "margin_to_failure_m_tomorrow": 1.6960623714370511 }, "geometry": { "type": "Polygon", "coordinates": [ [ [ 3.470499385233182, 6.458957724562756 ], [ 3.461455915731066, 6.458966000593202 ], [ 3.461463830108148, 6.46769761671465 ], [ 3.461508036000056, 6.467766763000157 ], [ 3.462239723742409, 6.468011163272822 ], [ 3.467883596385725, 6.468006001403176 ], [ 3.47050630824068, 6.466449531626807 ], [ 3.470499385233182, 6.458957724562756 ] ] ] } },
{ "type": "Feature", "properties": { "mean_susceptibility": 0.32385018320064057, "mean_effective_drainage_score": 0.43658005247121207, "building_count": 47.0, "area_name": "Okun-Ajah", "rain_mm_yesterday": 11.0, "forecast_rain_mm_today": 0.2, "forecast_rain_mm_tomorrow": 1.7, "et0_mm_yesterday": 3.21, "et0_mm_today": 4.41, "et0_mm_tomorrow": 4.32, "rolling_2day_rain_mm_today": 2.0016664040283327, "dynamic_risk_score_today": 0.10623041540330813, "risk_tier_today": "Low", "rolling_2day_rain_mm_tomorrow": 1.7, "dynamic_risk_score_tomorrow": 0.10486268932036746, "risk_tier_tomorrow": "Low", "dynamic_risk_score": 0.10623041540330813, "risk_tier": "Low", "construction_typology": "informal_older_stock", "wall_thickness_mm": 150, "wall_fkx_n_mm2": 0.6, "critical_failure_depth_m": 1.2440258247398457, "critical_failure_depth_free_m": 1.1122991031230518, "fos_at_0_3m": 55.011764265788258, "fos_at_0_45m": 16.951590321127167, "fos_at_0_9m": 2.3940627817587448, "fos_at_1_5m": 0.61546746677437347, "estimated_depth_m_today": 0.1593456231049622, "estimated_depth_m_tomorrow": 0.1572940339805512, "live_flexural_fos": 354.08517198976381, "live_flexural_fos_tomorrow": 367.92938233136306, "margin_to_failure_m": 1.0846802016348835, "margin_to_failure_m_tomorrow": 1.0867317907592944 }, "geometry": { "type": "Polygon", "coordinates": [ [ [ 3.606117647606963, 6.431677334175014 ], [ 3.615160417811321, 6.431666534577301 ], [ 3.615151572911931, 6.424305918610818 ], [ 3.614583969000138, 6.424305916000151 ], [ 3.614583969000138, 6.424583912000059 ], [ 3.613749980000137, 6.424583912000059 ], [ 3.613749980000136, 6.424861907000036 ], [ 3.612915993000114, 6.424861907000035 ], [ 3.612915993000115, 6.424583912000059 ], [ 3.61069393200006, 6.424583912000059 ], [ 3.610693932000061, 6.42430591600015 ], [ 3.609584093000137, 6.424305916000149 ], [ 3.609584093000137, 6.424583912000059 ], [ 3.607362031000151, 6.424583912000058 ], [ 3.607362031000151, 6.42430591600015 ], [ 3.606805087000055, 6.424305916000151 ], [ 3.606805087000055, 6.424027921000117 ], [ 3.606527089000167, 6.424027921000118 ], [ 3.606527089000167, 6.424305916000149 ], [ 3.606249094000133, 6.42430591600015 ], [ 3.606249094000134, 6.424027921000117 ], [ 3.606108590996702, 6.424027921018988 ], [ 3.606117647606963, 6.431677334175014 ] ] ] } },
{ "type": "Feature", "properties": { "mean_susceptibility": 0.34555610166724093, "mean_effective_drainage_score": 0.41259935479645266, "building_count": 140.0, "area_name": "Okun-Ajah", "rain_mm_yesterday": 11.0, "forecast_rain_mm_today": 0.2, "forecast_rain_mm_tomorrow": 1.7, "et0_mm_yesterday": 3.21, "et0_mm_today": 4.41, "et0_mm_tomorrow": 4.32, "rolling_2day_rain_mm_today": 1.8170150319326852, "dynamic_risk_score_today": 0.11245715933564837, "risk_tier_today": "Low", "rolling_2day_rain_mm_tomorrow": 1.7, "dynamic_risk_score_tomorrow": 0.11189106571985263, "risk_tier_tomorrow": "Low", "dynamic_risk_score": 0.11245715933564837, "risk_tier": "Low", "construction_typology": "informal_older_stock", "wall_thickness_mm": 150, "wall_fkx_n_mm2": 0.6, "critical_failure_depth_m": 1.2440258247398457, "critical_failure_depth_free_m": 1.1122991031230518, "fos_at_0_3m": 55.011764265788258, "fos_at_0_45m": 16.951590321127167, "fos_at_0_9m": 2.3940627817587448, "fos_at_1_5m": 0.61546746677437347, "estimated_depth_m_today": 0.16868573900347256, "estimated_depth_m_tomorrow": 0.16783659857977895, "live_flexural_fos": 299.17609808874704, "live_flexural_fos_tomorrow": 303.6742395215648, "margin_to_failure_m": 1.0753400857363731, "margin_to_failure_m_tomorrow": 1.0761892261600667 }, "geometry": { "type": "Polygon", "coordinates": [ [ [ 3.597074862015494, 6.431687973868045 ], [ 3.606117647606963, 6.431677334175014 ], [ 3.606108590996702, 6.424027921018988 ], [ 3.605971098000055, 6.424027921000118 ], [ 3.605971098000055, 6.42430591600015 ], [ 3.603194953000127, 6.42430591600015 ], [ 3.603194953000127, 6.424027921000117 ], [ 3.60291695500007, 6.424027921000118 ], [ 3.602916955000069, 6.424305916000149 ], [ 3.602082968000047, 6.42430591600015 ], [ 3.602082968000047, 6.42458391200006 ], [ 3.597066576216865, 6.424583925537737 ], [ 3.597074862015494, 6.431687973868045 ] ] ] } },
{ "type": "Feature", "properties": { "mean_susceptibility": 0.4906616406976716, "mean_effective_drainage_score": 0.80967365941620206, "building_count": 96.0, "area_name": "Ogombo", "rain_mm_yesterday": 11.0, "forecast_rain_mm_today": 0.2, "forecast_rain_mm_tomorrow": 1.7, "et0_mm_yesterday": 3.21, "et0_mm_today": 4.41, "et0_mm_tomorrow": 4.32, "rolling_2day_rain_mm_today": 4.874487177504756, "dynamic_risk_score_today": 0.18068262647434086, "risk_tier_today": "Low", "rolling_2day_rain_mm_tomorrow": 1.7, "dynamic_risk_score_tomorrow": 0.15887623925790606, "risk_tier_tomorrow": "Low", "dynamic_risk_score": 0.18068262647434086, "risk_tier": "Low", "construction_typology": "informal_older_stock", "wall_thickness_mm": 150, "wall_fkx_n_mm2": 0.6, "critical_failure_depth_m": 1.2440258247398457, "critical_failure_depth_free_m": 1.1122991031230518, "fos_at_0_3m": 55.011764265788258, "fos_at_0_45m": 16.951590321127167, "fos_at_0_9m": 2.3940627817587448, "fos_at_1_5m": 0.61546746677437347, "estimated_depth_m_today": 0.27102393971151129, "estimated_depth_m_tomorrow": 0.23831435888685909, "live_flexural_fos": 74.052930394925639, "live_flexural_fos_tomorrow": 108.00769851785448, "margin_to_failure_m": 0.9730018850283344, "margin_to_failure_m_tomorrow": 1.0057114658529867 }, "geometry": { "type": "Polygon", "coordinates": [ [ [ 3.615160417811321, 6.431666534577301 ], [ 3.623469864390389, 6.431656469778272 ], [ 3.622832000000186, 6.429780000000109 ], [ 3.621262063000017, 6.424862000000133 ], [ 3.62126206339758, 6.424862000000132 ], [ 3.621262062333358, 6.424861996666777 ], [ 3.619307041000127, 6.424861907000034 ], [ 3.619307041000127, 6.424583912000058 ], [ 3.61985993400009, 6.424583912000058 ], [ 3.61985993400009, 6.424305916000148 ], [ 3.615151572911931, 6.424305918610818 ], [ 3.615160417811321, 6.431666534577301 ] ] ] } },
{ "type": "Feature", "properties": { "mean_susceptibility": 0.41949282906439939, "mean_effective_drainage_score": 0.41966522484624147, "building_count": 267.0, "area_name": "Okun-Ajah", "rain_mm_yesterday": 11.0, "forecast_rain_mm_today": 0.2, "forecast_rain_mm_tomorrow": 1.7, "et0_mm_yesterday": 3.21, "et0_mm_today": 4.41, "et0_mm_tomorrow": 4.32, "rolling_2day_rain_mm_today": 1.8714222313160584, "dynamic_risk_score_today": 0.13683852360596283, "risk_tier_today": "Low", "rolling_2day_rain_mm_tomorrow": 1.7, "dynamic_risk_score_tomorrow": 0.13583177805105251, "risk_tier_tomorrow": "Low", "dynamic_risk_score": 0.13683852360596283, "risk_tier": "Low", "construction_typology": "informal_older_stock", "wall_thickness_mm": 150, "wall_fkx_n_mm2": 0.6, "critical_failure_depth_m": 1.2440258247398457, "critical_failure_depth_free_m": 1.1122991031230518, "fos_at_0_3m": 55.011764265788258, "fos_at_0_45m": 16.951590321127167, "fos_at_0_9m": 2.3940627817587448, "fos_at_1_5m": 0.61546746677437347, "estimated_depth_m_today": 0.20525778540894424, "estimated_depth_m_tomorrow": 0.20374766707657876, "live_flexural_fos": 167.6186075948082, "live_flexural_fos_tomorrow": 171.30705646117156, "margin_to_failure_m": 1.0387680393309013, "margin_to_failure_m_tomorrow": 1.0402781576632669 }, "geometry": { "type": "Polygon", "coordinates": [ [ [ 3.588032061266445, 6.431698453655078 ], [ 3.597074862015494, 6.431687973868045 ], [ 3.597066576216865, 6.424583925537737 ], [ 3.594304083999988, 6.424583912000058 ], [ 3.594304083999988, 6.42430591600015 ], [ 3.593750953000153, 6.42430591600015 ], [ 3.593750953000152, 6.42458391200006 ], [ 3.592916011000171, 6.424583912000058 ], [ 3.592916011000169, 6.424305916000151 ], [ 3.588023569769689, 6.424305920490304 ], [ 3.588032061266445, 6.431698453655078 ] ] ] } },
{ "type": "Feature", "properties": { "mean_susceptibility": 0.38761742371710806, "mean_effective_drainage_score": 0.24991706822066598, "building_count": 4.0, "area_name": "Okun-Ajah", "rain_mm_yesterday": 11.0, "forecast_rain_mm_today": 0.2, "forecast_rain_mm_tomorrow": 1.7, "et0_mm_yesterday": 3.21, "et0_mm_today": 4.41, "et0_mm_tomorrow": 4.32, "rolling_2day_rain_mm_today": 0.56436142529912803, "dynamic_risk_score_today": 0.11934781561920904, "risk_tier_today": "Low", "rolling_2day_rain_mm_tomorrow": 1.7, "dynamic_risk_score_tomorrow": 0.12551052179959954, "risk_tier_tomorrow": "Low", "dynamic_risk_score": 0.11934781561920904, "risk_tier": "Low", "construction_typology": "informal_older_stock", "wall_thickness_mm": 150, "wall_fkx_n_mm2": 0.6, "critical_failure_depth_m": 1.2440258247398457, "critical_failure_depth_free_m": 1.1122991031230518, "fos_at_0_3m": 55.011764265788258, "fos_at_0_45m": 16.951590321127167, "fos_at_0_9m": 2.3940627817587448, "fos_at_1_5m": 0.61546746677437347, "estimated_depth_m_today": 0.17902172342881356, "estimated_depth_m_tomorrow": 0.18826578269939931, "live_flexural_fos": 250.95173643037862, "live_flexural_fos_tomorrow": 216.28122409394015, "margin_to_failure_m": 1.0650041013110321, "margin_to_failure_m_tomorrow": 1.0557600420404465 }, "geometry": { "type": "Polygon", "coordinates": [ [ [ 3.588032061266445, 6.431698453655078 ], [ 3.588042465246335, 6.440744146227416 ], [ 3.597085425965569, 6.440733651581492 ], [ 3.597074862015494, 6.431687973868045 ], [ 3.588032061266445, 6.431698453655078 ] ] ] } },
{ "type": "Feature", "properties": { "mean_susceptibility": 0.61674775898748269, "mean_effective_drainage_score": 0.87832632000836119, "building_count": 27.0, "area_name": "Ogombo", "rain_mm_yesterday": 11.0, "forecast_rain_mm_today": 0.2, "forecast_rain_mm_tomorrow": 1.7, "et0_mm_yesterday": 3.21, "et0_mm_today": 4.41, "et0_mm_tomorrow": 4.32, "rolling_2day_rain_mm_today": 5.4031126640643805, "dynamic_risk_score_today": 0.23167733447590511, "risk_tier_today": "Low", "rolling_2day_rain_mm_tomorrow": 1.7, "dynamic_risk_score_tomorrow": 0.19970292436014692, "risk_tier_tomorrow": "Low", "dynamic_risk_score": 0.23167733447590511, "risk_tier": "Low", "construction_typology": "informal_older_stock", "wall_thickness_mm": 150, "wall_fkx_n_mm2": 0.6, "critical_failure_depth_m": 1.2440258247398457, "critical_failure_depth_free_m": 1.1122991031230518, "fos_at_0_3m": 55.011764265788258, "fos_at_0_45m": 16.951590321127167, "fos_at_0_9m": 2.3940627817587448, "fos_at_1_5m": 0.61546746677437347, "estimated_depth_m_today": 0.34751600171385766, "estimated_depth_m_tomorrow": 0.29955438654022037, "live_flexural_fos": 35.830737681898718, "live_flexural_fos_tomorrow": 55.251256219930973, "margin_to_failure_m": 0.89650982302598803, "margin_to_failure_m_tomorrow": 0.94447143819962531 }, "geometry": { "type": "Polygon", "coordinates": [ [ [ 3.615171301697784, 6.440712181892792 ], [ 3.615182201202244, 6.449757825992734 ], [ 3.624225275951838, 6.449746835413039 ], [ 3.62421421625167, 6.440701206852681 ], [ 3.615171301697784, 6.440712181892792 ] ] ] } },
{ "type": "Feature", "properties": { "mean_susceptibility": 0.59180387099150944, "mean_effective_drainage_score": 0.66497150928004611, "building_count": 75.0, "area_name": "Ogombo", "rain_mm_yesterday": 11.0, "forecast_rain_mm_today": 0.2, "forecast_rain_mm_tomorrow": 1.7, "et0_mm_yesterday": 3.21, "et0_mm_today": 4.41, "et0_mm_tomorrow": 4.32, "rolling_2day_rain_mm_today": 3.7602806214563547, "dynamic_risk_score_today": 0.20869604208654402, "risk_tier_today": "Low", "rolling_2day_rain_mm_tomorrow": 1.7, "dynamic_risk_score_tomorrow": 0.19162609342705073, "risk_tier_tomorrow": "Low", "dynamic_risk_score": 0.20869604208654402, "risk_tier": "Low", "construction_typology": "informal_older_stock", "wall_thickness_mm": 150, "wall_fkx_n_mm2": 0.6, "critical_failure_depth_m": 1.2440258247398457, "critical_failure_depth_free_m": 1.1122991031230518, "fos_at_0_3m": 55.011764265788258, "fos_at_0_45m": 16.951590321127167, "fos_at_0_9m": 2.3940627817587448, "fos_at_1_5m": 0.61546746677437347, "estimated_depth_m_today": 0.31304406312981603, "estimated_depth_m_tomorrow": 0.28743914014057609, "live_flexural_fos": 48.581567354209383, "live_flexural_fos_tomorrow": 62.340402040146337, "margin_to_failure_m": 0.93098176161002966, "margin_to_failure_m_tomorrow": 0.95658668459926965 }, "geometry": { "type": "Polygon", "coordinates": [ [ [ 3.597085425965569, 6.440733651581492 ], [ 3.597096005074545, 6.449779326080417 ], [ 3.606139110833292, 6.449768656215642 ], [ 3.606128371525902, 6.440722996802842 ], [ 3.597085425965569, 6.440733651581492 ] ] ] } },
{ "type": "Feature", "properties": { "mean_susceptibility": 0.63997962534168862, "mean_effective_drainage_score": 0.73502093072049102, "building_count": 269.0, "area_name": "Ogombo", "rain_mm_yesterday": 11.0, "forecast_rain_mm_today": 0.2, "forecast_rain_mm_tomorrow": 1.7, "et0_mm_yesterday": 3.21, "et0_mm_today": 4.41, "et0_mm_tomorrow": 4.32, "rolling_2day_rain_mm_today": 4.2996611665477813, "dynamic_risk_score_today": 0.23051762519699492, "risk_tier_today": "Low", "rolling_2day_rain_mm_tomorrow": 1.7, "dynamic_risk_score_tomorrow": 0.20722540268563883, "risk_tier_tomorrow": "Low", "dynamic_risk_score": 0.23051762519699492, "risk_tier": "Low", "construction_typology": "informal_older_stock", "wall_thickness_mm": 150, "wall_fkx_n_mm2": 0.6, "critical_failure_depth_m": 1.2440258247398457, "critical_failure_depth_free_m": 1.1122991031230518, "fos_at_0_3m": 55.011764265788258, "fos_at_0_45m": 16.951590321127167, "fos_at_0_9m": 2.3940627817587448, "fos_at_1_5m": 0.61546746677437347, "estimated_depth_m_today": 0.34577643779549239, "estimated_depth_m_tomorrow": 0.31083810402845824, "live_flexural_fos": 36.357765173186245, "live_flexural_fos_tomorrow": 49.594858791383913, "margin_to_failure_m": 0.8982493869443533, "margin_to_failure_m_tomorrow": 0.93318772071138745 }, "geometry": { "type": "Polygon", "coordinates": [ [ [ 3.606128371525902, 6.440722996802842 ], [ 3.606139110833292, 6.449768656215642 ], [ 3.615182201202244, 6.449757825992734 ], [ 3.615171301697784, 6.440712181892792 ], [ 3.606128371525902, 6.440722996802842 ] ] ] } },
{ "type": "Feature", "properties": { "mean_susceptibility": 0.63620585492471848, "mean_effective_drainage_score": 0.90282926441817002, "building_count": 260.0, "area_name": "Ogombo", "rain_mm_yesterday": 11.0, "forecast_rain_mm_today": 0.2, "forecast_rain_mm_tomorrow": 1.7, "et0_mm_yesterday": 3.21, "et0_mm_today": 4.41, "et0_mm_tomorrow": 4.32, "rolling_2day_rain_mm_today": 5.5917853360199086, "dynamic_risk_score_today": 0.24066712846102822, "risk_tier_today": "Low", "rolling_2day_rain_mm_tomorrow": 1.7, "dynamic_risk_score_tomorrow": 0.20600345582462387, "risk_tier_tomorrow": "Low", "dynamic_risk_score": 0.24066712846102822, "risk_tier": "Low", "construction_typology": "informal_older_stock", "wall_thickness_mm": 150, "wall_fkx_n_mm2": 0.6, "critical_failure_depth_m": 1.2440258247398457, "critical_failure_depth_free_m": 1.1122991031230518, "fos_at_0_3m": 55.011764265788258, "fos_at_0_45m": 16.951590321127167, "fos_at_0_9m": 2.3940627817587448, "fos_at_1_5m": 0.61546746677437347, "estimated_depth_m_today": 0.36100069269154234, "estimated_depth_m_tomorrow": 0.30900518373693581, "live_flexural_fos": 32.076208873154634, "live_flexural_fos_tomorrow": 50.458654814230357, "margin_to_failure_m": 0.88302513204830335, "margin_to_failure_m_tomorrow": 0.93502064100290982 }, "geometry": { "type": "Polygon", "coordinates": [ [ [ 3.615182201202244, 6.449757825992734 ], [ 3.615193116326064, 6.458803466872684 ], [ 3.62423635150093, 6.458792460752876 ], [ 3.624225275951838, 6.449746835413039 ], [ 3.615182201202244, 6.449757825992734 ] ] ] } },
{ "type": "Feature", "properties": { "mean_susceptibility": 0.45318342425290919, "mean_effective_drainage_score": 0.54629998480682318, "building_count": 218.0, "area_name": "Ogombo", "rain_mm_yesterday": 11.0, "forecast_rain_mm_today": 0.2, "forecast_rain_mm_tomorrow": 1.7, "et0_mm_yesterday": 3.21, "et0_mm_today": 4.41, "et0_mm_tomorrow": 4.32, "rolling_2day_rain_mm_today": 2.8465098830125388, "dynamic_risk_score_today": 0.15401490261921991, "risk_tier_today": "Low", "rolling_2day_rain_mm_tomorrow": 1.7, "dynamic_risk_score_tomorrow": 0.14674079277309193, "risk_tier_tomorrow": "Low", "dynamic_risk_score": 0.15401490261921991, "risk_tier": "Low", "construction_typology": "informal_older_stock", "wall_thickness_mm": 150, "wall_fkx_n_mm2": 0.6, "critical_failure_depth_m": 1.2440258247398457, "critical_failure_depth_free_m": 1.1122991031230518, "fos_at_0_3m": 55.011764265788258, "fos_at_0_45m": 16.951590321127167, "fos_at_0_9m": 2.3940627817587448, "fos_at_1_5m": 0.61546746677437347, "estimated_depth_m_today": 0.23102235392882986, "estimated_depth_m_tomorrow": 0.2201111891596379, "live_flexural_fos": 118.33940361435192, "live_flexural_fos_tomorrow": 136.44210768972812, "margin_to_failure_m": 1.0130034708110158, "margin_to_failure_m_tomorrow": 1.0239146355802078 }, "geometry": { "type": "Polygon", "coordinates": [ [ [ 3.624225275951838, 6.449746835413039 ], [ 3.62423635150093, 6.458792460752876 ], [ 3.633279570825488, 6.458781294050909 ], [ 3.633270741007566, 6.451673868705647 ], [ 3.632405001000051, 6.451046999000139 ], [ 3.63059486169179, 6.449738997817573 ], [ 3.624225275951838, 6.449746835413039 ] ] ] } },
{ "type": "Feature", "properties": { "mean_susceptibility": 0.67798139635683097, "mean_effective_drainage_score": 0.96149604393933608, "building_count": 445.0, "area_name": "Ogombo", "rain_mm_yesterday": 11.0, "forecast_rain_mm_today": 0.2, "forecast_rain_mm_tomorrow": 1.7, "et0_mm_yesterday": 3.21, "et0_mm_today": 4.41, "et0_mm_tomorrow": 4.32, "rolling_2day_rain_mm_today": 6.0435195383328875, "dynamic_risk_score_today": 0.26075793232417133, "risk_tier_today": "Medium", "rolling_2day_rain_mm_tomorrow": 1.7, "dynamic_risk_score_tomorrow": 0.21953037614034188, "risk_tier_tomorrow": "Low", "dynamic_risk_score": 0.26075793232417133, "risk_tier": "Medium", "construction_typology": "informal_older_stock", "wall_thickness_mm": 150, "wall_fkx_n_mm2": 0.6, "critical_failure_depth_m": 1.2440258247398457, "critical_failure_depth_free_m": 1.1122991031230518, "fos_at_0_3m": 55.011764265788258, "fos_at_0_45m": 16.951590321127167, "fos_at_0_9m": 2.3940627817587448, "fos_at_1_5m": 0.61546746677437347, "estimated_depth_m_today": 0.39113689848625699, "estimated_depth_m_tomorrow": 0.32929556421051281, "live_flexural_fos": 25.41805582902651, "live_flexural_fos_tomorrow": 41.914398803204989, "margin_to_failure_m": 0.8528889262535887, "margin_to_failure_m_tomorrow": 0.91473026052933282 }, "geometry": { "type": "Polygon", "coordinates": [ [ [ 3.606139110833292, 6.449768656215642 ], [ 3.606149865530474, 6.458814312408969 ], [ 3.615193116326064, 6.458803466872684 ], [ 3.615182201202244, 6.449757825992734 ], [ 3.606139110833292, 6.449768656215642 ] ] ] } },
{ "type": "Feature", "properties": { "mean_susceptibility": 0.56612031357090375, "mean_effective_drainage_score": 0.8658397660374143, "building_count": 228.0, "area_name": "Ogombo", "rain_mm_yesterday": 11.0, "forecast_rain_mm_today": 0.2, "forecast_rain_mm_tomorrow": 1.7, "et0_mm_yesterday": 3.21, "et0_mm_today": 4.41, "et0_mm_tomorrow": 4.32, "rolling_2day_rain_mm_today": 5.3069661984880909, "dynamic_risk_score_today": 0.2118974332288468, "risk_tier_today": "Low", "rolling_2day_rain_mm_tomorrow": 1.7, "dynamic_risk_score_tomorrow": 0.1833097575342586, "risk_tier_tomorrow": "Low", "dynamic_risk_score": 0.2118974332288468, "risk_tier": "Low", "construction_typology": "informal_older_stock", "wall_thickness_mm": 150, "wall_fkx_n_mm2": 0.6, "critical_failure_depth_m": 1.2440258247398457, "critical_failure_depth_free_m": 1.1122991031230518, "fos_at_0_3m": 55.011764265788258, "fos_at_0_45m": 16.951590321127167, "fos_at_0_9m": 2.3940627817587448, "fos_at_1_5m": 0.61546746677437347, "estimated_depth_m_today": 0.3178461498432702, "estimated_depth_m_tomorrow": 0.2749646363013879, "live_flexural_fos": 46.470603043380585, "live_flexural_fos_tomorrow": 70.986632887903767, "margin_to_failure_m": 0.92617967489657549, "margin_to_failure_m_tomorrow": 0.96906118843845779 }, "geometry": { "type": "Polygon", "coordinates": [ [ [ 3.597096005074545, 6.449779326080417 ], [ 3.597106599343747, 6.458824997360384 ], [ 3.606149865530474, 6.458814312408969 ], [ 3.606139110833292, 6.449768656215642 ], [ 3.597096005074545, 6.449779326080417 ] ] ] } },
{ "type": "Feature", "properties": { "mean_susceptibility": 0.35689296209817351, "mean_effective_drainage_score": 0.4208194638779833, "building_count": 110.0, "area_name": "Sangotedo", "rain_mm_yesterday": 11.0, "forecast_rain_mm_today": 0.2, "forecast_rain_mm_tomorrow": 1.7, "et0_mm_yesterday": 3.21, "et0_mm_today": 4.41, "et0_mm_tomorrow": 4.32, "rolling_2day_rain_mm_today": 1.8803098718604712, "dynamic_risk_score_today": 0.11646285966708214, "risk_tier_today": "Low", "rolling_2day_rain_mm_tomorrow": 1.7, "dynamic_risk_score_tomorrow": 0.1155619411273886, "risk_tier_tomorrow": "Low", "dynamic_risk_score": 0.11646285966708214, "risk_tier": "Low", "construction_typology": "informal_older_stock", "wall_thickness_mm": 150, "wall_fkx_n_mm2": 0.6, "critical_failure_depth_m": 1.2440258247398457, "critical_failure_depth_free_m": 1.1122991031230518, "fos_at_0_3m": 55.011764265788258, "fos_at_0_45m": 16.951590321127167, "fos_at_0_9m": 2.3940627817587448, "fos_at_1_5m": 0.61546746677437347, "estimated_depth_m_today": 0.17469428950062321, "estimated_depth_m_tomorrow": 0.1733429116910829, "live_flexural_fos": 269.76869649926419, "live_flexural_fos_tomorrow": 276.03214402353507, "margin_to_failure_m": 1.0693315352392225, "margin_to_failure_m_tomorrow": 1.0706829130487627 }, "geometry": { "type": "Polygon", "coordinates": [ [ [ 3.633279570825488, 6.458781294050909 ], [ 3.638757450609535, 6.458774451777337 ], [ 3.636137962000134, 6.453750134000074 ], [ 3.633706258000188, 6.451989219000153 ], [ 3.633270741007566, 6.451673868705647 ], [ 3.633279570825488, 6.458781294050909 ] ] ] } },
{ "type": "Feature", "properties": { "mean_susceptibility": 0.43496009881114545, "mean_effective_drainage_score": 0.66790557679412632, "building_count": 180.0, "area_name": "Lekki Phase II", "rain_mm_yesterday": 11.0, "forecast_rain_mm_today": 0.2, "forecast_rain_mm_tomorrow": 1.7, "et0_mm_yesterday": 3.21, "et0_mm_today": 4.41, "et0_mm_tomorrow": 4.32, "rolling_2day_rain_mm_today": 3.7828729413147721, "dynamic_risk_score_today": 0.15352361268016357, "risk_tier_today": "Low", "rolling_2day_rain_mm_tomorrow": 1.7, "dynamic_risk_score_tomorrow": 0.14084007999504888, "risk_tier_tomorrow": "Low", "dynamic_risk_score": 0.15352361268016357, "risk_tier": "Low", "construction_typology": "planned_estate", "wall_thickness_mm": 225, "wall_fkx_n_mm2": 0.9, "critical_failure_depth_m": 2.0207359550794606, "critical_failure_depth_free_m": 1.6684486546845776, "fos_at_0_3m": 185.66470439703539, "fos_at_0_45m": 57.211617333804192, "fos_at_0_9m": 8.0799618884357649, "fos_at_1_5m": 2.0772027003635105, "estimated_depth_m_today": 0.23028541902024535, "estimated_depth_m_tomorrow": 0.21126011999257333, "live_flexural_fos": 403.16574612807011, "live_flexural_fos_tomorrow": 519.6491793374131, "margin_to_failure_m": 1.7904505360592151, "margin_to_failure_m_tomorrow": 1.8094758350868871 }, "geometry": { "type": "Polygon", "coordinates": [ [ [ 3.588052884155576, 6.449789835585736 ], [ 3.588063317995471, 6.458835521725604 ], [ 3.597106599343747, 6.458824997360384 ], [ 3.597096005074545, 6.449779326080417 ], [ 3.588052884155576, 6.449789835585736 ] ] ] } },
{ "type": "Feature", "properties": { "mean_susceptibility": 0.50544910085771821, "mean_effective_drainage_score": 0.98464723967437151, "building_count": 292.0, "area_name": "Ogombo", "rain_mm_yesterday": 11.0, "forecast_rain_mm_today": 0.2, "forecast_rain_mm_tomorrow": 1.7, "et0_mm_yesterday": 3.21, "et0_mm_today": 4.41, "et0_mm_tomorrow": 4.32, "rolling_2day_rain_mm_today": 6.2217837454926599, "dynamic_risk_score_today": 0.19566186025578147, "risk_tier_today": "Low", "rolling_2day_rain_mm_tomorrow": 1.7, "dynamic_risk_score_tomorrow": 0.1636644188577292, "risk_tier_tomorrow": "Low", "dynamic_risk_score": 0.19566186025578147, "risk_tier": "Low", "construction_typology": "informal_older_stock", "wall_thickness_mm": 150, "wall_fkx_n_mm2": 0.6, "critical_failure_depth_m": 1.2440258247398457, "critical_failure_depth_free_m": 1.1122991031230518, "fos_at_0_3m": 55.011764265788258, "fos_at_0_45m": 16.951590321127167, "fos_at_0_9m": 2.3940627817587448, "fos_at_1_5m": 0.61546746677437347, "estimated_depth_m_today": 0.29349279038367221, "estimated_depth_m_tomorrow": 0.2454966282865938, "live_flexural_fos": 58.653678520335198, "live_flexural_fos_tomorrow": 98.985400324423111, "margin_to_failure_m": 0.95053303435617353, "margin_to_failure_m_tomorrow": 0.99852919645325189 }, "geometry": { "type": "Polygon", "coordinates": [ [ [ 3.615193116326064, 6.458803466872684 ], [ 3.615204047070608, 6.467849104528208 ], [ 3.624247442900331, 6.46783808286776 ], [ 3.62423635150093, 6.458792460752876 ], [ 3.615193116326064, 6.458803466872684 ] ] ] } },
{ "type": "Feature", "properties": { "mean_susceptibility": 0.45367219388907515, "mean_effective_drainage_score": 0.85075927478480318, "building_count": 480.0, "area_name": "Sangotedo", "rain_mm_yesterday": 11.0, "forecast_rain_mm_today": 0.2, "forecast_rain_mm_tomorrow": 1.7, "et0_mm_yesterday": 3.2, "et0_mm_today": 4.41, "et0_mm_tomorrow": 4.32, "rolling_2day_rain_mm_today": 5.2008464158429852, "dynamic_risk_score_today": 0.16913436981650121, "risk_tier_today": "Low", "rolling_2day_rain_mm_tomorrow": 1.7, "dynamic_risk_score_tomorrow": 0.14689905638128253, "risk_tier_tomorrow": "Low", "dynamic_risk_score": 0.16913436981650121, "risk_tier": "Low", "construction_typology": "informal_older_stock", "wall_thickness_mm": 150, "wall_fkx_n_mm2": 0.6, "critical_failure_depth_m": 1.2440258247398457, "critical_failure_depth_free_m": 1.1122991031230518, "fos_at_0_3m": 55.011764265788258, "fos_at_0_45m": 16.951590321127167, "fos_at_0_9m": 2.3940627817587448, "fos_at_1_5m": 0.61546746677437347, "estimated_depth_m_today": 0.25370155472475181, "estimated_depth_m_tomorrow": 0.2203485845719238, "live_flexural_fos": 89.878505710540324, "live_flexural_fos_tomorrow": 136.00987376652424, "margin_to_failure_m": 0.99032427001509382, "margin_to_failure_m_tomorrow": 1.0236772401679219 }, "geometry": { "type": "Polygon", "coordinates": [ [ [ 3.62423635150093, 6.458792460752876 ], [ 3.624247442900331, 6.46783808286776 ], [ 3.633290822878358, 6.467826900398411 ], [ 3.633279570825488, 6.458781294050909 ], [ 3.62423635150093, 6.458792460752876 ] ] ] } },
{ "type": "Feature", "properties": { "mean_susceptibility": 0.40330617891897214, "mean_effective_drainage_score": 0.76374851580195902, "building_count": 412.0, "area_name": "Lekki Phase II", "rain_mm_yesterday": 11.0, "forecast_rain_mm_today": 0.2, "forecast_rain_mm_tomorrow": 1.7, "et0_mm_yesterday": 3.21, "et0_mm_today": 4.41, "et0_mm_tomorrow": 4.32, "rolling_2day_rain_mm_today": 4.5208635716750836, "dynamic_risk_score_today": 0.14651794465077916, "risk_tier_today": "Low", "rolling_2day_rain_mm_tomorrow": 1.7, "dynamic_risk_score_tomorrow": 0.13059054073396315, "risk_tier_tomorrow": "Low", "dynamic_risk_score": 0.14651794465077916, "risk_tier": "Low", "construction_typology": "planned_estate", "wall_thickness_mm": 225, "wall_fkx_n_mm2": 0.9, "critical_failure_depth_m": 2.0207359550794606, "critical_failure_depth_free_m": 1.6684486546845776, "fos_at_0_3m": 185.66470439703539, "fos_at_0_45m": 57.211617333804192, "fos_at_0_9m": 8.0799618884357649, "fos_at_1_5m": 2.0772027003635105, "estimated_depth_m_today": 0.21977691697616875, "estimated_depth_m_tomorrow": 0.19588581110094472, "live_flexural_fos": 462.55681048344735, "live_flexural_fos_tomorrow": 649.29805697748964, "margin_to_failure_m": 1.8009590381032918, "margin_to_failure_m_tomorrow": 1.8248501439785159 }, "geometry": { "type": "Polygon", "coordinates": [ [ [ 3.588063317995471, 6.458835521725604 ], [ 3.588073766767324, 6.467881204642582 ], [ 3.597117208774496, 6.467870665416958 ], [ 3.597106599343747, 6.458824997360384 ], [ 3.588063317995471, 6.458835521725604 ] ] ] } },
{ "type": "Feature", "properties": { "mean_susceptibility": 0.35373331141287723, "mean_effective_drainage_score": 0.85161488469350355, "building_count": 160.0, "area_name": "Ogombo", "rain_mm_yesterday": 11.0, "forecast_rain_mm_today": 0.2, "forecast_rain_mm_tomorrow": 1.7, "et0_mm_yesterday": 3.2, "et0_mm_today": 4.41, "et0_mm_tomorrow": 4.32, "rolling_2day_rain_mm_today": 5.207434612139977, "dynamic_risk_score_today": 0.13190859667431942, "risk_tier_today": "Low", "rolling_2day_rain_mm_tomorrow": 1.7, "dynamic_risk_score_tomorrow": 0.1145388462354896, "risk_tier_tomorrow": "Low", "dynamic_risk_score": 0.13190859667431942, "risk_tier": "Low", "construction_typology": "informal_older_stock", "wall_thickness_mm": 150, "wall_fkx_n_mm2": 0.6, "critical_failure_depth_m": 1.2440258247398457, "critical_failure_depth_free_m": 1.1122991031230518, "fos_at_0_3m": 55.011764265788258, "fos_at_0_45m": 16.951590321127167, "fos_at_0_9m": 2.3940627817587448, "fos_at_1_5m": 0.61546746677437347, "estimated_depth_m_today": 0.19786289501147913, "estimated_depth_m_tomorrow": 0.1718082693532344, "live_flexural_fos": 186.76946807473857, "live_flexural_fos_tomorrow": 283.38423847565736, "margin_to_failure_m": 1.0461629297283666, "margin_to_failure_m_tomorrow": 1.0722175553866113 }, "geometry": { "type": "Polygon", "coordinates": [ [ [ 3.597106599343747, 6.458824997360384 ], [ 3.597117208774496, 6.467870665416958 ], [ 3.606160635618794, 6.467859965378391 ], [ 3.606149865530474, 6.458814312408969 ], [ 3.597106599343747, 6.458824997360384 ] ] ] } },
{ "type": "Feature", "properties": { "mean_susceptibility": 0.40306203619892628, "mean_effective_drainage_score": 0.91357877259166309, "building_count": 300.0, "area_name": "Ogombo", "rain_mm_yesterday": 11.0, "forecast_rain_mm_today": 0.2, "forecast_rain_mm_tomorrow": 1.7, "et0_mm_yesterday": 3.21, "et0_mm_today": 4.41, "et0_mm_tomorrow": 4.32, "rolling_2day_rain_mm_today": 5.6745565489558061, "dynamic_risk_score_today": 0.15293938729975098, "risk_tier_today": "Low", "rolling_2day_rain_mm_tomorrow": 1.7, "dynamic_risk_score_tomorrow": 0.13051148732121232, "risk_tier_tomorrow": "Low", "dynamic_risk_score": 0.15293938729975098, "risk_tier": "Low", "construction_typology": "informal_older_stock", "wall_thickness_mm": 150, "wall_fkx_n_mm2": 0.6, "critical_failure_depth_m": 1.2440258247398457, "critical_failure_depth_free_m": 1.1122991031230518, "fos_at_0_3m": 55.011764265788258, "fos_at_0_45m": 16.951590321127167, "fos_at_0_9m": 2.3940627817587448, "fos_at_1_5m": 0.61546746677437347, "estimated_depth_m_today": 0.22940908094962648, "estimated_depth_m_tomorrow": 0.19576723098181847, "live_flexural_fos": 120.80352111118049, "live_flexural_fos_tomorrow": 192.72856801194212, "margin_to_failure_m": 1.0146167437902192, "margin_to_failure_m_tomorrow": 1.0482585937580273 }, "geometry": { "type": "Polygon", "coordinates": [ [ [ 3.606149865530474, 6.458814312408969 ], [ 3.606160635618794, 6.467859965378391 ], [ 3.615204047070608, 6.467849104528208 ], [ 3.615193116326064, 6.458803466872684 ], [ 3.606149865530474, 6.458814312408969 ] ] ] } },
{ "type": "Feature", "properties": { "mean_susceptibility": 0.2582131779716067, "mean_effective_drainage_score": 0.53211286737099195, "building_count": 238.0, "area_name": "Ogombo", "rain_mm_yesterday": 11.0, "forecast_rain_mm_today": 0.2, "forecast_rain_mm_tomorrow": 1.7, "et0_mm_yesterday": 3.21, "et0_mm_today": 4.41, "et0_mm_tomorrow": 4.32, "rolling_2day_rain_mm_today": 2.7372690787566381, "dynamic_risk_score_today": 0.087359138660530355, "risk_tier_today": "Low", "rolling_2day_rain_mm_tomorrow": 1.7, "dynamic_risk_score_tomorrow": 0.083609427027206196, "risk_tier_tomorrow": "Low", "dynamic_risk_score": 0.087359138660530355, "risk_tier": "Low", "construction_typology": "informal_older_stock", "wall_thickness_mm": 150, "wall_fkx_n_mm2": 0.6, "critical_failure_depth_m": 1.2440258247398457, "critical_failure_depth_free_m": 1.1122991031230518, "fos_at_0_3m": 55.011764265788258, "fos_at_0_45m": 16.951590321127167, "fos_at_0_9m": 2.3940627817587448, "fos_at_1_5m": 0.61546746677437347, "estimated_depth_m_today": 0.13103870799079553, "estimated_depth_m_tomorrow": 0.12541414054080929, "live_flexural_fos": 632.12516654674243, "live_flexural_fos_tomorrow": 720.01646379378224, "margin_to_failure_m": 1.1129871167490502, "margin_to_failure_m_tomorrow": 1.1186116841990363 }, "geometry": { "type": "Polygon", "coordinates": [ [ [ 3.597117208774496, 6.467870665416958 ], [ 3.597127833368122, 6.476916330245697 ], [ 3.606171421099598, 6.476905615119465 ], [ 3.606160635618794, 6.467859965378391 ], [ 3.597117208774496, 6.467870665416958 ] ] ] } },
{ "type": "Feature", "properties": { "mean_susceptibility": 0.39925118322597541, "mean_effective_drainage_score": 0.91807912869239472, "building_count": 538.0, "area_name": "Sangotedo", "rain_mm_yesterday": 11.0, "forecast_rain_mm_today": 0.2, "forecast_rain_mm_tomorrow": 1.7, "et0_mm_yesterday": 3.21, "et0_mm_today": 4.41, "et0_mm_tomorrow": 4.32, "rolling_2day_rain_mm_today": 5.7092092909314403, "dynamic_risk_score_today": 0.15168707487344013, "risk_tier_today": "Low", "rolling_2day_rain_mm_tomorrow": 1.7, "dynamic_risk_score_tomorrow": 0.12927753312857082, "risk_tier_tomorrow": "Low", "dynamic_risk_score": 0.15168707487344013, "risk_tier": "Low", "construction_typology": "informal_older_stock", "wall_thickness_mm": 150, "wall_fkx_n_mm2": 0.6, "critical_failure_depth_m": 1.2440258247398457, "critical_failure_depth_free_m": 1.1122991031230518, "fos_at_0_3m": 55.011764265788258, "fos_at_0_45m": 16.951590321127167, "fos_at_0_9m": 2.3940627817587448, "fos_at_1_5m": 0.61546746677437347, "estimated_depth_m_today": 0.2275306123101602, "estimated_depth_m_tomorrow": 0.19391629969285623, "live_flexural_fos": 123.76059170989282, "live_flexural_fos_tomorrow": 198.20632758093231, "margin_to_failure_m": 1.0164952124296855, "margin_to_failure_m_tomorrow": 1.0501095250469894 }, "geometry": { "type": "Polygon", "coordinates": [ [ [ 3.615204047070608, 6.467849104528208 ], [ 3.615214993437242, 6.476894738954864 ], [ 3.624258550151427, 6.476883701753244 ], [ 3.624247442900331, 6.46783808286776 ], [ 3.615204047070608, 6.467849104528208 ] ] ] } },
{ "type": "Feature", "properties": { "mean_susceptibility": 0.42352974347432565, "mean_effective_drainage_score": 0.99277008853988857, "building_count": 643.0, "area_name": "Sangotedo", "rain_mm_yesterday": 11.0, "forecast_rain_mm_today": 0.2, "forecast_rain_mm_tomorrow": 1.7, "et0_mm_yesterday": 3.21, "et0_mm_today": 4.41, "et0_mm_tomorrow": 4.32, "rolling_2day_rain_mm_today": 6.2843296817571428, "dynamic_risk_score_today": 0.1643213305746154, "risk_tier_today": "Low", "rolling_2day_rain_mm_tomorrow": 1.7, "dynamic_risk_score_tomorrow": 0.13713893093698659, "risk_tier_tomorrow": "Low", "dynamic_risk_score": 0.1643213305746154, "risk_tier": "Low", "construction_typology": "informal_older_stock", "wall_thickness_mm": 150, "wall_fkx_n_mm2": 0.6, "critical_failure_depth_m": 1.2440258247398457, "critical_failure_depth_free_m": 1.1122991031230518, "fos_at_0_3m": 55.011764265788258, "fos_at_0_45m": 16.951590321127167, "fos_at_0_9m": 2.3940627817587448, "fos_at_1_5m": 0.61546746677437347, "estimated_depth_m_today": 0.2464819958619231, "estimated_depth_m_tomorrow": 0.20570839640547989, "live_flexural_fos": 97.827796475423057, "live_flexural_fos_tomorrow": 166.5387163540658, "margin_to_failure_m": 0.99754382887792259, "margin_to_failure_m_tomorrow": 1.0383174283343659 }, "geometry": { "type": "Polygon", "coordinates": [ [ [ 3.624247442900331, 6.46783808286776 ], [ 3.624258550151427, 6.476883701753244 ], [ 3.633302091012527, 6.476872503515977 ], [ 3.633290822878358, 6.467826900398411 ], [ 3.624247442900331, 6.46783808286776 ] ] ] } },
{ "type": "Feature", "properties": { "mean_susceptibility": 0.3873408371516186, "mean_effective_drainage_score": 0.52845433013179355, "building_count": 456.0, "area_name": "Lekki Phase II", "rain_mm_yesterday": 11.0, "forecast_rain_mm_today": 0.2, "forecast_rain_mm_tomorrow": 1.7, "et0_mm_yesterday": 3.21, "et0_mm_today": 4.41, "et0_mm_tomorrow": 4.32, "rolling_2day_rain_mm_today": 2.7090983420148103, "dynamic_risk_score_today": 0.1308930730215947, "risk_tier_today": "Low", "rolling_2day_rain_mm_tomorrow": 1.7, "dynamic_risk_score_tomorrow": 0.12542096306969408, "risk_tier_tomorrow": "Low", "dynamic_risk_score": 0.1308930730215947, "risk_tier": "Low", "construction_typology": "planned_estate", "wall_thickness_mm": 225, "wall_fkx_n_mm2": 0.9, "critical_failure_depth_m": 2.0207359550794606, "critical_failure_depth_free_m": 1.6684486546845776, "fos_at_0_3m": 185.66470439703539, "fos_at_0_45m": 57.211617333804192, "fos_at_0_9m": 8.0799618884357649, "fos_at_1_5m": 2.0772027003635105, "estimated_depth_m_today": 0.19633960953239205, "estimated_depth_m_tomorrow": 0.18813144460454112, "live_flexural_fos": 644.88116686594151, "live_flexural_fos_tomorrow": 731.4888241077216, "margin_to_failure_m": 1.8243963455470684, "margin_to_failure_m_tomorrow": 1.8326045104749196 }, "geometry": { "type": "Polygon", "coordinates": [ [ [ 3.588073766767324, 6.467881204642582 ], [ 3.588084230472442, 6.476926884332233 ], [ 3.597127833368122, 6.476916330245697 ], [ 3.597117208774496, 6.467870665416958 ], [ 3.588073766767324, 6.467881204642582 ] ] ] } },
{ "type": "Feature", "properties": { "mean_susceptibility": 0.38163373187580429, "mean_effective_drainage_score": 0.68993116587132131, "building_count": 259.0, "area_name": "Sangotedo", "rain_mm_yesterday": 11.0, "forecast_rain_mm_today": 0.2, "forecast_rain_mm_tomorrow": 1.7, "et0_mm_yesterday": 3.2, "et0_mm_today": 4.41, "et0_mm_tomorrow": 4.32, "rolling_2day_rain_mm_today": 3.9624699772091736, "dynamic_risk_score_today": 0.13566109043061569, "risk_tier_today": "Low", "rolling_2day_rain_mm_tomorrow": 1.7, "dynamic_risk_score_tomorrow": 0.12357300238138547, "risk_tier_tomorrow": "Low", "dynamic_risk_score": 0.13566109043061569, "risk_tier": "Low", "construction_typology": "informal_older_stock", "wall_thickness_mm": 150, "wall_fkx_n_mm2": 0.6, "critical_failure_depth_m": 1.2440258247398457, "critical_failure_depth_free_m": 1.1122991031230518, "fos_at_0_3m": 55.011764265788258, "fos_at_0_45m": 16.951590321127167, "fos_at_0_9m": 2.3940627817587448, "fos_at_1_5m": 0.61546746677437347, "estimated_depth_m_today": 0.20349163564592354, "estimated_depth_m_tomorrow": 0.1853595035720782, "live_flexural_fos": 171.94320822173873, "live_flexural_fos_tomorrow": 226.44663207990274, "margin_to_failure_m": 1.0405341890939221, "margin_to_failure_m_tomorrow": 1.0586663211677676 }, "geometry": { "type": "Polygon", "coordinates": [ [ [ 3.633279570825488, 6.458781294050909 ], [ 3.633290822878358, 6.467826900398411 ], [ 3.642334186775088, 6.467815557121548 ], [ 3.642327803933755, 6.462758177687162 ], [ 3.639597499000104, 6.460259835000045 ], [ 3.639472000000126, 6.460145000000182 ], [ 3.639213754000082, 6.459649653000155 ], [ 3.638757450609535, 6.458774451777337 ], [ 3.633279570825488, 6.458781294050909 ] ] ] } },
{ "type": "Feature", "properties": { "mean_susceptibility": 0.49328183273545334, "mean_effective_drainage_score": 1.0, "building_count": 92.0, "area_name": "Sangotedo", "rain_mm_yesterday": 15.6, "forecast_rain_mm_today": 0.2, "forecast_rain_mm_tomorrow": 2.8, "et0_mm_yesterday": 3.17, "et0_mm_today": 4.52, "et0_mm_tomorrow": 4.4, "rolling_2day_rain_mm_today": 10.29, "dynamic_risk_score_today": 0.21904673064450542, "risk_tier_today": "Low", "rolling_2day_rain_mm_tomorrow": 2.8, "dynamic_risk_score_tomorrow": 0.16732119766386577, "risk_tier_tomorrow": "Low", "dynamic_risk_score": 0.21904673064450542, "risk_tier": "Low", "construction_typology": "informal_older_stock", "wall_thickness_mm": 150, "wall_fkx_n_mm2": 0.6, "critical_failure_depth_m": 1.2440258247398457, "critical_failure_depth_free_m": 1.1122991031230518, "fos_at_0_3m": 55.011764265788258, "fos_at_0_45m": 16.951590321127167, "fos_at_0_9m": 2.3940627817587448, "fos_at_1_5m": 0.61546746677437347, "estimated_depth_m_today": 0.32857009596675812, "estimated_depth_m_tomorrow": 0.25098179649579866, "live_flexural_fos": 42.184691730725696, "live_flexural_fos_tomorrow": 92.767174781249778, "margin_to_failure_m": 0.91545572877308756, "margin_to_failure_m_tomorrow": 0.99304402824404703 }, "geometry": { "type": "Polygon", "coordinates": [ [ [ 3.660432616181107, 6.47683794260427 ], [ 3.667915890503457, 6.476828154805992 ], [ 3.668091000000175, 6.475329001000033 ], [ 3.667712860000164, 6.475147054000162 ], [ 3.667162, 6.474882 ], [ 3.664837, 6.47377 ], [ 3.662838478000083, 6.47205521800015 ], [ 3.662731, 6.47196300000013 ], [ 3.660424994789732, 6.470972591971847 ], [ 3.660432616181107, 6.47683794260427 ] ] ] } },
{ "type": "Feature", "properties": { "mean_susceptibility": 0.4513560362727661, "mean_effective_drainage_score": 0.83114525144065099, "building_count": 394.0, "area_name": "Sangotedo", "rain_mm_yesterday": 11.0, "forecast_rain_mm_today": 0.2, "forecast_rain_mm_tomorrow": 1.7, "et0_mm_yesterday": 3.21, "et0_mm_today": 4.41, "et0_mm_tomorrow": 4.32, "rolling_2day_rain_mm_today": 5.0398184360930127, "dynamic_risk_score_today": 0.16725334550172077, "risk_tier_today": "Low", "rolling_2day_rain_mm_tomorrow": 1.7, "dynamic_risk_score_tomorrow": 0.14614908454512165, "risk_tier_tomorrow": "Low", "dynamic_risk_score": 0.16725334550172077, "risk_tier": "Low", "construction_typology": "informal_older_stock", "wall_thickness_mm": 150, "wall_fkx_n_mm2": 0.6, "critical_failure_depth_m": 1.2440258247398457, "critical_failure_depth_free_m": 1.1122991031230518, "fos_at_0_3m": 55.011764265788258, "fos_at_0_45m": 16.951590321127167, "fos_at_0_9m": 2.3940627817587448, "fos_at_1_5m": 0.61546746677437347, "estimated_depth_m_today": 0.25088001825258116, "estimated_depth_m_tomorrow": 0.21922362681768248, "live_flexural_fos": 92.877688972324805, "live_flexural_fos_tomorrow": 138.0746050891841, "margin_to_failure_m": 0.99314580648726447, "margin_to_failure_m_tomorrow": 1.0248021979221633 }, "geometry": { "type": "Polygon", "coordinates": [ [ [ 3.642334186775088, 6.467815557121548 ], [ 3.642345615790921, 6.476861144244449 ], [ 3.651389124256987, 6.476849623940072 ], [ 3.651377829308208, 6.468034410905001 ], [ 3.650353976863026, 6.467805363181963 ], [ 3.642334186775088, 6.467815557121548 ] ] ] } },
{ "type": "Feature", "properties": { "mean_susceptibility": 0.73379487002768584, "mean_effective_drainage_score": 0.9697677295034357, "building_count": 829.0, "area_name": "Sangotedo", "rain_mm_yesterday": 11.0, "forecast_rain_mm_today": 0.2, "forecast_rain_mm_tomorrow": 1.7, "et0_mm_yesterday": 3.21, "et0_mm_today": 4.41, "et0_mm_tomorrow": 4.32, "rolling_2day_rain_mm_today": 6.1072115171764558, "dynamic_risk_score_today": 0.28287862774899897, "risk_tier_today": "Medium", "rolling_2day_rain_mm_tomorrow": 1.7, "dynamic_risk_score_tomorrow": 0.23760277891496462, "risk_tier_tomorrow": "Low", "dynamic_risk_score": 0.28287862774899897, "risk_tier": "Medium", "construction_typology": "informal_older_stock", "wall_thickness_mm": 150, "wall_fkx_n_mm2": 0.6, "critical_failure_depth_m": 1.2440258247398457, "critical_failure_depth_free_m": 1.1122991031230518, "fos_at_0_3m": 55.011764265788258, "fos_at_0_45m": 16.951590321127167, "fos_at_0_9m": 2.3940627817587448, "fos_at_1_5m": 0.61546746677437347, "estimated_depth_m_today": 0.42431794162349845, "estimated_depth_m_tomorrow": 0.35640416837244693, "live_flexural_fos": 20.083354206478923, "live_flexural_fos_tomorrow": 33.293391477274831, "margin_to_failure_m": 0.81970788311634724, "margin_to_failure_m_tomorrow": 0.88762165636739876 }, "geometry": { "type": "Polygon", "coordinates": [ [ [ 3.633290822878358, 6.467826900398411 ], [ 3.633302091012527, 6.476872503515977 ], [ 3.642345615790921, 6.476861144244449 ], [ 3.642334186775088, 6.467815557121548 ], [ 3.633290822878358, 6.467826900398411 ] ] ] } },
{ "type": "Feature", "properties": { "mean_susceptibility": 0.41037488673932432, "mean_effective_drainage_score": 0.97047672487847891, "building_count": 528.0, "area_name": "Sangotedo", "rain_mm_yesterday": 11.0, "forecast_rain_mm_today": 0.2, "forecast_rain_mm_tomorrow": 1.7, "et0_mm_yesterday": 3.21, "et0_mm_today": 4.41, "et0_mm_tomorrow": 4.32, "rolling_2day_rain_mm_today": 6.1126707815642867, "dynamic_risk_score_today": 0.15823127813702642, "risk_tier_today": "Low", "rolling_2day_rain_mm_tomorrow": 1.7, "dynamic_risk_score_tomorrow": 0.13287938832619317, "risk_tier_tomorrow": "Low", "dynamic_risk_score": 0.15823127813702642, "risk_tier": "Low", "construction_typology": "informal_older_stock", "wall_thickness_mm": 150, "wall_fkx_n_mm2": 0.6, "critical_failure_depth_m": 1.2440258247398457, "critical_failure_depth_free_m": 1.1122991031230518, "fos_at_0_3m": 55.011764265788258, "fos_at_0_45m": 16.951590321127167, "fos_at_0_9m": 2.3940627817587448, "fos_at_1_5m": 0.61546746677437347, "estimated_depth_m_today": 0.23734691720553963, "estimated_depth_m_tomorrow": 0.19931908248928976, "live_flexural_fos": 109.30663575809093, "live_flexural_fos_tomorrow": 182.77389514170096, "margin_to_failure_m": 1.0066789075343061, "margin_to_failure_m_tomorrow": 1.0447067422505558 }, "geometry": { "type": "Polygon", "coordinates": [ [ [ 3.651389124256987, 6.476849623940072 ], [ 3.660432616181107, 6.47683794260427 ], [ 3.660424994789732, 6.470972591971847 ], [ 3.658086000000138, 6.469968000000108 ], [ 3.656071669000028, 6.469296215000042 ], [ 3.6541429990001, 6.468653000000187 ], [ 3.651377829308208, 6.468034410905001 ], [ 3.651389124256987, 6.476849623940072 ] ] ] } },
{ "type": "Feature", "properties": { "mean_susceptibility": 0.80344234771345646, "mean_effective_drainage_score": 1.0, "building_count": 14.0, "area_name": "Sangotedo", "rain_mm_yesterday": 15.6, "forecast_rain_mm_today": 0.2, "forecast_rain_mm_tomorrow": 2.8, "et0_mm_yesterday": 3.17, "et0_mm_today": 4.52, "et0_mm_tomorrow": 4.4, "rolling_2day_rain_mm_today": 10.29, "dynamic_risk_score_today": 0.35677660892563745, "risk_tier_today": "Medium", "rolling_2day_rain_mm_tomorrow": 2.8, "dynamic_risk_score_tomorrow": 0.27252764434440446, "risk_tier_tomorrow": "Medium", "dynamic_risk_score": 0.35677660892563745, "risk_tier": "Medium", "construction_typology": "informal_older_stock", "wall_thickness_mm": 150, "wall_fkx_n_mm2": 0.6, "critical_failure_depth_m": 1.2440258247398457, "critical_failure_depth_free_m": 1.1122991031230518, "fos_at_0_3m": 55.011764265788258, "fos_at_0_45m": 16.951590321127167, "fos_at_0_9m": 2.3940627817587448, "fos_at_1_5m": 0.61546746677437347, "estimated_depth_m_today": 0.53516491338845618, "estimated_depth_m_tomorrow": 0.40879146651660669, "live_flexural_fos": 10.308432214837831, "live_flexural_fos_tomorrow": 22.368325556750101, "margin_to_failure_m": 0.70886091135138951, "margin_to_failure_m_tomorrow": 0.83523435822323899 }, "geometry": { "type": "Polygon", "coordinates": [ [ [ 3.660432616181107, 6.47683794260427 ], [ 3.660444383727523, 6.485883493821575 ], [ 3.666308798667419, 6.485875822118302 ], [ 3.667282, 6.482254999000189 ], [ 3.667915890503457, 6.476828154805992 ], [ 3.660432616181107, 6.47683794260427 ] ] ] } },
{ "type": "Feature", "properties": { "mean_susceptibility": 0.29127762618704667, "mean_effective_drainage_score": 0.67098848878577211, "building_count": 516.0, "area_name": "Ogombo", "rain_mm_yesterday": 11.0, "forecast_rain_mm_today": 0.2, "forecast_rain_mm_tomorrow": 1.7, "et0_mm_yesterday": 3.21, "et0_mm_today": 4.41, "et0_mm_tomorrow": 4.32, "rolling_2day_rain_mm_today": 3.8066113636504451, "dynamic_risk_score_today": 0.10290621796160437, "risk_tier_today": "Low", "rolling_2day_rain_mm_tomorrow": 1.7, "dynamic_risk_score_tomorrow": 0.094315695359365681, "risk_tier_tomorrow": "Low", "dynamic_risk_score": 0.10290621796160437, "risk_tier": "Low", "construction_typology": "informal_older_stock", "wall_thickness_mm": 150, "wall_fkx_n_mm2": 0.6, "critical_failure_depth_m": 1.2440258247398457, "critical_failure_depth_free_m": 1.1122991031230518, "fos_at_0_3m": 55.011764265788258, "fos_at_0_45m": 16.951590321127167, "fos_at_0_9m": 2.3940627817587448, "fos_at_1_5m": 0.61546746677437347, "estimated_depth_m_today": 0.15435932694240656, "estimated_depth_m_tomorrow": 0.14147354303904852, "live_flexural_fos": 389.02550191819455, "live_flexural_fos_tomorrow": 503.6483579319717, "margin_to_failure_m": 1.0896664977974391, "margin_to_failure_m_tomorrow": 1.1025522817007971 }, "geometry": { "type": "Polygon", "coordinates": [ [ [ 3.606160635618794, 6.467859965378391 ], [ 3.606171421099598, 6.476905615119465 ], [ 3.615214993437242, 6.476894738954864 ], [ 3.615204047070608, 6.467849104528208 ], [ 3.606160635618794, 6.467859965378391 ] ] ] } },
{ "type": "Feature", "properties": { "mean_susceptibility": 0.77906585968656594, "mean_effective_drainage_score": 0.99988113545693846, "building_count": 131.0, "area_name": "Sangotedo", "rain_mm_yesterday": 11.0, "forecast_rain_mm_today": 0.2, "forecast_rain_mm_tomorrow": 1.7, "et0_mm_yesterday": 3.21, "et0_mm_today": 4.41, "et0_mm_tomorrow": 4.32, "rolling_2day_rain_mm_today": 6.3390847430184269, "dynamic_risk_score_today": 0.30285966097520878, "risk_tier_today": "Medium", "rolling_2day_rain_mm_tomorrow": 1.7, "dynamic_risk_score_tomorrow": 0.25226152536651003, "risk_tier_tomorrow": "Medium", "dynamic_risk_score": 0.30285966097520878, "risk_tier": "Medium", "construction_typology": "informal_older_stock", "wall_thickness_mm": 150, "wall_fkx_n_mm2": 0.6, "critical_failure_depth_m": 1.2440258247398457, "critical_failure_depth_free_m": 1.1122991031230518, "fos_at_0_3m": 55.011764265788258, "fos_at_0_45m": 16.951590321127167, "fos_at_0_9m": 2.3940627817587448, "fos_at_1_5m": 0.61546746677437347, "estimated_depth_m_today": 0.45428949146281317, "estimated_depth_m_tomorrow": 0.37839228804976505, "live_flexural_fos": 16.494587229909449, "live_flexural_fos_tomorrow": 27.980364206469158, "margin_to_failure_m": 0.78973633327703252, "margin_to_failure_m_tomorrow": 0.8656335366900807 }, "geometry": { "type": "Polygon", "coordinates": [ [ [ 3.624258550151427, 6.476883701753244 ], [ 3.624269673255607, 6.485929317404896 ], [ 3.633313375229403, 6.485918103399172 ], [ 3.633302091012527, 6.476872503515977 ], [ 3.624258550151427, 6.476883701753244 ] ] ] } },
{ "type": "Feature", "properties": { "mean_susceptibility": 0.66088266617811708, "mean_effective_drainage_score": 0.4692386217739154, "building_count": 271.0, "area_name": "Sangotedo", "rain_mm_yesterday": 11.0, "forecast_rain_mm_today": 0.2, "forecast_rain_mm_tomorrow": 1.7, "et0_mm_yesterday": 3.21, "et0_mm_today": 4.41, "et0_mm_tomorrow": 4.32, "rolling_2day_rain_mm_today": 2.2531373876591481, "dynamic_risk_score_today": 0.21911163206973994, "risk_tier_today": "Low", "rolling_2day_rain_mm_tomorrow": 1.7, "dynamic_risk_score_tomorrow": 0.21399380730847428, "risk_tier_tomorrow": "Low", "dynamic_risk_score": 0.21911163206973994, "risk_tier": "Low", "construction_typology": "informal_older_stock", "wall_thickness_mm": 150, "wall_fkx_n_mm2": 0.6, "critical_failure_depth_m": 1.2440258247398457, "critical_failure_depth_free_m": 1.1122991031230518, "fos_at_0_3m": 55.011764265788258, "fos_at_0_45m": 16.951590321127167, "fos_at_0_9m": 2.3940627817587448, "fos_at_1_5m": 0.61546746677437347, "estimated_depth_m_today": 0.32866744810460991, "estimated_depth_m_tomorrow": 0.32099071096271142, "live_flexural_fos": 42.14828374243001, "live_flexural_fos_tomorrow": 45.155054184262141, "margin_to_failure_m": 0.91535837663523578, "margin_to_failure_m_tomorrow": 0.92303511377713421 }, "geometry": { "type": "Polygon", "coordinates": [ [ [ 3.606171421099598, 6.476905615119465 ], [ 3.606182221974235, 6.485951261627755 ], [ 3.615225955427336, 6.485940370148215 ], [ 3.615214993437242, 6.476894738954864 ], [ 3.606171421099598, 6.476905615119465 ] ] ] } },
{ "type": "Feature", "properties": { "mean_susceptibility": 0.4869549616369504, "mean_effective_drainage_score": 0.27975093781261556, "building_count": 149.0, "area_name": "Badore", "rain_mm_yesterday": 11.0, "forecast_rain_mm_today": 0.2, "forecast_rain_mm_tomorrow": 1.7, "et0_mm_yesterday": 3.21, "et0_mm_today": 4.41, "et0_mm_tomorrow": 4.32, "rolling_2day_rain_mm_today": 0.79408222115713989, "dynamic_risk_score_today": 0.15150004037664733, "risk_tier_today": "Low", "rolling_2day_rain_mm_tomorrow": 1.7, "dynamic_risk_score_tomorrow": 0.15767601657804453, "risk_tier_tomorrow": "Low", "dynamic_risk_score": 0.15150004037664733, "risk_tier": "Low", "construction_typology": "informal_older_stock", "wall_thickness_mm": 150, "wall_fkx_n_mm2": 0.6, "critical_failure_depth_m": 1.2440258247398457, "critical_failure_depth_free_m": 1.1122991031230518, "fos_at_0_3m": 55.011764265788258, "fos_at_0_45m": 16.951590321127167, "fos_at_0_9m": 2.3940627817587448, "fos_at_1_5m": 0.61546746677437347, "estimated_depth_m_today": 0.22725006056497099, "estimated_depth_m_tomorrow": 0.2365140248670668, "live_flexural_fos": 124.21057496784361, "live_flexural_fos_tomorrow": 110.44183721248542, "margin_to_failure_m": 1.0167757641748747, "margin_to_failure_m_tomorrow": 1.0075117998727789 }, "geometry": { "type": "Polygon", "coordinates": [ [ [ 3.597127833368122, 6.476916330245697 ], [ 3.597138473125951, 6.485961991842169 ], [ 3.606182221974235, 6.485951261627755 ], [ 3.606171421099598, 6.476905615119465 ], [ 3.597127833368122, 6.476916330245697 ] ] ] } },
{ "type": "Feature", "properties": { "mean_susceptibility": 0.79901377737004164, "mean_effective_drainage_score": 0.82079356942924464, "building_count": 177.0, "area_name": "Sangotedo", "rain_mm_yesterday": 11.0, "forecast_rain_mm_today": 0.2, "forecast_rain_mm_tomorrow": 1.7, "et0_mm_yesterday": 3.21, "et0_mm_today": 4.41, "et0_mm_tomorrow": 4.32, "rolling_2day_rain_mm_today": 4.9601104846051829, "dynamic_risk_score_today": 0.2951888858136924, "risk_tier_today": "Medium", "rolling_2day_rain_mm_tomorrow": 1.7, "dynamic_risk_score_tomorrow": 0.25872066111241954, "risk_tier_tomorrow": "Medium", "dynamic_risk_score": 0.2951888858136924, "risk_tier": "Medium", "construction_typology": "informal_older_stock", "wall_thickness_mm": 150, "wall_fkx_n_mm2": 0.6, "critical_failure_depth_m": 1.2440258247398457, "critical_failure_depth_free_m": 1.1122991031230518, "fos_at_0_3m": 55.011764265788258, "fos_at_0_45m": 16.951590321127167, "fos_at_0_9m": 2.3940627817587448, "fos_at_1_5m": 0.61546746677437347, "estimated_depth_m_today": 0.4427833287205386, "estimated_depth_m_tomorrow": 0.3880809916686293, "live_flexural_fos": 17.760198846743457, "live_flexural_fos_tomorrow": 26.00243698944956, "margin_to_failure_m": 0.80124249601930708, "margin_to_failure_m_tomorrow": 0.85594483307121638 }, "geometry": { "type": "Polygon", "coordinates": [ [ [ 3.615214993437242, 6.476894738954864 ], [ 3.615225955427336, 6.485940370148215 ], [ 3.624269673255607, 6.485929317404896 ], [ 3.624258550151427, 6.476883701753244 ], [ 3.615214993437242, 6.476894738954864 ] ] ] } },
{ "type": "Feature", "properties": { "mean_susceptibility": 0.64161468153918222, "mean_effective_drainage_score": 0.26416889441065661, "building_count": 360.0, "area_name": "Langbasa", "rain_mm_yesterday": 11.0, "forecast_rain_mm_today": 0.2, "forecast_rain_mm_tomorrow": 1.7, "et0_mm_yesterday": 3.21, "et0_mm_today": 4.41, "et0_mm_tomorrow": 4.32, "rolling_2day_rain_mm_today": 0.67410048696205549, "dynamic_risk_score_today": 0.19853958323150067, "risk_tier_today": "Low", "rolling_2day_rain_mm_tomorrow": 1.7, "dynamic_risk_score_tomorrow": 0.20775483388238714, "risk_tier_tomorrow": "Low", "dynamic_risk_score": 0.19853958323150067, "risk_tier": "Low", "construction_typology": "informal_older_stock", "wall_thickness_mm": 150, "wall_fkx_n_mm2": 0.6, "critical_failure_depth_m": 1.2440258247398457, "critical_failure_depth_free_m": 1.1122991031230518, "fos_at_0_3m": 55.011764265788258, "fos_at_0_45m": 16.951590321127167, "fos_at_0_9m": 2.3940627817587448, "fos_at_1_5m": 0.61546746677437347, "estimated_depth_m_today": 0.29780937484725101, "estimated_depth_m_tomorrow": 0.3116322508235807, "live_flexural_fos": 56.202784291076, "live_flexural_fos_tomorrow": 49.226808960560199, "margin_to_failure_m": 0.94621644989259468, "margin_to_failure_m_tomorrow": 0.93239357391626498 }, "geometry": { "type": "Polygon", "coordinates": [ [ [ 3.588084230472442, 6.476926884332233 ], [ 3.588094709112133, 6.485972560790122 ], [ 3.597138473125951, 6.485961991842169 ], [ 3.597127833368122, 6.476916330245697 ], [ 3.588084230472442, 6.476926884332233 ] ] ] } },
{ "type": "Feature", "properties": { "mean_susceptibility": 0.47557318397728698, "mean_effective_drainage_score": 0.44369082907218116, "building_count": 471.0, "area_name": "Badore", "rain_mm_yesterday": 11.0, "forecast_rain_mm_today": 0.2, "forecast_rain_mm_tomorrow": 1.7, "et0_mm_yesterday": 3.21, "et0_mm_today": 4.41, "et0_mm_tomorrow": 4.32, "rolling_2day_rain_mm_today": 2.0564193838557951, "dynamic_risk_score_today": 0.15636364598880692, "risk_tier_today": "Low", "rolling_2day_rain_mm_tomorrow": 1.7, "dynamic_risk_score_tomorrow": 0.15399059697184558, "risk_tier_tomorrow": "Low", "dynamic_risk_score": 0.15636364598880692, "risk_tier": "Low", "construction_typology": "informal_older_stock", "wall_thickness_mm": 150, "wall_fkx_n_mm2": 0.6, "critical_failure_depth_m": 1.2440258247398457, "critical_failure_depth_free_m": 1.1122991031230518, "fos_at_0_3m": 55.011764265788258, "fos_at_0_45m": 16.951590321127167, "fos_at_0_9m": 2.3940627817587448, "fos_at_1_5m": 0.61546746677437347, "estimated_depth_m_today": 0.23454546898321038, "estimated_depth_m_tomorrow": 0.23098589545776838, "live_flexural_fos": 113.18879026281326, "live_flexural_fos_tomorrow": 118.39433906419583, "margin_to_failure_m": 1.0094803557566352, "margin_to_failure_m_tomorrow": 1.0130399292820773 }, "geometry": { "type": "Polygon", "coordinates": [ [ [ 3.597138473125951, 6.485961991842169 ], [ 3.597149128049315, 6.495007650201934 ], [ 3.606193038244056, 6.494996904898826 ], [ 3.606182221974235, 6.485951261627755 ], [ 3.597138473125951, 6.485961991842169 ] ] ] } },
{ "type": "Feature", "properties": { "mean_susceptibility": 0.63200019551235131, "mean_effective_drainage_score": 0.50496564331180527, "building_count": 147.0, "area_name": "Badore", "rain_mm_yesterday": 11.0, "forecast_rain_mm_today": 0.2, "forecast_rain_mm_tomorrow": 1.7, "et0_mm_yesterday": 3.21, "et0_mm_today": 4.41, "et0_mm_tomorrow": 4.32, "rolling_2day_rain_mm_today": 2.5282354535009004, "dynamic_risk_score_today": 0.21196989286649903, "risk_tier_today": "Low", "rolling_2day_rain_mm_tomorrow": 1.7, "dynamic_risk_score_tomorrow": 0.20464166330689937, "risk_tier_tomorrow": "Low", "dynamic_risk_score": 0.21196989286649903, "risk_tier": "Low", "construction_typology": "informal_older_stock", "wall_thickness_mm": 150, "wall_fkx_n_mm2": 0.6, "critical_failure_depth_m": 1.2440258247398457, "critical_failure_depth_free_m": 1.1122991031230518, "fos_at_0_3m": 55.011764265788258, "fos_at_0_45m": 16.951590321127167, "fos_at_0_9m": 2.3940627817587448, "fos_at_1_5m": 0.61546746677437347, "estimated_depth_m_today": 0.31795483929974855, "estimated_depth_m_tomorrow": 0.30696249496034905, "live_flexural_fos": 46.424272765233553, "live_flexural_fos_tomorrow": 51.445452711789038, "margin_to_failure_m": 0.92607098544009714, "margin_to_failure_m_tomorrow": 0.93706332977949658 }, "geometry": { "type": "Polygon", "coordinates": [ [ [ 3.615225955427336, 6.485940370148215 ], [ 3.606182221974235, 6.485951261627755 ], [ 3.606193038244056, 6.494996904898826 ], [ 3.607513194678337, 6.494995322878171 ], [ 3.606333970000093, 6.493655206000142 ], [ 3.606482029000176, 6.488584041000024 ], [ 3.609927893000134, 6.487604142000067 ], [ 3.615230362727927, 6.489573562804774 ], [ 3.615225955427336, 6.485940370148215 ] ] ] } },
{ "type": "Feature", "properties": { "mean_susceptibility": 0.48613800445462546, "mean_effective_drainage_score": 0.50899930554676975, "building_count": 517.0, "area_name": "Langbasa", "rain_mm_yesterday": 11.0, "forecast_rain_mm_today": 0.2, "forecast_rain_mm_tomorrow": 1.7, "et0_mm_yesterday": 3.21, "et0_mm_today": 4.41, "et0_mm_tomorrow": 4.32, "rolling_2day_rain_mm_today": 2.5592946527101263, "dynamic_risk_score_today": 0.16325978687030618, "risk_tier_today": "Low", "rolling_2day_rain_mm_tomorrow": 1.7, "dynamic_risk_score_tomorrow": 0.15741148584240772, "risk_tier_tomorrow": "Low", "dynamic_risk_score": 0.16325978687030618, "risk_tier": "Low", "construction_typology": "informal_older_stock", "wall_thickness_mm": 150, "wall_fkx_n_mm2": 0.6, "critical_failure_depth_m": 1.2440258247398457, "critical_failure_depth_free_m": 1.1122991031230518, "fos_at_0_3m": 55.011764265788258, "fos_at_0_45m": 16.951590321127167, "fos_at_0_9m": 2.3940627817587448, "fos_at_1_5m": 0.61546746677437347, "estimated_depth_m_today": 0.24488968030545927, "estimated_depth_m_tomorrow": 0.23611722876361158, "live_flexural_fos": 99.707643469798882, "live_flexural_fos_tomorrow": 110.98824558942225, "margin_to_failure_m": 0.99913614443438648, "margin_to_failure_m_tomorrow": 1.0079085959762342 }, "geometry": { "type": "Polygon", "coordinates": [ [ [ 3.588094709112133, 6.485972560790122 ], [ 3.588105202687709, 6.495018234011812 ], [ 3.597149128049315, 6.495007650201934 ], [ 3.597138473125951, 6.485961991842169 ], [ 3.588094709112133, 6.485972560790122 ] ] ] } },
{ "type": "Feature", "properties": { "mean_susceptibility": 0.76674698859206614, "mean_effective_drainage_score": 1.0, "building_count": 5.0, "area_name": "Sangotedo", "rain_mm_yesterday": 11.0, "forecast_rain_mm_today": 0.2, "forecast_rain_mm_tomorrow": 1.7, "et0_mm_yesterday": 3.21, "et0_mm_today": 4.41, "et0_mm_tomorrow": 4.32, "rolling_2day_rain_mm_today": 6.34, "dynamic_risk_score_today": 0.29808055928505162, "risk_tier_today": "Medium", "rolling_2day_rain_mm_tomorrow": 1.7, "dynamic_risk_score_tomorrow": 0.24827267490611105, "risk_tier_tomorrow": "Low", "dynamic_risk_score": 0.29808055928505162, "risk_tier": "Medium", "construction_typology": "informal_older_stock", "wall_thickness_mm": 150, "wall_fkx_n_mm2": 0.6, "critical_failure_depth_m": 1.2440258247398457, "critical_failure_depth_free_m": 1.1122991031230518, "fos_at_0_3m": 55.011764265788258, "fos_at_0_45m": 16.951590321127167, "fos_at_0_9m": 2.3940627817587448, "fos_at_1_5m": 0.61546746677437347, "estimated_depth_m_today": 0.44712083892757742, "estimated_depth_m_tomorrow": 0.37240901235916657, "live_flexural_fos": 17.26805702901374, "live_flexural_fos_tomorrow": 29.304909329925952, "margin_to_failure_m": 0.79690498581226832, "margin_to_failure_m_tomorrow": 0.87161681238067912 }, "geometry": { "type": "Polygon", "coordinates": [ [ [ 3.642345615790921, 6.476861144244449 ], [ 3.642357061119081, 6.485906728132431 ], [ 3.651400730695001, 6.485895191606089 ], [ 3.651389124256987, 6.476849623940072 ], [ 3.642345615790921, 6.476861144244449 ] ] ] } },
{ "type": "Feature", "properties": { "mean_susceptibility": 0.96546942640259592, "mean_effective_drainage_score": 1.0, "building_count": 212.0, "area_name": "Sangotedo", "rain_mm_yesterday": 11.0, "forecast_rain_mm_today": 0.2, "forecast_rain_mm_tomorrow": 1.7, "et0_mm_yesterday": 3.21, "et0_mm_today": 4.41, "et0_mm_tomorrow": 4.32, "rolling_2day_rain_mm_today": 6.34, "dynamic_risk_score_today": 0.37533589420827318, "risk_tier_today": "Medium", "rolling_2day_rain_mm_tomorrow": 1.7, "dynamic_risk_score_tomorrow": 0.31261900026916056, "risk_tier_tomorrow": "Medium", "dynamic_risk_score": 0.37533589420827318, "risk_tier": "Medium", "construction_typology": "informal_older_stock", "wall_thickness_mm": 150, "wall_fkx_n_mm2": 0.6, "critical_failure_depth_m": 1.2440258247398457, "critical_failure_depth_free_m": 1.1122991031230518, "fos_at_0_3m": 55.011764265788258, "fos_at_0_45m": 16.951590321127167, "fos_at_0_9m": 2.3940627817587448, "fos_at_1_5m": 0.61546746677437347, "estimated_depth_m_today": 0.56300384131240977, "estimated_depth_m_tomorrow": 0.46892850040374084, "live_flexural_fos": 8.9196877232494796, "live_flexural_fos_tomorrow": 15.055634723713899, "margin_to_failure_m": 0.68102198342743592, "margin_to_failure_m_tomorrow": 0.77509732433610479 }, "geometry": { "type": "Polygon", "coordinates": [ [ [ 3.633302091012527, 6.476872503515977 ], [ 3.633313375229403, 6.485918103399172 ], [ 3.642357061119081, 6.485906728132431 ], [ 3.642345615790921, 6.476861144244449 ], [ 3.633302091012527, 6.476872503515977 ] ] ] } },
{ "type": "Feature", "properties": { "mean_susceptibility": 0.71435357512561992, "mean_effective_drainage_score": 1.0, "building_count": 208.0, "area_name": "Sangotedo", "rain_mm_yesterday": 11.0, "forecast_rain_mm_today": 0.2, "forecast_rain_mm_tomorrow": 1.7, "et0_mm_yesterday": 3.21, "et0_mm_today": 4.41, "et0_mm_tomorrow": 4.32, "rolling_2day_rain_mm_today": 6.34, "dynamic_risk_score_today": 0.27771209586583601, "risk_tier_today": "Medium", "rolling_2day_rain_mm_tomorrow": 1.7, "dynamic_risk_score_tomorrow": 0.23130768762567566, "risk_tier_tomorrow": "Low", "dynamic_risk_score": 0.27771209586583601, "risk_tier": "Medium", "construction_typology": "informal_older_stock", "wall_thickness_mm": 150, "wall_fkx_n_mm2": 0.6, "critical_failure_depth_m": 1.2440258247398457, "critical_failure_depth_free_m": 1.1122991031230518, "fos_at_0_3m": 55.011764265788258, "fos_at_0_45m": 16.951590321127167, "fos_at_0_9m": 2.3940627817587448, "fos_at_1_5m": 0.61546746677437347, "estimated_depth_m_today": 0.41656814379875401, "estimated_depth_m_tomorrow": 0.34696153143851349, "live_flexural_fos": 21.182032847847495, "live_flexural_fos_tomorrow": 35.997592684876494, "margin_to_failure_m": 0.82745768094109162, "margin_to_failure_m_tomorrow": 0.89706429330133219 }, "geometry": { "type": "Polygon", "coordinates": [ [ [ 3.651389124256987, 6.476849623940072 ], [ 3.651400730695001, 6.485895191606089 ], [ 3.660444383727523, 6.485883493821575 ], [ 3.660432616181107, 6.47683794260427 ], [ 3.651389124256987, 6.476849623940072 ] ] ] } },
{ "type": "Feature", "properties": { "mean_susceptibility": 0.95739876560803694, "mean_effective_drainage_score": 0.91294356945289201, "building_count": 469.0, "area_name": "Ajah", "rain_mm_yesterday": 11.0, "forecast_rain_mm_today": 0.2, "forecast_rain_mm_tomorrow": 1.7, "et0_mm_yesterday": 3.21, "et0_mm_today": 4.41, "et0_mm_tomorrow": 4.32, "rolling_2day_rain_mm_today": 5.6696654847872683, "dynamic_risk_score_today": 0.36321345999405263, "risk_tier_today": "Medium", "rolling_2day_rain_mm_tomorrow": 1.7, "dynamic_risk_score_tomorrow": 0.3100057203038824, "risk_tier_tomorrow": "Medium", "dynamic_risk_score": 0.36321345999405263, "risk_tier": "Medium", "construction_typology": "informal_older_stock", "wall_thickness_mm": 150, "wall_fkx_n_mm2": 0.6, "critical_failure_depth_m": 1.2440258247398457, "critical_failure_depth_free_m": 1.1122991031230518, "fos_at_0_3m": 55.011764265788258, "fos_at_0_45m": 16.951590321127167, "fos_at_0_9m": 2.3940627817587448, "fos_at_1_5m": 0.61546746677437347, "estimated_depth_m_today": 0.54482018999107895, "estimated_depth_m_tomorrow": 0.46500858045582361, "live_flexural_fos": 9.7952226295515796, "live_flexural_fos_tomorrow": 15.423610771131427, "margin_to_failure_m": 0.69920563474876674, "margin_to_failure_m_tomorrow": 0.77901724428402208 }, "geometry": { "type": "Polygon", "coordinates": [ [ [ 3.569996980106996, 6.476947509380993 ], [ 3.570007136506501, 6.485993214881423 ], [ 3.579050930162432, 6.485982968470303 ], [ 3.579040612642189, 6.476937277377761 ], [ 3.569996980106996, 6.476947509380993 ] ] ] } },
{ "type": "Feature", "properties": { "mean_susceptibility": 0.97838596352962348, "mean_effective_drainage_score": 0.94723923636069685, "building_count": 78.0, "area_name": "Ajah", "rain_mm_yesterday": 11.0, "forecast_rain_mm_today": 0.2, "forecast_rain_mm_tomorrow": 1.7, "et0_mm_yesterday": 3.21, "et0_mm_today": 4.41, "et0_mm_tomorrow": 4.32, "rolling_2day_rain_mm_today": 5.9337421199773654, "dynamic_risk_score_today": 0.37479264907835219, "risk_tier_today": "Medium", "rolling_2day_rain_mm_tomorrow": 1.7, "dynamic_risk_score_tomorrow": 0.316801374990892, "risk_tier_tomorrow": "Medium", "dynamic_risk_score": 0.37479264907835219, "risk_tier": "Medium", "construction_typology": "informal_older_stock", "wall_thickness_mm": 150, "wall_fkx_n_mm2": 0.6, "critical_failure_depth_m": 1.2440258247398457, "critical_failure_depth_free_m": 1.1122991031230518, "fos_at_0_3m": 55.011764265788258, "fos_at_0_45m": 16.951590321127167, "fos_at_0_9m": 2.3940627817587448, "fos_at_1_5m": 0.61546746677437347, "estimated_depth_m_today": 0.56218897361752829, "estimated_depth_m_tomorrow": 0.47520206248633801, "live_flexural_fos": 8.9565778325502468, "live_flexural_fos_tomorrow": 14.491209910318103, "margin_to_failure_m": 0.6818368511223174, "margin_to_failure_m_tomorrow": 0.76882376225350768 }, "geometry": { "type": "Polygon", "coordinates": [ [ [ 3.560953333096497, 6.47695758034066 ], [ 3.560963328373993, 6.486003300022206 ], [ 3.570007136506501, 6.485993214881423 ], [ 3.569996980106996, 6.476947509380993 ], [ 3.560953333096497, 6.47695758034066 ] ] ] } },
{ "type": "Feature", "properties": { "mean_susceptibility": 0.92620864245435253, "mean_effective_drainage_score": 0.81552160613588143, "building_count": 62.0, "area_name": "Langbasa", "rain_mm_yesterday": 11.0, "forecast_rain_mm_today": 0.2, "forecast_rain_mm_tomorrow": 1.7, "et0_mm_yesterday": 3.21, "et0_mm_today": 4.41, "et0_mm_tomorrow": 4.32, "rolling_2day_rain_mm_today": 4.9195163672462865, "dynamic_risk_score_today": 0.34165357280085384, "risk_tier_today": "Medium", "rolling_2day_rain_mm_tomorrow": 1.7, "dynamic_risk_score_tomorrow": 0.29990635842671931, "risk_tier_tomorrow": "Medium", "dynamic_risk_score": 0.34165357280085384, "risk_tier": "Medium", "construction_typology": "informal_older_stock", "wall_thickness_mm": 150, "wall_fkx_n_mm2": 0.6, "critical_failure_depth_m": 1.2440258247398457, "critical_failure_depth_free_m": 1.1122991031230518, "fos_at_0_3m": 55.011764265788258, "fos_at_0_45m": 16.951590321127167, "fos_at_0_9m": 2.3940627817587448, "fos_at_1_5m": 0.61546746677437347, "estimated_depth_m_today": 0.51248035920128077, "estimated_depth_m_tomorrow": 0.44985953764007897, "live_flexural_fos": 11.668136335331178, "live_flexural_fos_tomorrow": 16.966845310827832, "margin_to_failure_m": 0.73154546553856492, "margin_to_failure_m_tomorrow": 0.79416628709976678 }, "geometry": { "type": "Polygon", "coordinates": [ [ [ 3.570007136506501, 6.485993214881423 ], [ 3.570017307382581, 6.495038917146645 ], [ 3.579061262388906, 6.495028656327146 ], [ 3.579050930162432, 6.485982968470303 ], [ 3.570007136506501, 6.485993214881423 ] ] ] } },
{ "type": "Feature", "properties": { "mean_susceptibility": 0.66114100514294505, "mean_effective_drainage_score": 0.65059721049011887, "building_count": 402.0, "area_name": "Langbasa", "rain_mm_yesterday": 11.0, "forecast_rain_mm_today": 0.2, "forecast_rain_mm_tomorrow": 1.7, "et0_mm_yesterday": 3.21, "et0_mm_today": 4.41, "et0_mm_tomorrow": 4.32, "rolling_2day_rain_mm_today": 3.6495985207739148, "dynamic_risk_score_today": 0.23212289082438087, "risk_tier_today": "Low", "rolling_2day_rain_mm_tomorrow": 1.7, "dynamic_risk_score_tomorrow": 0.21407745746528561, "risk_tier_tomorrow": "Low", "dynamic_risk_score": 0.23212289082438087, "risk_tier": "Low", "construction_typology": "informal_older_stock", "wall_thickness_mm": 150, "wall_fkx_n_mm2": 0.6, "critical_failure_depth_m": 1.2440258247398457, "critical_failure_depth_free_m": 1.1122991031230518, "fos_at_0_3m": 55.011764265788258, "fos_at_0_45m": 16.951590321127167, "fos_at_0_9m": 2.3940627817587448, "fos_at_1_5m": 0.61546746677437347, "estimated_depth_m_today": 0.3481843362365713, "estimated_depth_m_tomorrow": 0.32111618619792842, "live_flexural_fos": 35.631007539846422, "live_flexural_fos_tomorrow": 45.103611935374403, "margin_to_failure_m": 0.89584148850327439, "margin_to_failure_m_tomorrow": 0.92290963854191732 }, "geometry": { "type": "Polygon", "coordinates": [ [ [ 3.579050930162432, 6.485982968470303 ], [ 3.579061262388906, 6.495028656327146 ], [ 3.588105202687709, 6.495018234011812 ], [ 3.588094709112133, 6.485972560790122 ], [ 3.579050930162432, 6.485982968470303 ] ] ] } },
{ "type": "Feature", "properties": { "mean_susceptibility": 0.74616829277738428, "mean_effective_drainage_score": 0.7533946835651002, "building_count": 571.0, "area_name": "Langbasa", "rain_mm_yesterday": 11.0, "forecast_rain_mm_today": 0.2, "forecast_rain_mm_tomorrow": 1.7, "et0_mm_yesterday": 3.21, "et0_mm_today": 4.41, "et0_mm_tomorrow": 4.32, "rolling_2day_rain_mm_today": 4.4411390634512715, "dynamic_risk_score_today": 0.27024420797468873, "risk_tier_today": "Medium", "rolling_2day_rain_mm_tomorrow": 1.7, "dynamic_risk_score_tomorrow": 0.24160929320131697, "risk_tier_tomorrow": "Low", "dynamic_risk_score": 0.27024420797468873, "risk_tier": "Medium", "construction_typology": "informal_older_stock", "wall_thickness_mm": 150, "wall_fkx_n_mm2": 0.6, "critical_failure_depth_m": 1.2440258247398457, "critical_failure_depth_free_m": 1.1122991031230518, "fos_at_0_3m": 55.011764265788258, "fos_at_0_45m": 16.951590321127167, "fos_at_0_9m": 2.3940627817587448, "fos_at_1_5m": 0.61546746677437347, "estimated_depth_m_today": 0.4053663119620331, "estimated_depth_m_tomorrow": 0.36241393980197545, "live_flexural_fos": 22.919526121048641, "live_flexural_fos_tomorrow": 31.714117650677331, "margin_to_failure_m": 0.83865951277781259, "margin_to_failure_m_tomorrow": 0.88161188493787024 }, "geometry": { "type": "Polygon", "coordinates": [ [ [ 3.588105202687709, 6.495018234011812 ], [ 3.58811571120048, 6.504063903992869 ], [ 3.597159798139546, 6.504053305320558 ], [ 3.597149128049315, 6.495007650201934 ], [ 3.588105202687709, 6.495018234011812 ] ] ] } },
{ "type": "Feature", "properties": { "mean_susceptibility": 0.72547757760789822, "mean_effective_drainage_score": 0.8301597953403661, "building_count": 75.0, "area_name": "Langbasa", "rain_mm_yesterday": 11.0, "forecast_rain_mm_today": 0.2, "forecast_rain_mm_tomorrow": 1.7, "et0_mm_yesterday": 3.21, "et0_mm_today": 4.41, "et0_mm_tomorrow": 4.32, "rolling_2day_rain_mm_today": 5.0322304241208187, "dynamic_risk_score_today": 0.26875405801515262, "risk_tier_today": "Medium", "rolling_2day_rain_mm_tomorrow": 1.7, "dynamic_risk_score_tomorrow": 0.23490963962943745, "risk_tier_tomorrow": "Low", "dynamic_risk_score": 0.26875405801515262, "risk_tier": "Medium", "construction_typology": "informal_older_stock", "wall_thickness_mm": 150, "wall_fkx_n_mm2": 0.6, "critical_failure_depth_m": 1.2440258247398457, "critical_failure_depth_free_m": 1.1122991031230518, "fos_at_0_3m": 55.011764265788258, "fos_at_0_45m": 16.951590321127167, "fos_at_0_9m": 2.3940627817587448, "fos_at_1_5m": 0.61546746677437347, "estimated_depth_m_today": 0.40313108702272893, "estimated_depth_m_tomorrow": 0.35236445944415618, "live_flexural_fos": 23.289227273429265, "live_flexural_fos_tomorrow": 34.415383746578826, "margin_to_failure_m": 0.84089473771711676, "margin_to_failure_m_tomorrow": 0.89166136529568951 }, "geometry": { "type": "Polygon", "coordinates": [ [ [ 3.579061262388906, 6.495028656327146 ], [ 3.579071609322903, 6.504074340943856 ], [ 3.58811571120048, 6.504063903992869 ], [ 3.588105202687709, 6.495018234011812 ], [ 3.579061262388906, 6.495028656327146 ] ] ] } },
{ "type": "Feature", "properties": { "mean_susceptibility": 0.88192771759204858, "mean_effective_drainage_score": 1.0, "building_count": 2.0, "area_name": "Langbasa", "rain_mm_yesterday": 11.0, "forecast_rain_mm_today": 0.2, "forecast_rain_mm_tomorrow": 1.7, "et0_mm_yesterday": 3.21, "et0_mm_today": 4.41, "et0_mm_tomorrow": 4.32, "rolling_2day_rain_mm_today": 6.34, "dynamic_risk_score_today": 0.34285821949108475, "risk_tier_today": "Medium", "rolling_2day_rain_mm_tomorrow": 1.7, "dynamic_risk_score_tomorrow": 0.28556819495630537, "risk_tier_tomorrow": "Medium", "dynamic_risk_score": 0.34285821949108475, "risk_tier": "Medium", "construction_typology": "informal_older_stock", "wall_thickness_mm": 150, "wall_fkx_n_mm2": 0.6, "critical_failure_depth_m": 1.2440258247398457, "critical_failure_depth_free_m": 1.1122991031230518, "fos_at_0_3m": 55.011764265788258, "fos_at_0_45m": 16.951590321127167, "fos_at_0_9m": 2.3940627817587448, "fos_at_1_5m": 0.61546746677437347, "estimated_depth_m_today": 0.51428732923662712, "estimated_depth_m_tomorrow": 0.42835229243445805, "live_flexural_fos": 11.551125900907534, "live_flexural_fos_tomorrow": 19.541954414380957, "margin_to_failure_m": 0.72973849550321856, "margin_to_failure_m_tomorrow": 0.81567353230538764 }, "geometry": { "type": "Polygon", "coordinates": [ [ [ 3.579071609322903, 6.504074340943856 ], [ 3.579081970965717, 6.513120022315999 ], [ 3.588126234651761, 6.513109570728856 ], [ 3.58811571120048, 6.504063903992869 ], [ 3.579071609322903, 6.504074340943856 ] ] ] } },
{ "type": "Feature", "properties": { "mean_susceptibility": 0.83169898601043124, "mean_effective_drainage_score": 0.61143054226793436, "building_count": 92.0, "area_name": "Langbasa", "rain_mm_yesterday": 11.0, "forecast_rain_mm_today": 0.2, "forecast_rain_mm_tomorrow": 1.7, "et0_mm_yesterday": 3.21, "et0_mm_today": 4.41, "et0_mm_tomorrow": 4.32, "rolling_2day_rain_mm_today": 3.3480151754630949, "dynamic_risk_score_today": 0.28849326737525205, "risk_tier_today": "Medium", "rolling_2day_rain_mm_tomorrow": 1.7, "dynamic_risk_score_tomorrow": 0.26930413167017764, "risk_tier_tomorrow": "Medium", "dynamic_risk_score": 0.28849326737525205, "risk_tier": "Medium", "construction_typology": "informal_older_stock", "wall_thickness_mm": 150, "wall_fkx_n_mm2": 0.6, "critical_failure_depth_m": 1.2440258247398457, "critical_failure_depth_free_m": 1.1122991031230518, "fos_at_0_3m": 55.011764265788258, "fos_at_0_45m": 16.951590321127167, "fos_at_0_9m": 2.3940627817587448, "fos_at_1_5m": 0.61546746677437347, "estimated_depth_m_today": 0.43273990106287807, "estimated_depth_m_tomorrow": 0.40395619750526646, "live_flexural_fos": 18.975442634432213, "live_flexural_fos_tomorrow": 23.151818753851099, "margin_to_failure_m": 0.81128592367696761, "margin_to_failure_m_tomorrow": 0.84006962723457923 }, "geometry": { "type": "Polygon", "coordinates": [ [ [ 3.58811571120048, 6.504063903992869 ], [ 3.588126234651761, 6.513109570728856 ], [ 3.597170483397979, 6.513098957193603 ], [ 3.597159798139546, 6.504053305320558 ], [ 3.58811571120048, 6.504063903992869 ] ] ] } },
{ "type": "Feature", "properties": { "mean_susceptibility": 0.97228916194757675, "mean_effective_drainage_score": 1.0, "building_count": 1.0, "area_name": "Langbasa", "rain_mm_yesterday": 11.0, "forecast_rain_mm_today": 0.2, "forecast_rain_mm_tomorrow": 1.7, "et0_mm_yesterday": 3.21, "et0_mm_today": 4.41, "et0_mm_tomorrow": 4.32, "rolling_2day_rain_mm_today": 6.34, "dynamic_risk_score_today": 0.37798713459874, "risk_tier_today": "Medium", "rolling_2day_rain_mm_tomorrow": 1.7, "dynamic_risk_score_tomorrow": 0.31482723063862528, "risk_tier_tomorrow": "Medium", "dynamic_risk_score": 0.37798713459874, "risk_tier": "Medium", "construction_typology": "informal_older_stock", "wall_thickness_mm": 150, "wall_fkx_n_mm2": 0.6, "critical_failure_depth_m": 1.2440258247398457, "critical_failure_depth_free_m": 1.1122991031230518, "fos_at_0_3m": 55.011764265788258, "fos_at_0_45m": 16.951590321127167, "fos_at_0_9m": 2.3940627817587448, "fos_at_1_5m": 0.61546746677437347, "estimated_depth_m_today": 0.56698070189811001, "estimated_depth_m_tomorrow": 0.47224084595793792, "live_flexural_fos": 8.742606963277975, "live_flexural_fos_tomorrow": 14.753964387954728, "margin_to_failure_m": 0.67704512284173568, "margin_to_failure_m_tomorrow": 0.77178497878190777 }, "geometry": { "type": "Polygon", "coordinates": [ [ [ 3.579081970965717, 6.513120022315999 ], [ 3.579071609322903, 6.504074340943856 ], [ 3.570027492736509, 6.504084616172226 ], [ 3.570029055425953, 6.50547131689429 ], [ 3.570574045000058, 6.507624150000026 ], [ 3.573254706631767, 6.513126670529744 ], [ 3.579081970965717, 6.513120022315999 ] ] ] } },
{ "type": "Feature", "properties": { "mean_susceptibility": 0.75976506690772838, "mean_effective_drainage_score": 0.69017570329864053, "building_count": 15.0, "area_name": "Badore", "rain_mm_yesterday": 11.0, "forecast_rain_mm_today": 0.2, "forecast_rain_mm_tomorrow": 1.7, "et0_mm_yesterday": 3.21, "et0_mm_today": 4.41, "et0_mm_tomorrow": 4.32, "rolling_2day_rain_mm_today": 3.9543529153995323, "dynamic_risk_score_today": 0.2699908289751527, "risk_tier_today": "Medium", "rolling_2day_rain_mm_tomorrow": 1.7, "dynamic_risk_score_tomorrow": 0.24601192866472243, "risk_tier_tomorrow": "Low", "dynamic_risk_score": 0.2699908289751527, "risk_tier": "Medium", "construction_typology": "informal_older_stock", "wall_thickness_mm": 150, "wall_fkx_n_mm2": 0.6, "critical_failure_depth_m": 1.2440258247398457, "critical_failure_depth_free_m": 1.1122991031230518, "fos_at_0_3m": 55.011764265788258, "fos_at_0_45m": 16.951590321127167, "fos_at_0_9m": 2.3940627817587448, "fos_at_1_5m": 0.61546746677437347, "estimated_depth_m_today": 0.40498624346272905, "estimated_depth_m_tomorrow": 0.36901789299708365, "live_flexural_fos": 22.981823078808915, "live_flexural_fos_tomorrow": 30.093582359449226, "margin_to_failure_m": 0.83903958127711664, "margin_to_failure_m_tomorrow": 0.87500793174276204 }, "geometry": { "type": "Polygon", "coordinates": [ [ [ 3.624269673255607, 6.485929317404896 ], [ 3.615225955427336, 6.485940370148215 ], [ 3.615230362727927, 6.489573562804774 ], [ 3.615266084000154, 6.489586830000122 ], [ 3.618068933000131, 6.49184322400015 ], [ 3.620616912000059, 6.492493154000099 ], [ 3.624276300283113, 6.491312478189723 ], [ 3.624269673255607, 6.485929317404896 ] ] ] } },
{ "type": "Feature", "properties": { "mean_susceptibility": 0.64475500702701116, "mean_effective_drainage_score": 0.62731443051327673, "building_count": 230.0, "area_name": "Badore", "rain_mm_yesterday": 11.0, "forecast_rain_mm_today": 0.2, "forecast_rain_mm_tomorrow": 1.7, "et0_mm_yesterday": 3.21, "et0_mm_today": 4.41, "et0_mm_tomorrow": 4.32, "rolling_2day_rain_mm_today": 3.4703211149522311, "dynamic_risk_score_today": 0.22475159891610152, "risk_tier_today": "Low", "rolling_2day_rain_mm_tomorrow": 1.7, "dynamic_risk_score_tomorrow": 0.20877167127534624, "risk_tier_tomorrow": "Low", "dynamic_risk_score": 0.22475159891610152, "risk_tier": "Low", "construction_typology": "informal_older_stock", "wall_thickness_mm": 150, "wall_fkx_n_mm2": 0.6, "critical_failure_depth_m": 1.2440258247398457, "critical_failure_depth_free_m": 1.1122991031230518, "fos_at_0_3m": 55.011764265788258, "fos_at_0_45m": 16.951590321127167, "fos_at_0_9m": 2.3940627817587448, "fos_at_1_5m": 0.61546746677437347, "estimated_depth_m_today": 0.33712739837415229, "estimated_depth_m_tomorrow": 0.31315750691301936, "live_flexural_fos": 39.140227066601213, "live_flexural_fos_tomorrow": 48.530217663125796, "margin_to_failure_m": 0.9068984263656934, "margin_to_failure_m_tomorrow": 0.93086831782682633 }, "geometry": { "type": "Polygon", "coordinates": [ [ [ 3.606193038244056, 6.494996904898826 ], [ 3.606203869910412, 6.504042544928238 ], [ 3.614549535906749, 6.504032471995238 ], [ 3.612694978000036, 6.501843930000176 ], [ 3.610328912000056, 6.498195170999962 ], [ 3.607513194678337, 6.494995322878171 ], [ 3.606193038244056, 6.494996904898826 ] ] ] } },
{ "type": "Feature", "properties": { "mean_susceptibility": 0.63486370176347273, "mean_effective_drainage_score": 0.66640609122426375, "building_count": 442.0, "area_name": "Badore", "rain_mm_yesterday": 11.0, "forecast_rain_mm_today": 0.2, "forecast_rain_mm_tomorrow": 1.7, "et0_mm_yesterday": 3.21, "et0_mm_today": 4.41, "et0_mm_tomorrow": 4.32, "rolling_2day_rain_mm_today": 3.7713269024268312, "dynamic_risk_score_today": 0.22397901033873002, "risk_tier_today": "Low", "rolling_2day_rain_mm_tomorrow": 1.7, "dynamic_risk_score_tomorrow": 0.20556886663101248, "risk_tier_tomorrow": "Low", "dynamic_risk_score": 0.22397901033873002, "risk_tier": "Low", "construction_typology": "informal_older_stock", "wall_thickness_mm": 150, "wall_fkx_n_mm2": 0.6, "critical_failure_depth_m": 1.2440258247398457, "critical_failure_depth_free_m": 1.1122991031230518, "fos_at_0_3m": 55.011764265788258, "fos_at_0_45m": 16.951590321127167, "fos_at_0_9m": 2.3940627817587448, "fos_at_1_5m": 0.61546746677437347, "estimated_depth_m_today": 0.33596851550809503, "estimated_depth_m_tomorrow": 0.30835329994651872, "live_flexural_fos": 39.534731941650435, "live_flexural_fos_tomorrow": 50.77076985256658, "margin_to_failure_m": 0.90805730923175065, "margin_to_failure_m_tomorrow": 0.93567252479332697 }, "geometry": { "type": "Polygon", "coordinates": [ [ [ 3.597149128049315, 6.495007650201934 ], [ 3.597159798139546, 6.504053305320558 ], [ 3.606203869910412, 6.504042544928238 ], [ 3.606193038244056, 6.494996904898826 ], [ 3.597149128049315, 6.495007650201934 ] ] ] } },
{ "type": "Feature", "properties": { "mean_susceptibility": 0.60966216340979318, "mean_effective_drainage_score": 0.34670945778059942, "building_count": 614.0, "area_name": "Badore", "rain_mm_yesterday": 11.0, "forecast_rain_mm_today": 0.2, "forecast_rain_mm_tomorrow": 1.7, "et0_mm_yesterday": 3.21, "et0_mm_today": 4.41, "et0_mm_tomorrow": 4.32, "rolling_2day_rain_mm_today": 1.3096628249106155, "dynamic_risk_score_today": 0.19407697521935141, "risk_tier_today": "Low", "rolling_2day_rain_mm_tomorrow": 1.7, "dynamic_risk_score_tomorrow": 0.19740860851209097, "risk_tier_tomorrow": "Low", "dynamic_risk_score": 0.19407697521935141, "risk_tier": "Low", "construction_typology": "informal_older_stock", "wall_thickness_mm": 150, "wall_fkx_n_mm2": 0.6, "critical_failure_depth_m": 1.2440258247398457, "critical_failure_depth_free_m": 1.1122991031230518, "fos_at_0_3m": 55.011764265788258, "fos_at_0_45m": 16.951590321127167, "fos_at_0_9m": 2.3940627817587448, "fos_at_1_5m": 0.61546746677437347, "estimated_depth_m_today": 0.29111546282902712, "estimated_depth_m_tomorrow": 0.29611291276813645, "live_flexural_fos": 60.065423547975641, "live_flexural_fos_tomorrow": 57.14919346177367, "margin_to_failure_m": 0.95291036191081857, "margin_to_failure_m_tomorrow": 0.94791291197170924 }, "geometry": { "type": "Polygon", "coordinates": [ [ [ 3.615249537317365, 6.505356158571612 ], [ 3.614811897000152, 6.504342079000025 ], [ 3.614549535906749, 6.504032471995238 ], [ 3.606203869910412, 6.504042544928238 ], [ 3.606214716974659, 6.513088181711556 ], [ 3.614976271119879, 6.513077588569486 ], [ 3.615257924401658, 6.512247279450106 ], [ 3.615249537317365, 6.505356158571612 ] ] ] } },
{ "type": "Feature", "properties": { "mean_susceptibility": 0.6747139671228789, "mean_effective_drainage_score": 0.40827342675812722, "building_count": 468.0, "area_name": "Badore", "rain_mm_yesterday": 11.0, "forecast_rain_mm_today": 0.2, "forecast_rain_mm_tomorrow": 1.7, "et0_mm_yesterday": 3.21, "et0_mm_today": 4.41, "et0_mm_tomorrow": 4.32, "rolling_2day_rain_mm_today": 1.7837053860375798, "dynamic_risk_score_today": 0.21926306325754974, "risk_tier_today": "Low", "rolling_2day_rain_mm_tomorrow": 1.7, "dynamic_risk_score_tomorrow": 0.21847238255438817, "risk_tier_tomorrow": "Low", "dynamic_risk_score": 0.21926306325754974, "risk_tier": "Low", "construction_typology": "informal_older_stock", "wall_thickness_mm": 150, "wall_fkx_n_mm2": 0.6, "critical_failure_depth_m": 1.2440258247398457, "critical_failure_depth_free_m": 1.1122991031230518, "fos_at_0_3m": 55.011764265788258, "fos_at_0_45m": 16.951590321127167, "fos_at_0_9m": 2.3940627817587448, "fos_at_1_5m": 0.61546746677437347, "estimated_depth_m_today": 0.32889459488632461, "estimated_depth_m_tomorrow": 0.32770857383158225, "live_flexural_fos": 42.063500072650605, "live_flexural_fos_tomorrow": 42.508748816189296, "margin_to_failure_m": 0.91513122985352102, "margin_to_failure_m_tomorrow": 0.91631725090826344 }, "geometry": { "type": "Polygon", "coordinates": [ [ [ 3.597159798139546, 6.504053305320558 ], [ 3.597170483397979, 6.513098957193603 ], [ 3.606214716974659, 6.513088181711556 ], [ 3.606203869910412, 6.504042544928238 ], [ 3.597159798139546, 6.504053305320558 ] ] ] } },
{ "type": "Feature", "properties": { "mean_susceptibility": 0.68097256816662188, "mean_effective_drainage_score": 0.20243142041655485, "building_count": 1.0, "area_name": "Badore", "rain_mm_yesterday": 11.0, "forecast_rain_mm_today": 0.2, "forecast_rain_mm_tomorrow": 1.7, "et0_mm_yesterday": 3.21, "et0_mm_today": 4.41, "et0_mm_tomorrow": 4.32, "rolling_2day_rain_mm_today": 0.2, "dynamic_risk_score_today": 0.20619849364085308, "risk_tier_today": "Low", "rolling_2day_rain_mm_tomorrow": 1.7, "dynamic_risk_score_tomorrow": 0.22049891757235218, "risk_tier_tomorrow": "Low", "dynamic_risk_score": 0.20619849364085308, "risk_tier": "Low", "construction_typology": "informal_older_stock", "wall_thickness_mm": 150, "wall_fkx_n_mm2": 0.6, "critical_failure_depth_m": 1.2440258247398457, "critical_failure_depth_free_m": 1.1122991031230518, "fos_at_0_3m": 55.011764265788258, "fos_at_0_45m": 16.951590321127167, "fos_at_0_9m": 2.3940627817587448, "fos_at_1_5m": 0.61546746677437347, "estimated_depth_m_today": 0.30929774046127961, "estimated_depth_m_tomorrow": 0.33074837635852827, "live_flexural_fos": 50.319425044403516, "live_flexural_fos_tomorrow": 41.38012061193286, "margin_to_failure_m": 0.93472808427856613, "margin_to_failure_m_tomorrow": 0.91327744838131741 }, "geometry": { "type": "Polygon", "coordinates": [ [ [ 3.597170483397979, 6.513098957193603 ], [ 3.597181183825948, 6.522144605816635 ], [ 3.606225579438153, 6.522133815244343 ], [ 3.606214716974659, 6.513088181711556 ], [ 3.597170483397979, 6.513098957193603 ] ] ] } }
]
}
