{
"type": "FeatureCollection",
"name": "etiosa_drainage_blockage",
"crs": { "type": "name", "properties": { "name": "urn:ogc:def:crs:OGC:1.3:CRS84" } },
"features": [
{ "type": "Feature", "properties": { "name": null, "waterway": "canal", "tunnel": null, "waterway_vulnerability": 0.3, "is_culvert": false, "nearby_building_count": 0, "encroachment_score": 0.0, "blockage_risk": 0.12 }, "geometry": { "type": "LineString", "coordinates": [ [ 3.4057496, 6.4048753 ], [ 3.4057694, 6.4045755 ], [ 3.4058748, 6.4042939 ], [ 3.4060569, 6.4040542 ], [ 3.4063006, 6.4038763 ], [ 3.4065854, 6.4037754 ], [ 3.4068873, 6.4037597 ], [ 3.407181, 6.4038307 ], [ 3.407442, 6.4039824 ], [ 3.4076154, 6.4041529 ] ] } },
{ "type": "Feature", "properties": { "name": null, "waterway": "canal", "tunnel": null, "waterway_vulnerability": 0.3, "is_culvert": false, "nearby_building_count": 0, "encroachment_score": 0.0, "blockage_risk": 0.12 }, "geometry": { "type": "LineString", "coordinates": [ [ 3.4077826, 6.4044712 ], [ 3.4078336, 6.4047673 ], [ 3.4077972, 6.4050655 ], [ 3.4076762, 6.4053409 ], [ 3.4074809, 6.4055702 ], [ 3.4072277, 6.4057343 ] ] } },
{ "type": "Feature", "properties": { "name": null, "waterway": "canal", "tunnel": null, "waterway_vulnerability": 0.3, "is_culvert": false, "nearby_building_count": 0, "encroachment_score": 0.0, "blockage_risk": 0.12 }, "geometry": { "type": "LineString", "coordinates": [ [ 3.4057496, 6.4048753 ], [ 3.4024928, 6.4051816 ], [ 3.399908, 6.4054612 ] ] } },
{ "type": "Feature", "properties": { "name": null, "waterway": "canal", "tunnel": null, "waterway_vulnerability": 0.3, "is_culvert": false, "nearby_building_count": 0, "encroachment_score": 0.0, "blockage_risk": 0.12 }, "geometry": { "type": "LineString", "coordinates": [ [ 3.4072277, 6.4057343 ], [ 3.4069541, 6.405817 ], [ 3.4066683, 6.4058228 ], [ 3.4063915, 6.4057512 ], [ 3.4061447, 6.4056078 ], [ 3.4059463, 6.4054032 ], [ 3.4058113, 6.4051528 ], [ 3.4057496, 6.4048753 ] ] } },
{ "type": "Feature", "properties": { "name": null, "waterway": "canal", "tunnel": null, "waterway_vulnerability": 0.3, "is_culvert": false, "nearby_building_count": 0, "encroachment_score": 0.0, "blockage_risk": 0.12 }, "geometry": { "type": "LineString", "coordinates": [ [ 3.4072277, 6.4057343 ], [ 3.407704, 6.4066367 ], [ 3.4088095, 6.4089397 ], [ 3.4108427, 6.4130749 ] ] } },
{ "type": "Feature", "properties": { "name": "Commodore Channel", "waterway": "river", "tunnel": null, "waterway_vulnerability": 0.2, "is_culvert": false, "nearby_building_count": 0, "encroachment_score": 0.0, "blockage_risk": 0.08 }, "geometry": { "type": "LineString", "coordinates": [ [ 3.4016603, 6.4311223 ], [ 3.4019851, 6.4300701 ], [ 3.4023768, 6.4273568 ], [ 3.4024197, 6.4264399 ], [ 3.402366, 6.4254697 ], [ 3.4011805, 6.4178521 ], [ 3.4002149, 6.4105062 ], [ 3.3999145, 6.4069132 ], [ 3.399908, 6.4054612 ], [ 3.399934443080943, 6.403320216324034 ] ] } },
{ "type": "Feature", "properties": { "name": null, "waterway": "drain", "tunnel": null, "waterway_vulnerability": 0.8, "is_culvert": false, "nearby_building_count": 0, "encroachment_score": 0.0, "blockage_risk": 0.32 }, "geometry": { "type": "LineString", "coordinates": [ [ 3.411158, 6.4240174 ], [ 3.4111102, 6.423976 ], [ 3.4106488, 6.4236649 ], [ 3.4104607, 6.4239345 ], [ 3.4103432, 6.4241774 ], [ 3.4102601, 6.4241836 ] ] } },
{ "type": "Feature", "properties": { "name": null, "waterway": "drain", "tunnel": "culvert", "waterway_vulnerability": 0.8, "is_culvert": true, "nearby_building_count": 0, "encroachment_score": 0.0, "blockage_risk": 0.57 }, "geometry": { "type": "LineString", "coordinates": [ [ 3.4112179, 6.4240648 ], [ 3.411158, 6.4240174 ] ] } },
{ "type": "Feature", "properties": { "name": null, "waterway": "drain", "tunnel": "culvert", "waterway_vulnerability": 0.8, "is_culvert": true, "nearby_building_count": 0, "encroachment_score": 0.0, "blockage_risk": 0.57 }, "geometry": { "type": "LineString", "coordinates": [ [ 3.4102601, 6.4241836 ], [ 3.4099803, 6.4241816 ] ] } },
{ "type": "Feature", "properties": { "name": null, "waterway": "drain", "tunnel": null, "waterway_vulnerability": 0.8, "is_culvert": false, "nearby_building_count": 1, "encroachment_score": 0.51466993141736472, "blockage_risk": 0.50013447599607774 }, "geometry": { "type": "LineString", "coordinates": [ [ 3.4099803, 6.4241816 ], [ 3.4096534, 6.4241874 ] ] } },
{ "type": "Feature", "properties": { "name": null, "waterway": "canal", "tunnel": null, "waterway_vulnerability": 0.3, "is_culvert": false, "nearby_building_count": 0, "encroachment_score": 0.0, "blockage_risk": 0.12 }, "geometry": { "type": "LineString", "coordinates": [ [ 3.4558593, 6.4180898 ], [ 3.443635, 6.417948 ], [ 3.4332981, 6.41778 ], [ 3.4316895, 6.4177876 ], [ 3.4306713, 6.4177351 ], [ 3.4295076, 6.4175406 ], [ 3.4280771, 6.4172406 ], [ 3.4265872, 6.416892 ], [ 3.4250647, 6.4165024 ], [ 3.4237928, 6.4161496 ], [ 3.4225083, 6.415716 ], [ 3.4197815, 6.4146439 ], [ 3.4185709, 6.41415 ], [ 3.4161687, 6.4132036 ], [ 3.4145808, 6.4126225 ], [ 3.4140765, 6.412436 ], [ 3.4136367, 6.4123427 ], [ 3.4131807, 6.4123134 ], [ 3.4127408, 6.4123507 ], [ 3.4123493, 6.41242 ], [ 3.4118396, 6.4126012 ], [ 3.4111422, 6.4129317 ], [ 3.4108427, 6.4130749 ], [ 3.4061687, 6.4152309 ], [ 3.4011805, 6.4178521 ] ] } },
{ "type": "Feature", "properties": { "name": null, "waterway": "drain", "tunnel": null, "waterway_vulnerability": 0.8, "is_culvert": false, "nearby_building_count": 2, "encroachment_score": 0.36727866224556449, "blockage_risk": 0.44854753178594764 }, "geometry": { "type": "LineString", "coordinates": [ [ 3.4285618, 6.424644 ], [ 3.4294778, 6.4246199 ] ] } },
{ "type": "Feature", "properties": { "name": null, "waterway": "drain", "tunnel": "culvert", "waterway_vulnerability": 0.8, "is_culvert": true, "nearby_building_count": 1, "encroachment_score": 0.45672964073514238, "blockage_risk": 0.72985537425729985 }, "geometry": { "type": "LineString", "coordinates": [ [ 3.4281935, 6.4246537 ], [ 3.4285618, 6.424644 ] ] } },
{ "type": "Feature", "properties": { "name": null, "waterway": "drain", "tunnel": null, "waterway_vulnerability": 0.8, "is_culvert": false, "nearby_building_count": 1, "encroachment_score": 0.15144806055910495, "blockage_risk": 0.37300682119568679 }, "geometry": { "type": "LineString", "coordinates": [ [ 3.4270828, 6.424683 ], [ 3.4281935, 6.4246537 ] ] } },
{ "type": "Feature", "properties": { "name": null, "waterway": "drain", "tunnel": "culvert", "waterway_vulnerability": 0.8, "is_culvert": true, "nearby_building_count": 0, "encroachment_score": 0.0, "blockage_risk": 0.57 }, "geometry": { "type": "LineString", "coordinates": [ [ 3.4268054, 6.4246903 ], [ 3.4270828, 6.424683 ] ] } },
{ "type": "Feature", "properties": { "name": null, "waterway": "drain", "tunnel": null, "waterway_vulnerability": 0.8, "is_culvert": false, "nearby_building_count": 1, "encroachment_score": 0.13078683183310275, "blockage_risk": 0.36577539114158603 }, "geometry": { "type": "LineString", "coordinates": [ [ 3.4255193, 6.4247266 ], [ 3.4268054, 6.4246903 ] ] } },
{ "type": "Feature", "properties": { "name": null, "waterway": "drain", "tunnel": "culvert", "waterway_vulnerability": 0.8, "is_culvert": true, "nearby_building_count": 0, "encroachment_score": 0.0, "blockage_risk": 0.57 }, "geometry": { "type": "LineString", "coordinates": [ [ 3.4247662, 6.4247476 ], [ 3.4255193, 6.4247266 ] ] } },
{ "type": "Feature", "properties": { "name": null, "waterway": "drain", "tunnel": null, "waterway_vulnerability": 0.8, "is_culvert": false, "nearby_building_count": 0, "encroachment_score": 0.0, "blockage_risk": 0.32 }, "geometry": { "type": "LineString", "coordinates": [ [ 3.4240787, 6.4247622 ], [ 3.4244951, 6.4247566 ], [ 3.4247662, 6.4247476 ] ] } },
{ "type": "Feature", "properties": { "name": null, "waterway": "drain", "tunnel": "culvert", "waterway_vulnerability": 0.8, "is_culvert": true, "nearby_building_count": 0, "encroachment_score": 0.0, "blockage_risk": 0.57 }, "geometry": { "type": "LineString", "coordinates": [ [ 3.4237752, 6.4247702 ], [ 3.4240787, 6.4247622 ] ] } },
{ "type": "Feature", "properties": { "name": null, "waterway": "drain", "tunnel": null, "waterway_vulnerability": 0.8, "is_culvert": false, "nearby_building_count": 1, "encroachment_score": 0.1126758287689086, "blockage_risk": 0.35943654006911807 }, "geometry": { "type": "LineString", "coordinates": [ [ 3.4222823, 6.4248095 ], [ 3.4237752, 6.4247702 ] ] } },
{ "type": "Feature", "properties": { "name": null, "waterway": "drain", "tunnel": "culvert", "waterway_vulnerability": 0.8, "is_culvert": true, "nearby_building_count": 0, "encroachment_score": 0.0, "blockage_risk": 0.57 }, "geometry": { "type": "LineString", "coordinates": [ [ 3.4096534, 6.4241874 ], [ 3.4082221, 6.4242001 ] ] } },
{ "type": "Feature", "properties": { "name": null, "waterway": "drain", "tunnel": null, "waterway_vulnerability": 0.8, "is_culvert": false, "nearby_building_count": 1, "encroachment_score": 0.94886347236454704, "blockage_risk": 0.65210221532759149 }, "geometry": { "type": "LineString", "coordinates": [ [ 3.4082221, 6.4242001 ], [ 3.4080448, 6.4242039 ] ] } },
{ "type": "Feature", "properties": { "name": null, "waterway": "drain", "tunnel": null, "waterway_vulnerability": 0.8, "is_culvert": false, "nearby_building_count": 0, "encroachment_score": 0.0, "blockage_risk": 0.32 }, "geometry": { "type": "LineString", "coordinates": [ [ 3.4135053, 6.4253934 ], [ 3.4127505, 6.4254034 ], [ 3.4119538, 6.4246789 ], [ 3.4112179, 6.4240648 ] ] } },
{ "type": "Feature", "properties": { "name": null, "waterway": "drain", "tunnel": "culvert", "waterway_vulnerability": 0.8, "is_culvert": true, "nearby_building_count": 0, "encroachment_score": 0.0, "blockage_risk": 0.57 }, "geometry": { "type": "LineString", "coordinates": [ [ 3.4136433, 6.4253938 ], [ 3.4135053, 6.4253934 ] ] } },
{ "type": "Feature", "properties": { "name": null, "waterway": "drain", "tunnel": null, "waterway_vulnerability": 0.8, "is_culvert": false, "nearby_building_count": 0, "encroachment_score": 0.0, "blockage_risk": 0.32 }, "geometry": { "type": "LineString", "coordinates": [ [ 3.4148767, 6.4253975 ], [ 3.4136433, 6.4253938 ] ] } },
{ "type": "Feature", "properties": { "name": null, "waterway": "drain", "tunnel": "culvert", "waterway_vulnerability": 0.8, "is_culvert": true, "nearby_building_count": 0, "encroachment_score": 0.0, "blockage_risk": 0.57 }, "geometry": { "type": "LineString", "coordinates": [ [ 3.4150307, 6.425398 ], [ 3.4148767, 6.4253975 ] ] } },
{ "type": "Feature", "properties": { "name": null, "waterway": "drain", "tunnel": null, "waterway_vulnerability": 0.8, "is_culvert": false, "nearby_building_count": 0, "encroachment_score": 0.0, "blockage_risk": 0.32 }, "geometry": { "type": "LineString", "coordinates": [ [ 3.4163849, 6.425402 ], [ 3.4150307, 6.425398 ] ] } },
{ "type": "Feature", "properties": { "name": null, "waterway": "drain", "tunnel": null, "waterway_vulnerability": 0.8, "is_culvert": false, "nearby_building_count": 0, "encroachment_score": 0.0, "blockage_risk": 0.32 }, "geometry": { "type": "LineString", "coordinates": [ [ 3.4188461, 6.4271627 ], [ 3.4187277, 6.4273676 ], [ 3.4187255, 6.4277946 ] ] } },
{ "type": "Feature", "properties": { "name": null, "waterway": "drain", "tunnel": "culvert", "waterway_vulnerability": 0.8, "is_culvert": true, "nearby_building_count": 0, "encroachment_score": 0.0, "blockage_risk": 0.57 }, "geometry": { "type": "LineString", "coordinates": [ [ 3.4187255, 6.4277946 ], [ 3.4187268, 6.4279059 ] ] } },
{ "type": "Feature", "properties": { "name": null, "waterway": "drain", "tunnel": null, "waterway_vulnerability": 0.8, "is_culvert": false, "nearby_building_count": 0, "encroachment_score": 0.0, "blockage_risk": 0.32 }, "geometry": { "type": "LineString", "coordinates": [ [ 3.4187268, 6.4279059 ], [ 3.418747, 6.4286915 ] ] } },
{ "type": "Feature", "properties": { "name": null, "waterway": "drain", "tunnel": null, "waterway_vulnerability": 0.8, "is_culvert": false, "nearby_building_count": 0, "encroachment_score": 0.0, "blockage_risk": 0.32 }, "geometry": { "type": "LineString", "coordinates": [ [ 3.4247719, 6.4259031 ], [ 3.424745, 6.4289949 ] ] } },
{ "type": "Feature", "properties": { "name": null, "waterway": "drain", "tunnel": null, "waterway_vulnerability": 0.8, "is_culvert": false, "nearby_building_count": 2, "encroachment_score": 0.23519891175898039, "blockage_risk": 0.40231961911564318 }, "geometry": { "type": "LineString", "coordinates": [ [ 3.4240739, 6.4289934 ], [ 3.424745, 6.4289949 ], [ 3.4248511, 6.4289951 ], [ 3.4255048, 6.4289958 ] ] } },
{ "type": "Feature", "properties": { "name": null, "waterway": "drain", "tunnel": "culvert", "waterway_vulnerability": 0.8, "is_culvert": true, "nearby_building_count": 0, "encroachment_score": 0.0, "blockage_risk": 0.57 }, "geometry": { "type": "LineString", "coordinates": [ [ 3.4255048, 6.4289958 ], [ 3.4257166, 6.428996 ] ] } },
{ "type": "Feature", "properties": { "name": null, "waterway": "drain", "tunnel": null, "waterway_vulnerability": 0.8, "is_culvert": false, "nearby_building_count": 9, "encroachment_score": 0.37885139278841173, "blockage_risk": 0.45259798747594415 }, "geometry": { "type": "LineString", "coordinates": [ [ 3.4257166, 6.428996 ], [ 3.4297141, 6.4290004 ] ] } },
{ "type": "Feature", "properties": { "name": null, "waterway": "drain", "tunnel": "culvert", "waterway_vulnerability": 0.8, "is_culvert": true, "nearby_building_count": 0, "encroachment_score": 0.0, "blockage_risk": 0.57 }, "geometry": { "type": "LineString", "coordinates": [ [ 3.4297141, 6.4290004 ], [ 3.4306217, 6.4290014 ] ] } },
{ "type": "Feature", "properties": { "name": null, "waterway": "drain", "tunnel": null, "waterway_vulnerability": 0.8, "is_culvert": false, "nearby_building_count": 4, "encroachment_score": 0.32506126104809968, "blockage_risk": 0.43377144136683493 }, "geometry": { "type": "LineString", "coordinates": [ [ 3.4248137, 6.4310661 ], [ 3.4248511, 6.4289951 ] ] } },
{ "type": "Feature", "properties": { "name": null, "waterway": "drain", "tunnel": null, "waterway_vulnerability": 0.8, "is_culvert": false, "nearby_building_count": 1, "encroachment_score": 0.12923941166094094, "blockage_risk": 0.36523379408132939 }, "geometry": { "type": "LineString", "coordinates": [ [ 3.4201804, 6.4299729 ], [ 3.4209952, 6.4309888 ] ] } },
{ "type": "Feature", "properties": { "name": null, "waterway": "drain", "tunnel": null, "waterway_vulnerability": 0.8, "is_culvert": false, "nearby_building_count": 2, "encroachment_score": 0.23449548618644872, "blockage_risk": 0.4020734201652571 }, "geometry": { "type": "LineString", "coordinates": [ [ 3.4187572, 6.4303146 ], [ 3.4187826, 6.4314967 ], [ 3.4188453, 6.4317421 ] ] } },
{ "type": "Feature", "properties": { "name": null, "waterway": "drain", "tunnel": "culvert", "waterway_vulnerability": 0.8, "is_culvert": true, "nearby_building_count": 0, "encroachment_score": 0.0, "blockage_risk": 0.57 }, "geometry": { "type": "LineString", "coordinates": [ [ 3.4209952, 6.4309888 ], [ 3.4211319, 6.4311591 ] ] } },
{ "type": "Feature", "properties": { "name": null, "waterway": "drain", "tunnel": null, "waterway_vulnerability": 0.8, "is_culvert": false, "nearby_building_count": 1, "encroachment_score": 0.13332680156950441, "blockage_risk": 0.3666643805493266 }, "geometry": { "type": "LineString", "coordinates": [ [ 3.4211319, 6.4311591 ], [ 3.42181, 6.4320046 ], [ 3.4218649, 6.4321745 ] ] } },
{ "type": "Feature", "properties": { "name": null, "waterway": "drain", "tunnel": null, "waterway_vulnerability": 0.8, "is_culvert": false, "nearby_building_count": 1, "encroachment_score": 0.040273604502899886, "blockage_risk": 0.334095761576015 }, "geometry": { "type": "LineString", "coordinates": [ [ 3.4158544, 6.4262764 ], [ 3.4158435, 6.430456 ] ] } },
{ "type": "Feature", "properties": { "name": null, "waterway": "drain", "tunnel": "culvert", "waterway_vulnerability": 0.8, "is_culvert": true, "nearby_building_count": 0, "encroachment_score": 0.0, "blockage_risk": 0.57 }, "geometry": { "type": "LineString", "coordinates": [ [ 3.418747, 6.4286915 ], [ 3.418747, 6.4287861 ] ] } },
{ "type": "Feature", "properties": { "name": null, "waterway": "drain", "tunnel": null, "waterway_vulnerability": 0.8, "is_culvert": false, "nearby_building_count": 0, "encroachment_score": 0.0, "blockage_risk": 0.32 }, "geometry": { "type": "LineString", "coordinates": [ [ 3.418747, 6.4287861 ], [ 3.4187496, 6.4290353 ] ] } },
{ "type": "Feature", "properties": { "name": null, "waterway": "drain", "tunnel": "culvert", "waterway_vulnerability": 0.8, "is_culvert": true, "nearby_building_count": 0, "encroachment_score": 0.0, "blockage_risk": 0.57 }, "geometry": { "type": "LineString", "coordinates": [ [ 3.4187496, 6.4290353 ], [ 3.4187503, 6.4291279 ] ] } },
{ "type": "Feature", "properties": { "name": null, "waterway": "drain", "tunnel": null, "waterway_vulnerability": 0.8, "is_culvert": false, "nearby_building_count": 0, "encroachment_score": 0.0, "blockage_risk": 0.32 }, "geometry": { "type": "LineString", "coordinates": [ [ 3.4187503, 6.4291279 ], [ 3.4187597, 6.4296257 ] ] } },
{ "type": "Feature", "properties": { "name": null, "waterway": "drain", "tunnel": "culvert", "waterway_vulnerability": 0.8, "is_culvert": true, "nearby_building_count": 0, "encroachment_score": 0.0, "blockage_risk": 0.57 }, "geometry": { "type": "LineString", "coordinates": [ [ 3.4187597, 6.4296257 ], [ 3.4187584, 6.429701 ] ] } },
{ "type": "Feature", "properties": { "name": null, "waterway": "drain", "tunnel": null, "waterway_vulnerability": 0.8, "is_culvert": false, "nearby_building_count": 0, "encroachment_score": 0.0, "blockage_risk": 0.32 }, "geometry": { "type": "LineString", "coordinates": [ [ 3.4187584, 6.429701 ], [ 3.4187545, 6.4300486 ] ] } },
{ "type": "Feature", "properties": { "name": null, "waterway": "drain", "tunnel": "culvert", "waterway_vulnerability": 0.8, "is_culvert": true, "nearby_building_count": 0, "encroachment_score": 0.0, "blockage_risk": 0.57 }, "geometry": { "type": "LineString", "coordinates": [ [ 3.4187545, 6.4300486 ], [ 3.4187572, 6.4303146 ] ] } },
{ "type": "Feature", "properties": { "name": null, "waterway": "drain", "tunnel": "culvert", "waterway_vulnerability": 0.8, "is_culvert": true, "nearby_building_count": 0, "encroachment_score": 0.0, "blockage_risk": 0.57 }, "geometry": { "type": "LineString", "coordinates": [ [ 3.4158435, 6.430456 ], [ 3.4158476, 6.4307559 ] ] } },
{ "type": "Feature", "properties": { "name": null, "waterway": "drain", "tunnel": null, "waterway_vulnerability": 0.8, "is_culvert": false, "nearby_building_count": 0, "encroachment_score": 0.0, "blockage_risk": 0.32 }, "geometry": { "type": "LineString", "coordinates": [ [ 3.4121384, 6.4306659 ], [ 3.4121062, 6.4307885 ], [ 3.4120821, 6.4329927 ] ] } },
{ "type": "Feature", "properties": { "name": "Kuramo Creek", "waterway": "stream", "tunnel": null, "waterway_vulnerability": 0.35, "is_culvert": false, "nearby_building_count": 2, "encroachment_score": 0.02450963693011398, "blockage_risk": 0.14857837292553988 }, "geometry": { "type": "LineString", "coordinates": [ [ 3.4370921, 6.4339438 ], [ 3.436663, 6.4339775 ], [ 3.4336384, 6.4338473 ], [ 3.4335766, 6.4338317 ], [ 3.4335265, 6.4337972 ], [ 3.4334982, 6.4337377 ], [ 3.4335025, 6.4336783 ], [ 3.4335979, 6.4329254 ], [ 3.4335775, 6.4328498 ], [ 3.4335207, 6.4327977 ], [ 3.4334201, 6.4327838 ], [ 3.4320673, 6.4327618 ], [ 3.4320362, 6.4325873 ], [ 3.4320173, 6.4324811 ], [ 3.4319134, 6.4324739 ], [ 3.4317591, 6.4324287 ], [ 3.4314586, 6.4322423 ], [ 3.4313959, 6.4321228 ], [ 3.431417, 6.4319729 ], [ 3.4315777, 6.4312628 ], [ 3.4316249, 6.4307894 ], [ 3.4315044, 6.4305406 ], [ 3.4312255, 6.4301568 ], [ 3.4308071, 6.4296451 ], [ 3.4306705, 6.4292402 ], [ 3.4306217, 6.4290014 ], [ 3.4306461, 6.4286962 ], [ 3.4307829, 6.428331 ], [ 3.4309637, 6.4280555 ], [ 3.4309895, 6.427726 ], [ 3.4308028, 6.4274691 ], [ 3.4308457, 6.4272772 ], [ 3.4310431, 6.4270945 ], [ 3.4311242, 6.4270542 ], [ 3.431336, 6.4268493 ], [ 3.4315204, 6.4265298 ], [ 3.4315967, 6.426307 ], [ 3.4316163, 6.4262599 ] ] } },
{ "type": "Feature", "properties": { "name": null, "waterway": "drain", "tunnel": null, "waterway_vulnerability": 0.8, "is_culvert": false, "nearby_building_count": 0, "encroachment_score": 0.0, "blockage_risk": 0.32 }, "geometry": { "type": "LineString", "coordinates": [ [ 3.4308144, 6.4327625 ], [ 3.4314739, 6.4327621 ], [ 3.4320673, 6.4327618 ] ] } },
{ "type": "Feature", "properties": { "name": null, "waterway": "drain", "tunnel": null, "waterway_vulnerability": 0.8, "is_culvert": false, "nearby_building_count": 2, "encroachment_score": 0.22647528974068934, "blockage_risk": 0.39926635140924133 }, "geometry": { "type": "LineString", "coordinates": [ [ 3.4314739, 6.4342486 ], [ 3.4314739, 6.4327621 ] ] } },
{ "type": "Feature", "properties": { "name": "Kuramo Creek", "waterway": "stream", "tunnel": "culvert", "waterway_vulnerability": 0.35, "is_culvert": true, "nearby_building_count": 3, "encroachment_score": 0.32396384563822744, "blockage_risk": 0.50338734597337953 }, "geometry": { "type": "LineString", "coordinates": [ [ 3.4383795, 6.4333707 ], [ 3.4383022, 6.4333328 ], [ 3.4378712, 6.4332758 ], [ 3.4375517, 6.4334537 ], [ 3.4370921, 6.4339438 ] ] } },
{ "type": "Feature", "properties": { "name": null, "waterway": "drain", "tunnel": "culvert", "waterway_vulnerability": 0.8, "is_culvert": true, "nearby_building_count": 0, "encroachment_score": 0.0, "blockage_risk": 0.57 }, "geometry": { "type": "LineString", "coordinates": [ [ 3.4314739, 6.4345425 ], [ 3.4314739, 6.4342486 ] ] } },
{ "type": "Feature", "properties": { "name": null, "waterway": "drain", "tunnel": null, "waterway_vulnerability": 0.8, "is_culvert": false, "nearby_building_count": 0, "encroachment_score": 0.0, "blockage_risk": 0.32 }, "geometry": { "type": "LineString", "coordinates": [ [ 3.4381687, 6.4349616 ], [ 3.438236, 6.43493 ], [ 3.4382968, 6.4348744 ] ] } },
{ "type": "Feature", "properties": { "name": null, "waterway": "drain", "tunnel": null, "waterway_vulnerability": 0.8, "is_culvert": false, "nearby_building_count": 0, "encroachment_score": 0.0, "blockage_risk": 0.32 }, "geometry": { "type": "LineString", "coordinates": [ [ 3.4314739, 6.4353508 ], [ 3.4314739, 6.4345425 ] ] } },
{ "type": "Feature", "properties": { "name": null, "waterway": "drain", "tunnel": "culvert", "waterway_vulnerability": 0.8, "is_culvert": true, "nearby_building_count": 0, "encroachment_score": 0.0, "blockage_risk": 0.57 }, "geometry": { "type": "LineString", "coordinates": [ [ 3.4378856, 6.435025 ], [ 3.4381687, 6.4349616 ] ] } },
{ "type": "Feature", "properties": { "name": null, "waterway": "drain", "tunnel": null, "waterway_vulnerability": 0.8, "is_culvert": false, "nearby_building_count": 2, "encroachment_score": 0.23119879318345124, "blockage_risk": 0.40091957761420799 }, "geometry": { "type": "LineString", "coordinates": [ [ 3.4365018, 6.4354769 ], [ 3.4378856, 6.435025 ] ] } },
{ "type": "Feature", "properties": { "name": null, "waterway": "drain", "tunnel": "culvert", "waterway_vulnerability": 0.8, "is_culvert": true, "nearby_building_count": 0, "encroachment_score": 0.0, "blockage_risk": 0.57 }, "geometry": { "type": "LineString", "coordinates": [ [ 3.4314739, 6.4355896 ], [ 3.4314739, 6.4353508 ] ] } },
{ "type": "Feature", "properties": { "name": null, "waterway": "drain", "tunnel": "culvert", "waterway_vulnerability": 0.8, "is_culvert": true, "nearby_building_count": 0, "encroachment_score": 0.0, "blockage_risk": 0.57 }, "geometry": { "type": "LineString", "coordinates": [ [ 3.4188453, 6.4317421 ], [ 3.4188796, 6.4319239 ] ] } },
{ "type": "Feature", "properties": { "name": null, "waterway": "drain", "tunnel": "culvert", "waterway_vulnerability": 0.8, "is_culvert": true, "nearby_building_count": 1, "encroachment_score": 0.83894301924545889, "blockage_risk": 0.86363005673591065 }, "geometry": { "type": "LineString", "coordinates": [ [ 3.4218649, 6.4321745 ], [ 3.4219078, 6.4323705 ] ] } },
{ "type": "Feature", "properties": { "name": null, "waterway": "drain", "tunnel": "culvert", "waterway_vulnerability": 0.8, "is_culvert": true, "nearby_building_count": 0, "encroachment_score": 0.0, "blockage_risk": 0.57 }, "geometry": { "type": "LineString", "coordinates": [ [ 3.4305985, 6.4327626 ], [ 3.4308144, 6.4327625 ] ] } },
{ "type": "Feature", "properties": { "name": null, "waterway": "drain", "tunnel": null, "waterway_vulnerability": 0.8, "is_culvert": false, "nearby_building_count": 1, "encroachment_score": 0.15189964316424437, "blockage_risk": 0.37316487510748558 }, "geometry": { "type": "LineString", "coordinates": [ [ 3.4294907, 6.4327632 ], [ 3.4305985, 6.4327626 ] ] } },
{ "type": "Feature", "properties": { "name": null, "waterway": "drain", "tunnel": "culvert", "waterway_vulnerability": 0.8, "is_culvert": true, "nearby_building_count": 0, "encroachment_score": 0.0, "blockage_risk": 0.57 }, "geometry": { "type": "LineString", "coordinates": [ [ 3.429266, 6.4327633 ], [ 3.4294907, 6.4327632 ] ] } },
{ "type": "Feature", "properties": { "name": null, "waterway": "drain", "tunnel": null, "waterway_vulnerability": 0.8, "is_culvert": false, "nearby_building_count": 9, "encroachment_score": 0.3319532070885361, "blockage_risk": 0.43618362248098769 }, "geometry": { "type": "LineString", "coordinates": [ [ 3.4247037, 6.4327658 ], [ 3.4279938, 6.4327627 ], [ 3.429266, 6.4327633 ] ] } },
{ "type": "Feature", "properties": { "name": null, "waterway": "drain", "tunnel": "culvert", "waterway_vulnerability": 0.8, "is_culvert": true, "nearby_building_count": 2, "encroachment_score": 0.49863765152879347, "blockage_risk": 0.74452317803507773 }, "geometry": { "type": "LineString", "coordinates": [ [ 3.4279754, 6.4334376 ], [ 3.4279938, 6.4327627 ] ] } },
{ "type": "Feature", "properties": { "name": null, "waterway": "drain", "tunnel": null, "waterway_vulnerability": 0.8, "is_culvert": false, "nearby_building_count": 0, "encroachment_score": 0.0, "blockage_risk": 0.32 }, "geometry": { "type": "LineString", "coordinates": [ [ 3.4219078, 6.4323705 ], [ 3.4220336, 6.4329378 ], [ 3.4220447, 6.4343643 ] ] } },
{ "type": "Feature", "properties": { "name": null, "waterway": "drain", "tunnel": null, "waterway_vulnerability": 0.8, "is_culvert": false, "nearby_building_count": 0, "encroachment_score": 0.0, "blockage_risk": 0.32 }, "geometry": { "type": "LineString", "coordinates": [ [ 3.4188796, 6.4319239 ], [ 3.4190922, 6.4327528 ], [ 3.4193263, 6.4335817 ], [ 3.4193964, 6.4339185 ], [ 3.4194205, 6.434634 ], [ 3.4194193, 6.4356092 ] ] } },
{ "type": "Feature", "properties": { "name": null, "waterway": "drain", "tunnel": null, "waterway_vulnerability": 0.8, "is_culvert": false, "nearby_building_count": 0, "encroachment_score": 0.0, "blockage_risk": 0.32 }, "geometry": { "type": "LineString", "coordinates": [ [ 3.4279736, 6.4341637 ], [ 3.4279754, 6.4334376 ] ] } },
{ "type": "Feature", "properties": { "name": null, "waterway": "river", "tunnel": null, "waterway_vulnerability": 0.2, "is_culvert": false, "nearby_building_count": 0, "encroachment_score": 0.0, "blockage_risk": 0.08 }, "geometry": { "type": "LineString", "coordinates": [ [ 3.400777301478922, 6.431301822273875 ], [ 3.4016603, 6.4311223 ] ] } },
{ "type": "Feature", "properties": { "name": null, "waterway": "drain", "tunnel": null, "waterway_vulnerability": 0.8, "is_culvert": false, "nearby_building_count": 2, "encroachment_score": 0.074097770610351901, "blockage_risk": 0.3459342197136232 }, "geometry": { "type": "LineString", "coordinates": [ [ 3.4158476, 6.4307559 ], [ 3.4158407, 6.4352993 ] ] } },
{ "type": "Feature", "properties": { "name": null, "waterway": "drain", "tunnel": "culvert", "waterway_vulnerability": 0.8, "is_culvert": true, "nearby_building_count": 0, "encroachment_score": 0.0, "blockage_risk": 0.57 }, "geometry": { "type": "LineString", "coordinates": [ [ 3.4120821, 6.4329927 ], [ 3.4120798, 6.4331322 ] ] } },
{ "type": "Feature", "properties": { "name": "Commodore Channel", "waterway": "river", "tunnel": null, "waterway_vulnerability": 0.2, "is_culvert": false, "nearby_building_count": 0, "encroachment_score": 0.0, "blockage_risk": 0.08 }, "geometry": { "type": "LineString", "coordinates": [ [ 3.400486327478498, 6.434925902332147 ], [ 3.4016603, 6.4311223 ] ] } },
{ "type": "Feature", "properties": { "name": null, "waterway": "drain", "tunnel": null, "waterway_vulnerability": 0.8, "is_culvert": false, "nearby_building_count": 0, "encroachment_score": 0.0, "blockage_risk": 0.32 }, "geometry": { "type": "LineString", "coordinates": [ [ 3.4120798, 6.4331322 ], [ 3.4120438, 6.4360179 ] ] } },
{ "type": "Feature", "properties": { "name": null, "waterway": "drain", "tunnel": "culvert", "waterway_vulnerability": 0.8, "is_culvert": true, "nearby_building_count": 0, "encroachment_score": 0.0, "blockage_risk": 0.57 }, "geometry": { "type": "LineString", "coordinates": [ [ 3.4158407, 6.4352993 ], [ 3.4158404, 6.4354771 ] ] } },
{ "type": "Feature", "properties": { "name": null, "waterway": "drain", "tunnel": null, "waterway_vulnerability": 0.8, "is_culvert": false, "nearby_building_count": 0, "encroachment_score": 0.0, "blockage_risk": 0.32 }, "geometry": { "type": "LineString", "coordinates": [ [ 3.4158404, 6.4354771 ], [ 3.4158397, 6.4359407 ] ] } },
{ "type": "Feature", "properties": { "name": null, "waterway": "drain", "tunnel": "culvert", "waterway_vulnerability": 0.8, "is_culvert": true, "nearby_building_count": 0, "encroachment_score": 0.0, "blockage_risk": 0.57 }, "geometry": { "type": "LineString", "coordinates": [ [ 3.4120438, 6.4360179 ], [ 3.4120489, 6.4362174 ] ] } },
{ "type": "Feature", "properties": { "name": null, "waterway": "drain", "tunnel": "culvert", "waterway_vulnerability": 0.8, "is_culvert": true, "nearby_building_count": 0, "encroachment_score": 0.0, "blockage_risk": 0.57 }, "geometry": { "type": "LineString", "coordinates": [ [ 3.4158397, 6.4359407 ], [ 3.415839, 6.4364406 ] ] } },
{ "type": "Feature", "properties": { "name": null, "waterway": "drain", "tunnel": null, "waterway_vulnerability": 0.8, "is_culvert": false, "nearby_building_count": 0, "encroachment_score": 0.0, "blockage_risk": 0.32 }, "geometry": { "type": "LineString", "coordinates": [ [ 3.4120489, 6.4362174 ], [ 3.4120526, 6.436359 ], [ 3.4123319, 6.4370107 ] ] } },
{ "type": "Feature", "properties": { "name": null, "waterway": "drain", "tunnel": "culvert", "waterway_vulnerability": 0.8, "is_culvert": true, "nearby_building_count": 0, "encroachment_score": 0.0, "blockage_risk": 0.57 }, "geometry": { "type": "LineString", "coordinates": [ [ 3.4363284, 6.4355402 ], [ 3.4365018, 6.4354769 ] ] } },
{ "type": "Feature", "properties": { "name": null, "waterway": "drain", "tunnel": null, "waterway_vulnerability": 0.8, "is_culvert": false, "nearby_building_count": 0, "encroachment_score": 0.0, "blockage_risk": 0.32 }, "geometry": { "type": "LineString", "coordinates": [ [ 3.4355958, 6.4357863 ], [ 3.4363284, 6.4355402 ] ] } },
{ "type": "Feature", "properties": { "name": null, "waterway": "drain", "tunnel": null, "waterway_vulnerability": 0.8, "is_culvert": false, "nearby_building_count": 1, "encroachment_score": 0.38056044108870996, "blockage_risk": 0.45319615438104854 }, "geometry": { "type": "LineString", "coordinates": [ [ 3.431484, 6.4360318 ], [ 3.4314739, 6.4355896 ] ] } },
{ "type": "Feature", "properties": { "name": null, "waterway": "drain", "tunnel": "culvert", "waterway_vulnerability": 0.8, "is_culvert": true, "nearby_building_count": 0, "encroachment_score": 0.0, "blockage_risk": 0.57 }, "geometry": { "type": "LineString", "coordinates": [ [ 3.4314828, 6.4361051 ], [ 3.431484, 6.4360318 ] ] } },
{ "type": "Feature", "properties": { "name": null, "waterway": "drain", "tunnel": null, "waterway_vulnerability": 0.8, "is_culvert": false, "nearby_building_count": 0, "encroachment_score": 0.0, "blockage_risk": 0.32 }, "geometry": { "type": "LineString", "coordinates": [ [ 3.4326039, 6.436105 ], [ 3.4314828, 6.4361051 ] ] } },
{ "type": "Feature", "properties": { "name": null, "waterway": "drain", "tunnel": null, "waterway_vulnerability": 0.8, "is_culvert": false, "nearby_building_count": 0, "encroachment_score": 0.0, "blockage_risk": 0.32 }, "geometry": { "type": "LineString", "coordinates": [ [ 3.4308304, 6.4361053 ], [ 3.4314828, 6.4361051 ] ] } },
{ "type": "Feature", "properties": { "name": null, "waterway": "drain", "tunnel": null, "waterway_vulnerability": 0.8, "is_culvert": false, "nearby_building_count": 0, "encroachment_score": 0.0, "blockage_risk": 0.32 }, "geometry": { "type": "LineString", "coordinates": [ [ 3.4314739, 6.436306 ], [ 3.4314828, 6.4361051 ] ] } },
{ "type": "Feature", "properties": { "name": null, "waterway": "drain", "tunnel": "culvert", "waterway_vulnerability": 0.8, "is_culvert": true, "nearby_building_count": 0, "encroachment_score": 0.0, "blockage_risk": 0.57 }, "geometry": { "type": "LineString", "coordinates": [ [ 3.4314739, 6.4364407 ], [ 3.4314739, 6.436306 ] ] } },
{ "type": "Feature", "properties": { "name": null, "waterway": "drain", "tunnel": null, "waterway_vulnerability": 0.8, "is_culvert": false, "nearby_building_count": 0, "encroachment_score": 0.0, "blockage_risk": 0.32 }, "geometry": { "type": "LineString", "coordinates": [ [ 3.4314739, 6.4367347 ], [ 3.4314739, 6.4364407 ] ] } },
{ "type": "Feature", "properties": { "name": null, "waterway": "drain", "tunnel": "culvert", "waterway_vulnerability": 0.8, "is_culvert": true, "nearby_building_count": 0, "encroachment_score": 0.0, "blockage_risk": 0.57 }, "geometry": { "type": "LineString", "coordinates": [ [ 3.4314739, 6.4368847 ], [ 3.4314739, 6.4367347 ] ] } },
{ "type": "Feature", "properties": { "name": null, "waterway": "drain", "tunnel": "culvert", "waterway_vulnerability": 0.8, "is_culvert": true, "nearby_building_count": 0, "encroachment_score": 0.0, "blockage_risk": 0.57 }, "geometry": { "type": "LineString", "coordinates": [ [ 3.4279729, 6.4344362 ], [ 3.4279736, 6.4341637 ] ] } },
{ "type": "Feature", "properties": { "name": null, "waterway": "drain", "tunnel": "culvert", "waterway_vulnerability": 0.8, "is_culvert": true, "nearby_building_count": 0, "encroachment_score": 0.0, "blockage_risk": 0.57 }, "geometry": { "type": "LineString", "coordinates": [ [ 3.4220447, 6.4343643 ], [ 3.4220324, 6.4350539 ] ] } },
{ "type": "Feature", "properties": { "name": null, "waterway": "drain", "tunnel": null, "waterway_vulnerability": 0.8, "is_culvert": false, "nearby_building_count": 0, "encroachment_score": 0.0, "blockage_risk": 0.32 }, "geometry": { "type": "LineString", "coordinates": [ [ 3.4220324, 6.4350539 ], [ 3.4220387, 6.436223 ] ] } },
{ "type": "Feature", "properties": { "name": null, "waterway": "drain", "tunnel": "culvert", "waterway_vulnerability": 0.8, "is_culvert": true, "nearby_building_count": 0, "encroachment_score": 0.0, "blockage_risk": 0.57 }, "geometry": { "type": "LineString", "coordinates": [ [ 3.4194193, 6.4356092 ], [ 3.4194193, 6.4356465 ], [ 3.4194191, 6.4357904 ] ] } },
{ "type": "Feature", "properties": { "name": null, "waterway": "drain", "tunnel": null, "waterway_vulnerability": 0.8, "is_culvert": false, "nearby_building_count": 4, "encroachment_score": 0.22209414994636878, "blockage_risk": 0.39773295248122914 }, "geometry": { "type": "LineString", "coordinates": [ [ 3.4279844, 6.4374677 ], [ 3.4279924, 6.4359329 ], [ 3.4279729, 6.4344362 ] ] } },
{ "type": "Feature", "properties": { "name": null, "waterway": "drain", "tunnel": null, "waterway_vulnerability": 0.8, "is_culvert": false, "nearby_building_count": 0, "encroachment_score": 0.0, "blockage_risk": 0.32 }, "geometry": { "type": "LineString", "coordinates": [ [ 3.4194191, 6.4357904 ], [ 3.4194187, 6.4361294 ] ] } },
{ "type": "Feature", "properties": { "name": null, "waterway": "drain", "tunnel": null, "waterway_vulnerability": 0.8, "is_culvert": false, "nearby_building_count": 9, "encroachment_score": 0.23915483714527644, "blockage_risk": 0.40370419300084681 }, "geometry": { "type": "LineString", "coordinates": [ [ 3.4299089, 6.4330184 ], [ 3.4298735, 6.4393529 ] ] } },
{ "type": "Feature", "properties": { "name": null, "waterway": "drain", "tunnel": "culvert", "waterway_vulnerability": 0.8, "is_culvert": true, "nearby_building_count": 0, "encroachment_score": 0.0, "blockage_risk": 0.57 }, "geometry": { "type": "LineString", "coordinates": [ [ 3.4194187, 6.4361294 ], [ 3.4194185, 6.4363208 ] ] } },
{ "type": "Feature", "properties": { "name": null, "waterway": "drain", "tunnel": "culvert", "waterway_vulnerability": 0.8, "is_culvert": true, "nearby_building_count": 0, "encroachment_score": 0.0, "blockage_risk": 0.57 }, "geometry": { "type": "LineString", "coordinates": [ [ 3.4220387, 6.436223 ], [ 3.4220399, 6.4364481 ] ] } },
{ "type": "Feature", "properties": { "name": null, "waterway": "drain", "tunnel": null, "waterway_vulnerability": 0.8, "is_culvert": false, "nearby_building_count": 0, "encroachment_score": 0.0, "blockage_risk": 0.32 }, "geometry": { "type": "LineString", "coordinates": [ [ 3.4194185, 6.4363208 ], [ 3.4194182, 6.4366291 ] ] } },
{ "type": "Feature", "properties": { "name": null, "waterway": "drain", "tunnel": null, "waterway_vulnerability": 0.8, "is_culvert": false, "nearby_building_count": 0, "encroachment_score": 0.0, "blockage_risk": 0.32 }, "geometry": { "type": "LineString", "coordinates": [ [ 3.4499697, 6.4256559 ], [ 3.449775, 6.4300873 ] ] } },
{ "type": "Feature", "properties": { "name": null, "waterway": "drain", "tunnel": "culvert", "waterway_vulnerability": 0.8, "is_culvert": true, "nearby_building_count": 0, "encroachment_score": 0.0, "blockage_risk": 0.57 }, "geometry": { "type": "LineString", "coordinates": [ [ 3.449775, 6.4300873 ], [ 3.4497609, 6.4302491 ] ] } },
{ "type": "Feature", "properties": { "name": null, "waterway": "ditch", "tunnel": null, "waterway_vulnerability": 0.7, "is_culvert": false, "nearby_building_count": 1, "encroachment_score": 0.033827375804223986, "blockage_risk": 0.29183958153147838 }, "geometry": { "type": "LineString", "coordinates": [ [ 3.4693774, 6.4308844 ], [ 3.4742985, 6.4316113 ] ] } },
{ "type": "Feature", "properties": { "name": null, "waterway": "drain", "tunnel": "culvert", "waterway_vulnerability": 0.8, "is_culvert": true, "nearby_building_count": 0, "encroachment_score": 0.0, "blockage_risk": 0.57 }, "geometry": { "type": "LineString", "coordinates": [ [ 3.4742985, 6.4316113 ], [ 3.4745874, 6.4316596 ] ] } },
{ "type": "Feature", "properties": { "name": null, "waterway": "ditch", "tunnel": null, "waterway_vulnerability": 0.7, "is_culvert": false, "nearby_building_count": 1, "encroachment_score": 0.031711583441522778, "blockage_risk": 0.29109905420453297 }, "geometry": { "type": "LineString", "coordinates": [ [ 3.4692032, 6.4313179 ], [ 3.4744603, 6.4320395 ] ] } },
{ "type": "Feature", "properties": { "name": null, "waterway": "drain", "tunnel": "culvert", "waterway_vulnerability": 0.8, "is_culvert": true, "nearby_building_count": 0, "encroachment_score": 0.0, "blockage_risk": 0.57 }, "geometry": { "type": "LineString", "coordinates": [ [ 3.4744603, 6.4320395 ], [ 3.4747775, 6.4320862 ] ] } },
{ "type": "Feature", "properties": { "name": null, "waterway": "ditch", "tunnel": null, "waterway_vulnerability": 0.7, "is_culvert": false, "nearby_building_count": 0, "encroachment_score": 0.0, "blockage_risk": 0.28 }, "geometry": { "type": "LineString", "coordinates": [ [ 3.4745874, 6.4316596 ], [ 3.4806745, 6.4324969 ] ] } },
{ "type": "Feature", "properties": { "name": null, "waterway": "ditch", "tunnel": null, "waterway_vulnerability": 0.7, "is_culvert": false, "nearby_building_count": 1, "encroachment_score": 0.051872410174553484, "blockage_risk": 0.29815534356109369 }, "geometry": { "type": "LineString", "coordinates": [ [ 3.4747775, 6.4320862 ], [ 3.4779877, 6.4325533 ] ] } },
{ "type": "Feature", "properties": { "name": null, "waterway": "ditch", "tunnel": "culvert", "waterway_vulnerability": 0.7, "is_culvert": true, "nearby_building_count": 0, "encroachment_score": 0.0, "blockage_risk": 0.53 }, "geometry": { "type": "LineString", "coordinates": [ [ 3.4806745, 6.4324969 ], [ 3.4807549, 6.4325022 ] ] } },
{ "type": "Feature", "properties": { "name": null, "waterway": "ditch", "tunnel": null, "waterway_vulnerability": 0.7, "is_culvert": false, "nearby_building_count": 0, "encroachment_score": 0.0, "blockage_risk": 0.28 }, "geometry": { "type": "LineString", "coordinates": [ [ 3.4820811, 6.4323544 ], [ 3.4820379, 6.4324912 ], [ 3.4817626, 6.4326655 ], [ 3.4811106, 6.4325585 ] ] } },
{ "type": "Feature", "properties": { "name": null, "waterway": "ditch", "tunnel": null, "waterway_vulnerability": 0.7, "is_culvert": false, "nearby_building_count": 0, "encroachment_score": 0.0, "blockage_risk": 0.28 }, "geometry": { "type": "LineString", "coordinates": [ [ 3.4807549, 6.4325022 ], [ 3.4811106, 6.4325585 ] ] } },
{ "type": "Feature", "properties": { "name": null, "waterway": "drain", "tunnel": null, "waterway_vulnerability": 0.8, "is_culvert": false, "nearby_building_count": 0, "encroachment_score": 0.0, "blockage_risk": 0.32 }, "geometry": { "type": "LineString", "coordinates": [ [ 3.4497609, 6.4302491 ], [ 3.4496901, 6.4319372 ], [ 3.449499, 6.4321095 ], [ 3.4494211, 6.4348316 ] ] } },
{ "type": "Feature", "properties": { "name": null, "waterway": "drain", "tunnel": "culvert", "waterway_vulnerability": 0.8, "is_culvert": true, "nearby_building_count": 0, "encroachment_score": 0.0, "blockage_risk": 0.57 }, "geometry": { "type": "LineString", "coordinates": [ [ 3.4779877, 6.4325533 ], [ 3.4781968, 6.4325813 ] ] } },
{ "type": "Feature", "properties": { "name": null, "waterway": "ditch", "tunnel": null, "waterway_vulnerability": 0.7, "is_culvert": false, "nearby_building_count": 0, "encroachment_score": 0.0, "blockage_risk": 0.28 }, "geometry": { "type": "LineString", "coordinates": [ [ 3.4823889, 6.4323678 ], [ 3.4824185, 6.4325368 ], [ 3.4826372, 6.4327943 ], [ 3.4827803, 6.4328506 ], [ 3.4833445, 6.432915 ] ] } },
{ "type": "Feature", "properties": { "name": null, "waterway": "drain", "tunnel": "culvert", "waterway_vulnerability": 0.8, "is_culvert": true, "nearby_building_count": 0, "encroachment_score": 0.0, "blockage_risk": 0.57 }, "geometry": { "type": "LineString", "coordinates": [ [ 3.4811106, 6.4325585 ], [ 3.4810286, 6.433032 ] ] } },
{ "type": "Feature", "properties": { "name": null, "waterway": "ditch", "tunnel": null, "waterway_vulnerability": 0.7, "is_culvert": false, "nearby_building_count": 2, "encroachment_score": 0.083271318962051213, "blockage_risk": 0.3091449616367179 }, "geometry": { "type": "LineString", "coordinates": [ [ 3.4781968, 6.4325813 ], [ 3.4802672, 6.4328849 ], [ 3.4810286, 6.433032 ], [ 3.4815973, 6.433102 ], [ 3.4817054, 6.4331324 ], [ 3.4817712, 6.4331908 ], [ 3.4818229, 6.4332492 ], [ 3.4819169, 6.4334453 ], [ 3.4819381, 6.4335481 ] ] } },
{ "type": "Feature", "properties": { "name": null, "waterway": "drain", "tunnel": "culvert", "waterway_vulnerability": 0.8, "is_culvert": true, "nearby_building_count": 0, "encroachment_score": 0.0, "blockage_risk": 0.57 }, "geometry": { "type": "LineString", "coordinates": [ [ 3.4847351, 6.4335446 ], [ 3.4842505, 6.4334734 ] ] } },
{ "type": "Feature", "properties": { "name": null, "waterway": "drain", "tunnel": "culvert", "waterway_vulnerability": 0.8, "is_culvert": true, "nearby_building_count": 1, "encroachment_score": 0.5553529254387698, "blockage_risk": 0.7643735239035695 }, "geometry": { "type": "LineString", "coordinates": [ [ 3.4819381, 6.4335481 ], [ 3.4822344, 6.4336115 ] ] } },
{ "type": "Feature", "properties": { "name": null, "waterway": "ditch", "tunnel": null, "waterway_vulnerability": 0.7, "is_culvert": false, "nearby_building_count": 0, "encroachment_score": 0.0, "blockage_risk": 0.28 }, "geometry": { "type": "LineString", "coordinates": [ [ 3.4858178, 6.4337106 ], [ 3.4847351, 6.4335446 ] ] } },
{ "type": "Feature", "properties": { "name": null, "waterway": "ditch", "tunnel": null, "waterway_vulnerability": 0.7, "is_culvert": false, "nearby_building_count": 0, "encroachment_score": 0.0, "blockage_risk": 0.28 }, "geometry": { "type": "LineString", "coordinates": [ [ 3.4842505, 6.4334734 ], [ 3.483286, 6.4333632 ], [ 3.4827331, 6.4333 ], [ 3.4825764, 6.4333354 ], [ 3.482295, 6.4335124 ], [ 3.4822344, 6.4336115 ], [ 3.4822229, 6.4337309 ], [ 3.4822469, 6.4338575 ], [ 3.4822309, 6.4339406 ], [ 3.4819887, 6.4352892 ], [ 3.4819472, 6.4357116 ] ] } },
{ "type": "Feature", "properties": { "name": null, "waterway": "ditch", "tunnel": null, "waterway_vulnerability": 0.7, "is_culvert": false, "nearby_building_count": 0, "encroachment_score": 0.0, "blockage_risk": 0.28 }, "geometry": { "type": "LineString", "coordinates": [ [ 3.4879093, 6.4336098 ], [ 3.4833445, 6.432915 ] ] } },
{ "type": "Feature", "properties": { "name": null, "waterway": "drain", "tunnel": "culvert", "waterway_vulnerability": 0.8, "is_culvert": true, "nearby_building_count": 0, "encroachment_score": 0.0, "blockage_risk": 0.57 }, "geometry": { "type": "LineString", "coordinates": [ [ 3.4883358, 6.4336688 ], [ 3.4879093, 6.4336098 ] ] } },
{ "type": "Feature", "properties": { "name": null, "waterway": "drain", "tunnel": "culvert", "waterway_vulnerability": 0.8, "is_culvert": true, "nearby_building_count": 0, "encroachment_score": 0.0, "blockage_risk": 0.57 }, "geometry": { "type": "LineString", "coordinates": [ [ 3.4862118, 6.4337694 ], [ 3.4858178, 6.4337106 ] ] } },
{ "type": "Feature", "properties": { "name": null, "waterway": "ditch", "tunnel": null, "waterway_vulnerability": 0.7, "is_culvert": false, "nearby_building_count": 0, "encroachment_score": 0.0, "blockage_risk": 0.28 }, "geometry": { "type": "LineString", "coordinates": [ [ 3.4908085, 6.4337573 ], [ 3.490741, 6.4338753 ], [ 3.4906088, 6.4339505 ], [ 3.49049, 6.4339639 ], [ 3.4883358, 6.4336688 ] ] } },
{ "type": "Feature", "properties": { "name": null, "waterway": "ditch", "tunnel": null, "waterway_vulnerability": 0.7, "is_culvert": false, "nearby_building_count": 0, "encroachment_score": 0.0, "blockage_risk": 0.28 }, "geometry": { "type": "LineString", "coordinates": [ [ 3.4881257, 6.4340441 ], [ 3.4862118, 6.4337694 ] ] } },
{ "type": "Feature", "properties": { "name": null, "waterway": "ditch", "tunnel": "culvert", "waterway_vulnerability": 0.7, "is_culvert": true, "nearby_building_count": 0, "encroachment_score": 0.0, "blockage_risk": 0.53 }, "geometry": { "type": "LineString", "coordinates": [ [ 3.4882839, 6.4340761 ], [ 3.4881257, 6.4340441 ] ] } },
{ "type": "Feature", "properties": { "name": null, "waterway": "ditch", "tunnel": null, "waterway_vulnerability": 0.7, "is_culvert": false, "nearby_building_count": 0, "encroachment_score": 0.0, "blockage_risk": 0.28 }, "geometry": { "type": "LineString", "coordinates": [ [ 3.4886016, 6.434126 ], [ 3.4882839, 6.4340761 ] ] } },
{ "type": "Feature", "properties": { "name": null, "waterway": "ditch", "tunnel": "culvert", "waterway_vulnerability": 0.7, "is_culvert": true, "nearby_building_count": 0, "encroachment_score": 0.0, "blockage_risk": 0.53 }, "geometry": { "type": "LineString", "coordinates": [ [ 3.4887452, 6.4341454 ], [ 3.4886016, 6.434126 ] ] } },
{ "type": "Feature", "properties": { "name": null, "waterway": "ditch", "tunnel": null, "waterway_vulnerability": 0.7, "is_culvert": false, "nearby_building_count": 0, "encroachment_score": 0.0, "blockage_risk": 0.28 }, "geometry": { "type": "LineString", "coordinates": [ [ 3.489963, 6.434344 ], [ 3.4887452, 6.4341454 ] ] } },
{ "type": "Feature", "properties": { "name": null, "waterway": "ditch", "tunnel": "culvert", "waterway_vulnerability": 0.7, "is_culvert": true, "nearby_building_count": 0, "encroachment_score": 0.0, "blockage_risk": 0.53 }, "geometry": { "type": "LineString", "coordinates": [ [ 3.4901413, 6.4343653 ], [ 3.489963, 6.434344 ] ] } },
{ "type": "Feature", "properties": { "name": null, "waterway": "drain", "tunnel": "culvert", "waterway_vulnerability": 0.8, "is_culvert": true, "nearby_building_count": 0, "encroachment_score": 0.0, "blockage_risk": 0.57 }, "geometry": { "type": "LineString", "coordinates": [ [ 3.4494211, 6.4348316 ], [ 3.449414, 6.4350145 ] ] } },
{ "type": "Feature", "properties": { "name": null, "waterway": "drain", "tunnel": null, "waterway_vulnerability": 0.8, "is_culvert": false, "nearby_building_count": 1, "encroachment_score": 0.11754924674865663, "blockage_risk": 0.36114223636202991 }, "geometry": { "type": "LineString", "coordinates": [ [ 3.449414, 6.4350145 ], [ 3.4494671, 6.4351763 ], [ 3.4496441, 6.4357354 ], [ 3.4497078, 6.4359957 ], [ 3.4497255, 6.4362208 ], [ 3.4497452, 6.4363148 ], [ 3.4497845, 6.4363906 ] ] } },
{ "type": "Feature", "properties": { "name": null, "waterway": "drain", "tunnel": "culvert", "waterway_vulnerability": 0.8, "is_culvert": true, "nearby_building_count": 0, "encroachment_score": 0.0, "blockage_risk": 0.57 }, "geometry": { "type": "LineString", "coordinates": [ [ 3.4819472, 6.4357116 ], [ 3.4819202, 6.4359874 ] ] } },
{ "type": "Feature", "properties": { "name": null, "waterway": "ditch", "tunnel": null, "waterway_vulnerability": 0.7, "is_culvert": false, "nearby_building_count": 0, "encroachment_score": 0.0, "blockage_risk": 0.28 }, "geometry": { "type": "LineString", "coordinates": [ [ 3.4819202, 6.4359874 ], [ 3.4819318, 6.4369743 ] ] } },
{ "type": "Feature", "properties": { "name": null, "waterway": "drain", "tunnel": null, "waterway_vulnerability": 0.8, "is_culvert": false, "nearby_building_count": 0, "encroachment_score": 0.0, "blockage_risk": 0.32 }, "geometry": { "type": "LineString", "coordinates": [ [ 3.4568791, 6.4367173 ], [ 3.4560472, 6.4366674 ] ] } },
{ "type": "Feature", "properties": { "name": null, "waterway": "drain", "tunnel": "yes", "waterway_vulnerability": 0.8, "is_culvert": false, "nearby_building_count": 0, "encroachment_score": 0.0, "blockage_risk": 0.32 }, "geometry": { "type": "LineString", "coordinates": [ [ 3.4560472, 6.4366674 ], [ 3.4557127, 6.4366647 ], [ 3.4555321, 6.4366631 ], [ 3.4552791, 6.4366018 ], [ 3.4552525, 6.4366089 ], [ 3.4550552, 6.4366617 ], [ 3.4549183, 6.4367647 ], [ 3.4548276, 6.4368422 ] ] } },
{ "type": "Feature", "properties": { "name": null, "waterway": "drain", "tunnel": "yes", "waterway_vulnerability": 0.8, "is_culvert": false, "nearby_building_count": 0, "encroachment_score": 0.0, "blockage_risk": 0.32 }, "geometry": { "type": "LineString", "coordinates": [ [ 3.4570092, 6.4367326 ], [ 3.4568791, 6.4367173 ] ] } },
{ "type": "Feature", "properties": { "name": null, "waterway": "drain", "tunnel": "culvert", "waterway_vulnerability": 0.8, "is_culvert": true, "nearby_building_count": 0, "encroachment_score": 0.0, "blockage_risk": 0.57 }, "geometry": { "type": "LineString", "coordinates": [ [ 3.4497845, 6.4363906 ], [ 3.4498016, 6.436424 ], [ 3.4505632, 6.4368373 ], [ 3.4504184, 6.4372572 ] ] } },
{ "type": "Feature", "properties": { "name": null, "waterway": "drain", "tunnel": null, "waterway_vulnerability": 0.8, "is_culvert": false, "nearby_building_count": 8, "encroachment_score": 0.07694344059781355, "blockage_risk": 0.34693020420923482 }, "geometry": { "type": "LineString", "coordinates": [ [ 3.474459, 6.4369721 ], [ 3.4578626, 6.4369996 ], [ 3.4577517, 6.4369946 ], [ 3.4576515, 6.4369714 ], [ 3.457172, 6.4367816 ], [ 3.4570092, 6.4367326 ] ] } },
{ "type": "Feature", "properties": { "name": null, "waterway": "drain", "tunnel": "culvert", "waterway_vulnerability": 0.8, "is_culvert": true, "nearby_building_count": 0, "encroachment_score": 0.0, "blockage_risk": 0.57 }, "geometry": { "type": "LineString", "coordinates": [ [ 3.4819318, 6.4369743 ], [ 3.4819339, 6.4371527 ] ] } },
{ "type": "Feature", "properties": { "name": "Kuramo Creek", "waterway": "stream", "tunnel": null, "waterway_vulnerability": 0.35, "is_culvert": false, "nearby_building_count": 1, "encroachment_score": 0.031955058406855093, "blockage_risk": 0.15118427044239927 }, "geometry": { "type": "LineString", "coordinates": [ [ 3.4398777, 6.4376435 ], [ 3.4397691, 6.4372028 ], [ 3.439358, 6.4353309 ], [ 3.439311, 6.4352691 ], [ 3.4392221, 6.4352352 ], [ 3.4389479, 6.4351653 ], [ 3.4387242, 6.4351739 ], [ 3.4386041, 6.4351348 ], [ 3.4384863, 6.4350679 ], [ 3.4383557, 6.4349554 ], [ 3.4382968, 6.4348744 ], [ 3.4382484, 6.4347292 ], [ 3.4382433, 6.4345617 ], [ 3.4382859, 6.4344068 ], [ 3.4385885, 6.4337899 ], [ 3.4386039, 6.4336772 ], [ 3.43858, 6.4335657 ], [ 3.4385052, 6.433449 ], [ 3.4383795, 6.4333707 ] ] } },
{ "type": "Feature", "properties": { "name": "IMQ Drainage Canal", "waterway": "drain", "tunnel": "culvert", "waterway_vulnerability": 0.8, "is_culvert": true, "nearby_building_count": 0, "encroachment_score": 0.0, "blockage_risk": 0.57 }, "geometry": { "type": "LineString", "coordinates": [ [ 3.4416738, 6.4408373 ], [ 3.4414522, 6.440583 ] ] } },
{ "type": "Feature", "properties": { "name": "IMQ Drainage Canal", "waterway": "drain", "tunnel": null, "waterway_vulnerability": 0.8, "is_culvert": false, "nearby_building_count": 1, "encroachment_score": 0.067871737055504797, "blockage_risk": 0.34375510796942677 }, "geometry": { "type": "LineString", "coordinates": [ [ 3.4432742, 6.4427315 ], [ 3.4416738, 6.4408373 ] ] } },
{ "type": "Feature", "properties": { "name": null, "waterway": "drain", "tunnel": null, "waterway_vulnerability": 0.8, "is_culvert": false, "nearby_building_count": 0, "encroachment_score": 0.0, "blockage_risk": 0.32 }, "geometry": { "type": "LineString", "coordinates": [ [ 3.4398732, 6.4422854 ], [ 3.4397387, 6.442072 ] ] } },
{ "type": "Feature", "properties": { "name": null, "waterway": "drain", "tunnel": "culvert", "waterway_vulnerability": 0.8, "is_culvert": true, "nearby_building_count": 0, "encroachment_score": 0.0, "blockage_risk": 0.57 }, "geometry": { "type": "LineString", "coordinates": [ [ 3.4399471, 6.4423941 ], [ 3.4398732, 6.4422854 ] ] } },
{ "type": "Feature", "properties": { "name": null, "waterway": "drain", "tunnel": null, "waterway_vulnerability": 0.8, "is_culvert": false, "nearby_building_count": 0, "encroachment_score": 0.0, "blockage_risk": 0.32 }, "geometry": { "type": "LineString", "coordinates": [ [ 3.438746, 6.4427224 ], [ 3.4386993, 6.4424593 ] ] } },
{ "type": "Feature", "properties": { "name": null, "waterway": "drain", "tunnel": "culvert", "waterway_vulnerability": 0.8, "is_culvert": true, "nearby_building_count": 0, "encroachment_score": 0.0, "blockage_risk": 0.57 }, "geometry": { "type": "LineString", "coordinates": [ [ 3.4387636, 6.4428397 ], [ 3.438746, 6.4427224 ] ] } },
{ "type": "Feature", "properties": { "name": "IMQ Drainage Canal", "waterway": "drain", "tunnel": "culvert", "waterway_vulnerability": 0.8, "is_culvert": true, "nearby_building_count": 0, "encroachment_score": 0.0, "blockage_risk": 0.57 }, "geometry": { "type": "LineString", "coordinates": [ [ 3.4433741, 6.4428498 ], [ 3.4432742, 6.4427315 ] ] } },
{ "type": "Feature", "properties": { "name": null, "waterway": "drain", "tunnel": null, "waterway_vulnerability": 0.8, "is_culvert": false, "nearby_building_count": 1, "encroachment_score": 0.15080453684220882, "blockage_risk": 0.37278158789477317 }, "geometry": { "type": "LineString", "coordinates": [ [ 3.4406342, 6.4432069 ], [ 3.4406311, 6.4430982 ], [ 3.4400504, 6.4424063 ], [ 3.4399471, 6.4423941 ] ] } },
{ "type": "Feature", "properties": { "name": null, "waterway": "drain", "tunnel": "culvert", "waterway_vulnerability": 0.8, "is_culvert": true, "nearby_building_count": 0, "encroachment_score": 0.0, "blockage_risk": 0.57 }, "geometry": { "type": "LineString", "coordinates": [ [ 3.4406952, 6.4432684 ], [ 3.4406342, 6.4432069 ] ] } },
{ "type": "Feature", "properties": { "name": null, "waterway": "drain", "tunnel": null, "waterway_vulnerability": 0.8, "is_culvert": false, "nearby_building_count": 2, "encroachment_score": 0.15349875207745298, "blockage_risk": 0.37372456322710862 }, "geometry": { "type": "LineString", "coordinates": [ [ 3.4747238, 6.4367922 ], [ 3.4767526, 6.4376238 ] ] } },
{ "type": "Feature", "properties": { "name": null, "waterway": "drain", "tunnel": null, "waterway_vulnerability": 0.8, "is_culvert": false, "nearby_building_count": 0, "encroachment_score": 0.0, "blockage_risk": 0.32 }, "geometry": { "type": "LineString", "coordinates": [ [ 3.4504184, 6.4372572 ], [ 3.4503067, 6.4375332 ] ] } },
{ "type": "Feature", "properties": { "name": null, "waterway": "ditch", "tunnel": null, "waterway_vulnerability": 0.7, "is_culvert": false, "nearby_building_count": 0, "encroachment_score": 0.0, "blockage_risk": 0.28 }, "geometry": { "type": "LineString", "coordinates": [ [ 3.4819339, 6.4371527 ], [ 3.4819407, 6.4377259 ] ] } },
{ "type": "Feature", "properties": { "name": null, "waterway": "drain", "tunnel": "culvert", "waterway_vulnerability": 0.8, "is_culvert": true, "nearby_building_count": 0, "encroachment_score": 0.0, "blockage_risk": 0.57 }, "geometry": { "type": "LineString", "coordinates": [ [ 3.4819407, 6.4377259 ], [ 3.4819422, 6.4378484 ] ] } },
{ "type": "Feature", "properties": { "name": null, "waterway": "drain", "tunnel": null, "waterway_vulnerability": 0.8, "is_culvert": false, "nearby_building_count": 1, "encroachment_score": 0.047115623112989731, "blockage_risk": 0.33649046808954647 }, "geometry": { "type": "LineString", "coordinates": [ [ 3.4548276, 6.4368422 ], [ 3.4539614, 6.437636 ], [ 3.453669, 6.4378919 ], [ 3.4534145, 6.4380878 ], [ 3.4532816, 6.4381648 ], [ 3.4531586, 6.4381971 ], [ 3.452941, 6.4382485 ], [ 3.4528299, 6.4382955 ], [ 3.4527752, 6.4383315 ], [ 3.4527288, 6.4383903 ], [ 3.452696, 6.4384738 ], [ 3.4526878, 6.4385593 ], [ 3.4526972, 6.4386631 ], [ 3.4526688, 6.4387882 ], [ 3.4525211, 6.4392805 ] ] } },
{ "type": "Feature", "properties": { "name": null, "waterway": "ditch", "tunnel": null, "waterway_vulnerability": 0.7, "is_culvert": false, "nearby_building_count": 0, "encroachment_score": 0.0, "blockage_risk": 0.28 }, "geometry": { "type": "LineString", "coordinates": [ [ 3.4819422, 6.4378484 ], [ 3.4819953, 6.4423521 ], [ 3.4819307, 6.4424397 ] ] } },
{ "type": "Feature", "properties": { "name": "Fola Osibo Water Channel", "waterway": "drain", "tunnel": null, "waterway_vulnerability": 0.8, "is_culvert": false, "nearby_building_count": 16, "encroachment_score": 0.15047487403827928, "blockage_risk": 0.37266620591339783 }, "geometry": { "type": "LineString", "coordinates": [ [ 3.4814064, 6.4394828 ], [ 3.4811625, 6.4394807 ], [ 3.4767526, 6.4376238 ], [ 3.4693616, 6.4445136 ], [ 3.4683957, 6.4454126 ], [ 3.4673516, 6.4464075 ] ] } },
{ "type": "Feature", "properties": { "name": null, "waterway": "drain", "tunnel": null, "waterway_vulnerability": 0.8, "is_culvert": false, "nearby_building_count": 3, "encroachment_score": 1.0, "blockage_risk": 0.67 }, "geometry": { "type": "LineString", "coordinates": [ [ 3.4451085, 6.4420628 ], [ 3.4447747, 6.4423468 ] ] } },
{ "type": "Feature", "properties": { "name": null, "waterway": "drain", "tunnel": "yes", "waterway_vulnerability": 0.8, "is_culvert": false, "nearby_building_count": 0, "encroachment_score": 0.0, "blockage_risk": 0.32 }, "geometry": { "type": "LineString", "coordinates": [ [ 3.4819307, 6.4424397 ], [ 3.4816608, 6.4428662 ] ] } },
{ "type": "Feature", "properties": { "name": null, "waterway": "drain", "tunnel": "culvert", "waterway_vulnerability": 0.8, "is_culvert": true, "nearby_building_count": 3, "encroachment_score": 0.36412777653782347, "blockage_risk": 0.69744472178823824 }, "geometry": { "type": "LineString", "coordinates": [ [ 3.4447747, 6.4423468 ], [ 3.4437204, 6.4432474 ] ] } },
{ "type": "Feature", "properties": { "name": null, "waterway": "drain", "tunnel": null, "waterway_vulnerability": 0.8, "is_culvert": false, "nearby_building_count": 1, "encroachment_score": 0.12201714073945774, "blockage_risk": 0.36270599925881025 }, "geometry": { "type": "LineString", "coordinates": [ [ 3.490773, 6.4402489 ], [ 3.4907684, 6.4409757 ], [ 3.4907639, 6.4416284 ] ] } },
{ "type": "Feature", "properties": { "name": null, "waterway": "drain", "tunnel": "culvert", "waterway_vulnerability": 0.8, "is_culvert": true, "nearby_building_count": 0, "encroachment_score": 0.0, "blockage_risk": 0.57 }, "geometry": { "type": "LineString", "coordinates": [ [ 3.4907639, 6.4416284 ], [ 3.4907635, 6.4417111 ] ] } },
{ "type": "Feature", "properties": { "name": null, "waterway": "drain", "tunnel": null, "waterway_vulnerability": 0.8, "is_culvert": false, "nearby_building_count": 1, "encroachment_score": 0.28616770551162846, "blockage_risk": 0.42015869692907004 }, "geometry": { "type": "LineString", "coordinates": [ [ 3.4907635, 6.4417111 ], [ 3.4907522, 6.4422992 ] ] } },
{ "type": "Feature", "properties": { "name": null, "waterway": "drain", "tunnel": "culvert", "waterway_vulnerability": 0.8, "is_culvert": true, "nearby_building_count": 0, "encroachment_score": 0.0, "blockage_risk": 0.57 }, "geometry": { "type": "LineString", "coordinates": [ [ 3.4907522, 6.4422992 ], [ 3.4907509, 6.4423912 ] ] } },
{ "type": "Feature", "properties": { "name": null, "waterway": "drain", "tunnel": null, "waterway_vulnerability": 0.8, "is_culvert": false, "nearby_building_count": 0, "encroachment_score": 0.0, "blockage_risk": 0.32 }, "geometry": { "type": "LineString", "coordinates": [ [ 3.4907509, 6.4423912 ], [ 3.4907503, 6.4425011 ] ] } },
{ "type": "Feature", "properties": { "name": null, "waterway": "drain", "tunnel": "culvert", "waterway_vulnerability": 0.8, "is_culvert": true, "nearby_building_count": 0, "encroachment_score": 0.0, "blockage_risk": 0.57 }, "geometry": { "type": "LineString", "coordinates": [ [ 3.4907503, 6.4425011 ], [ 3.4907499, 6.4425903 ] ] } },
{ "type": "Feature", "properties": { "name": null, "waterway": "drain", "tunnel": null, "waterway_vulnerability": 0.8, "is_culvert": false, "nearby_building_count": 2, "encroachment_score": 1.0, "blockage_risk": 0.67 }, "geometry": { "type": "LineString", "coordinates": [ [ 3.4907499, 6.4425903 ], [ 3.4907473, 6.4429255 ] ] } },
{ "type": "Feature", "properties": { "name": null, "waterway": "drain", "tunnel": "culvert", "waterway_vulnerability": 0.8, "is_culvert": true, "nearby_building_count": 2, "encroachment_score": 1.0, "blockage_risk": 0.92 }, "geometry": { "type": "LineString", "coordinates": [ [ 3.4907473, 6.4429255 ], [ 3.4907483, 6.4429988 ] ] } },
{ "type": "Feature", "properties": { "name": null, "waterway": "drain", "tunnel": null, "waterway_vulnerability": 0.8, "is_culvert": false, "nearby_building_count": 1, "encroachment_score": 0.15700393617472339, "blockage_risk": 0.37495137766115327 }, "geometry": { "type": "LineString", "coordinates": [ [ 3.4907483, 6.4429988 ], [ 3.4907426, 6.4440709 ] ] } },
{ "type": "Feature", "properties": { "name": null, "waterway": "ditch", "tunnel": null, "waterway_vulnerability": 0.7, "is_culvert": false, "nearby_building_count": 8, "encroachment_score": 0.38791978621811679, "blockage_risk": 0.41577192517634087 }, "geometry": { "type": "LineString", "coordinates": [ [ 3.4860219, 6.441827 ], [ 3.4861042, 6.4422099 ], [ 3.4861396, 6.4427491 ], [ 3.4861425, 6.444249 ], [ 3.4861528, 6.4452884 ] ] } },
{ "type": "Feature", "properties": { "name": null, "waterway": "drain", "tunnel": null, "waterway_vulnerability": 0.8, "is_culvert": false, "nearby_building_count": 0, "encroachment_score": 0.0, "blockage_risk": 0.32 }, "geometry": { "type": "LineString", "coordinates": [ [ 3.4408258, 6.4433418 ], [ 3.4407785, 6.4432907 ], [ 3.4406952, 6.4432684 ] ] } },
{ "type": "Feature", "properties": { "name": null, "waterway": "drain", "tunnel": "culvert", "waterway_vulnerability": 0.8, "is_culvert": true, "nearby_building_count": 0, "encroachment_score": 0.0, "blockage_risk": 0.57 }, "geometry": { "type": "LineString", "coordinates": [ [ 3.4409052, 6.443437 ], [ 3.4408258, 6.4433418 ] ] } },
{ "type": "Feature", "properties": { "name": null, "waterway": "drain", "tunnel": null, "waterway_vulnerability": 0.8, "is_culvert": false, "nearby_building_count": 0, "encroachment_score": 0.0, "blockage_risk": 0.32 }, "geometry": { "type": "LineString", "coordinates": [ [ 3.4413336, 6.444032 ], [ 3.4413444, 6.4439306 ], [ 3.4409052, 6.443437 ] ] } },
{ "type": "Feature", "properties": { "name": null, "waterway": "drain", "tunnel": null, "waterway_vulnerability": 0.8, "is_culvert": false, "nearby_building_count": 13, "encroachment_score": 0.86375517407786861, "blockage_risk": 0.62231431092725398 }, "geometry": { "type": "LineString", "coordinates": [ [ 3.4384233, 6.4452726 ], [ 3.4389256, 6.4438823 ], [ 3.4387636, 6.4428397 ] ] } },
{ "type": "Feature", "properties": { "name": null, "waterway": "drain", "tunnel": "culvert", "waterway_vulnerability": 0.8, "is_culvert": true, "nearby_building_count": 0, "encroachment_score": 0.0, "blockage_risk": 0.57 }, "geometry": { "type": "LineString", "coordinates": [ [ 3.4413952, 6.4441101 ], [ 3.4413336, 6.444032 ] ] } },
{ "type": "Feature", "properties": { "name": null, "waterway": "drain", "tunnel": null, "waterway_vulnerability": 0.8, "is_culvert": false, "nearby_building_count": 0, "encroachment_score": 0.0, "blockage_risk": 0.32 }, "geometry": { "type": "LineString", "coordinates": [ [ 3.441637, 6.444285 ], [ 3.4415139, 6.4441269 ], [ 3.4413952, 6.4441101 ] ] } },
{ "type": "Feature", "properties": { "name": null, "waterway": "drain", "tunnel": "culvert", "waterway_vulnerability": 0.8, "is_culvert": true, "nearby_building_count": 0, "encroachment_score": 0.0, "blockage_risk": 0.57 }, "geometry": { "type": "LineString", "coordinates": [ [ 3.4416796, 6.4443396 ], [ 3.441637, 6.444285 ] ] } },
{ "type": "Feature", "properties": { "name": null, "waterway": "drain", "tunnel": null, "waterway_vulnerability": 0.8, "is_culvert": false, "nearby_building_count": 0, "encroachment_score": 0.0, "blockage_risk": 0.32 }, "geometry": { "type": "LineString", "coordinates": [ [ 3.442053, 6.4449306 ], [ 3.4420519, 6.4448044 ], [ 3.4416796, 6.4443396 ] ] } },
{ "type": "Feature", "properties": { "name": null, "waterway": "drain", "tunnel": "culvert", "waterway_vulnerability": 0.8, "is_culvert": true, "nearby_building_count": 0, "encroachment_score": 0.0, "blockage_risk": 0.57 }, "geometry": { "type": "LineString", "coordinates": [ [ 3.4421208, 6.4450255 ], [ 3.442053, 6.4449306 ] ] } },
{ "type": "Feature", "properties": { "name": null, "waterway": "drain", "tunnel": null, "waterway_vulnerability": 0.8, "is_culvert": false, "nearby_building_count": 0, "encroachment_score": 0.0, "blockage_risk": 0.32 }, "geometry": { "type": "LineString", "coordinates": [ [ 3.4423589, 6.445257 ], [ 3.4422271, 6.4450622 ], [ 3.4421208, 6.4450255 ] ] } },
{ "type": "Feature", "properties": { "name": "IMQ Drainage Canal", "waterway": "drain", "tunnel": null, "waterway_vulnerability": 0.8, "is_culvert": false, "nearby_building_count": 3, "encroachment_score": 0.22577737642037249, "blockage_risk": 0.39902208174713044 }, "geometry": { "type": "LineString", "coordinates": [ [ 3.444843, 6.4445361 ], [ 3.4437204, 6.4432474 ], [ 3.4433741, 6.4428498 ] ] } },
{ "type": "Feature", "properties": { "name": null, "waterway": "ditch", "tunnel": null, "waterway_vulnerability": 0.7, "is_culvert": false, "nearby_building_count": 0, "encroachment_score": 0.0, "blockage_risk": 0.28 }, "geometry": { "type": "LineString", "coordinates": [ [ 3.4816608, 6.4428662 ], [ 3.4815393, 6.4430528 ], [ 3.4816, 6.44773 ] ] } },
{ "type": "Feature", "properties": { "name": "Fola Osibo Water Channel", "waterway": "drain", "tunnel": "culvert", "waterway_vulnerability": 0.8, "is_culvert": true, "nearby_building_count": 0, "encroachment_score": 0.0, "blockage_risk": 0.57 }, "geometry": { "type": "LineString", "coordinates": [ [ 3.4673516, 6.4464075 ], [ 3.467253, 6.4465014 ] ] } },
{ "type": "Feature", "properties": { "name": null, "waterway": "drain", "tunnel": null, "waterway_vulnerability": 0.8, "is_culvert": false, "nearby_building_count": 1, "encroachment_score": 1.0, "blockage_risk": 0.67 }, "geometry": { "type": "LineString", "coordinates": [ [ 3.4433874, 6.4467536 ], [ 3.4433398, 6.4466871 ] ] } },
{ "type": "Feature", "properties": { "name": null, "waterway": "drain", "tunnel": "culvert", "waterway_vulnerability": 0.8, "is_culvert": true, "nearby_building_count": 1, "encroachment_score": 1.0, "blockage_risk": 0.92 }, "geometry": { "type": "LineString", "coordinates": [ [ 3.4434831, 6.4468228 ], [ 3.4433874, 6.4467536 ] ] } },
{ "type": "Feature", "properties": { "name": null, "waterway": "drain", "tunnel": null, "waterway_vulnerability": 0.8, "is_culvert": false, "nearby_building_count": 0, "encroachment_score": 0.0, "blockage_risk": 0.32 }, "geometry": { "type": "LineString", "coordinates": [ [ 3.4435948, 6.4472186 ], [ 3.443646, 6.4471926 ], [ 3.4436888, 6.4471666 ], [ 3.4436972, 6.4471232 ], [ 3.4434831, 6.4468228 ] ] } },
{ "type": "Feature", "properties": { "name": "Fola Osibo Water Channel", "waterway": "drain", "tunnel": null, "waterway_vulnerability": 0.8, "is_culvert": false, "nearby_building_count": 0, "encroachment_score": 0.0, "blockage_risk": 0.32 }, "geometry": { "type": "LineString", "coordinates": [ [ 3.467253, 6.4465014 ], [ 3.4670052, 6.4467375 ], [ 3.4658701, 6.4478636 ] ] } },
{ "type": "Feature", "properties": { "name": null, "waterway": "drain", "tunnel": "culvert", "waterway_vulnerability": 0.8, "is_culvert": true, "nearby_building_count": 0, "encroachment_score": 0.0, "blockage_risk": 0.57 }, "geometry": { "type": "LineString", "coordinates": [ [ 3.4435151, 6.4472509 ], [ 3.4435948, 6.4472186 ] ] } },
{ "type": "Feature", "properties": { "name": null, "waterway": "drain", "tunnel": null, "waterway_vulnerability": 0.8, "is_culvert": false, "nearby_building_count": 0, "encroachment_score": 0.0, "blockage_risk": 0.32 }, "geometry": { "type": "LineString", "coordinates": [ [ 3.4433396, 6.4473228 ], [ 3.4435151, 6.4472509 ] ] } },
{ "type": "Feature", "properties": { "name": null, "waterway": "drain", "tunnel": "culvert", "waterway_vulnerability": 0.8, "is_culvert": true, "nearby_building_count": 0, "encroachment_score": 0.0, "blockage_risk": 0.57 }, "geometry": { "type": "LineString", "coordinates": [ [ 3.4816, 6.44773 ], [ 3.4816035, 6.447999 ] ] } },
{ "type": "Feature", "properties": { "name": null, "waterway": "drain", "tunnel": "culvert", "waterway_vulnerability": 0.8, "is_culvert": true, "nearby_building_count": 0, "encroachment_score": 0.0, "blockage_risk": 0.57 }, "geometry": { "type": "LineString", "coordinates": [ [ 3.4424446, 6.4453837 ], [ 3.4423589, 6.445257 ] ] } },
{ "type": "Feature", "properties": { "name": null, "waterway": "drain", "tunnel": null, "waterway_vulnerability": 0.8, "is_culvert": false, "nearby_building_count": 0, "encroachment_score": 0.0, "blockage_risk": 0.32 }, "geometry": { "type": "LineString", "coordinates": [ [ 3.4386601, 6.4454911 ], [ 3.4383908, 6.4453641 ] ] } },
{ "type": "Feature", "properties": { "name": null, "waterway": "drain", "tunnel": null, "waterway_vulnerability": 0.8, "is_culvert": false, "nearby_building_count": 0, "encroachment_score": 0.0, "blockage_risk": 0.32 }, "geometry": { "type": "LineString", "coordinates": [ [ 3.4425615, 6.4455565 ], [ 3.4424446, 6.4453837 ] ] } },
{ "type": "Feature", "properties": { "name": null, "waterway": "drain", "tunnel": "culvert", "waterway_vulnerability": 0.8, "is_culvert": true, "nearby_building_count": 0, "encroachment_score": 0.0, "blockage_risk": 0.57 }, "geometry": { "type": "LineString", "coordinates": [ [ 3.4387221, 6.4455213 ], [ 3.4386601, 6.4454911 ] ] } },
{ "type": "Feature", "properties": { "name": null, "waterway": "drain", "tunnel": null, "waterway_vulnerability": 0.8, "is_culvert": false, "nearby_building_count": 0, "encroachment_score": 0.0, "blockage_risk": 0.32 }, "geometry": { "type": "LineString", "coordinates": [ [ 3.4390351, 6.445648 ], [ 3.4387221, 6.4455213 ] ] } },
{ "type": "Feature", "properties": { "name": null, "waterway": "drain", "tunnel": "culvert", "waterway_vulnerability": 0.8, "is_culvert": true, "nearby_building_count": 0, "encroachment_score": 0.0, "blockage_risk": 0.57 }, "geometry": { "type": "LineString", "coordinates": [ [ 3.4426625, 6.4457058 ], [ 3.4425615, 6.4455565 ] ] } },
{ "type": "Feature", "properties": { "name": null, "waterway": "drain", "tunnel": "culvert", "waterway_vulnerability": 0.8, "is_culvert": true, "nearby_building_count": 0, "encroachment_score": 0.0, "blockage_risk": 0.57 }, "geometry": { "type": "LineString", "coordinates": [ [ 3.439121, 6.4456814 ], [ 3.4390351, 6.445648 ] ] } },
{ "type": "Feature", "properties": { "name": null, "waterway": "drain", "tunnel": null, "waterway_vulnerability": 0.8, "is_culvert": false, "nearby_building_count": 0, "encroachment_score": 0.0, "blockage_risk": 0.32 }, "geometry": { "type": "LineString", "coordinates": [ [ 3.439489, 6.4458097 ], [ 3.4393256, 6.445755 ], [ 3.439121, 6.4456814 ] ] } },
{ "type": "Feature", "properties": { "name": null, "waterway": "drain", "tunnel": null, "waterway_vulnerability": 0.8, "is_culvert": false, "nearby_building_count": 0, "encroachment_score": 0.0, "blockage_risk": 0.32 }, "geometry": { "type": "LineString", "coordinates": [ [ 3.4427062, 6.445898 ], [ 3.4427262, 6.4458001 ], [ 3.4426625, 6.4457058 ] ] } },
{ "type": "Feature", "properties": { "name": null, "waterway": "drain", "tunnel": "culvert", "waterway_vulnerability": 0.8, "is_culvert": true, "nearby_building_count": 0, "encroachment_score": 0.0, "blockage_risk": 0.57 }, "geometry": { "type": "LineString", "coordinates": [ [ 3.4395793, 6.4458423 ], [ 3.439489, 6.4458097 ] ] } },
{ "type": "Feature", "properties": { "name": null, "waterway": "ditch", "tunnel": null, "waterway_vulnerability": 0.7, "is_culvert": false, "nearby_building_count": 18, "encroachment_score": 1.0, "blockage_risk": 0.63 }, "geometry": { "type": "LineString", "coordinates": [ [ 3.5096952, 6.4264897 ], [ 3.5109474, 6.4265947 ] ] } },
{ "type": "Feature", "properties": { "name": null, "waterway": "ditch", "tunnel": null, "waterway_vulnerability": 0.7, "is_culvert": false, "nearby_building_count": 4, "encroachment_score": 0.4363312357756633, "blockage_risk": 0.43271593252148211 }, "geometry": { "type": "LineString", "coordinates": [ [ 3.512476, 6.4267927 ], [ 3.5117178, 6.4266634 ], [ 3.5109474, 6.4265947 ] ] } },
{ "type": "Feature", "properties": { "name": null, "waterway": "ditch", "tunnel": null, "waterway_vulnerability": 0.7, "is_culvert": false, "nearby_building_count": 5, "encroachment_score": 0.78559889030215502, "blockage_risk": 0.55495961160575424 }, "geometry": { "type": "LineString", "coordinates": [ [ 3.5109474, 6.4265947 ], [ 3.5109372, 6.4267281 ], [ 3.5109294, 6.4276656 ] ] } },
{ "type": "Feature", "properties": { "name": null, "waterway": "drain", "tunnel": "culvert", "waterway_vulnerability": 0.8, "is_culvert": true, "nearby_building_count": 0, "encroachment_score": 0.0, "blockage_risk": 0.57 }, "geometry": { "type": "LineString", "coordinates": [ [ 3.5109294, 6.4276656 ], [ 3.5109302, 6.4277381 ] ] } },
{ "type": "Feature", "properties": { "name": null, "waterway": "ditch", "tunnel": null, "waterway_vulnerability": 0.7, "is_culvert": false, "nearby_building_count": 13, "encroachment_score": 0.47403691662142428, "blockage_risk": 0.44591292081749845 }, "geometry": { "type": "LineString", "coordinates": [ [ 3.5109302, 6.4277381 ], [ 3.5109249, 6.428325 ], [ 3.5108895, 6.4302787 ], [ 3.510893, 6.4303806 ], [ 3.5109196, 6.4305459 ], [ 3.5112735, 6.4323167 ] ] } },
{ "type": "Feature", "properties": { "name": null, "waterway": "drain", "tunnel": null, "waterway_vulnerability": 0.8, "is_culvert": false, "nearby_building_count": 6, "encroachment_score": 1.0, "blockage_risk": 0.67 }, "geometry": { "type": "LineString", "coordinates": [ [ 3.5112735, 6.4323167 ], [ 3.5114168, 6.4329849 ] ] } },
{ "type": "Feature", "properties": { "name": null, "waterway": "drain", "tunnel": "culvert", "waterway_vulnerability": 0.8, "is_culvert": true, "nearby_building_count": 3, "encroachment_score": 1.0, "blockage_risk": 0.92 }, "geometry": { "type": "LineString", "coordinates": [ [ 3.5114168, 6.4329849 ], [ 3.5114567, 6.433122 ] ] } },
{ "type": "Feature", "properties": { "name": null, "waterway": "drain", "tunnel": "culvert", "waterway_vulnerability": 0.8, "is_culvert": true, "nearby_building_count": 0, "encroachment_score": 0.0, "blockage_risk": 0.57 }, "geometry": { "type": "LineString", "coordinates": [ [ 3.4974901, 6.4349859 ], [ 3.4976302, 6.4350044 ] ] } },
{ "type": "Feature", "properties": { "name": null, "waterway": "ditch", "tunnel": null, "waterway_vulnerability": 0.7, "is_culvert": false, "nearby_building_count": 0, "encroachment_score": 0.0, "blockage_risk": 0.28 }, "geometry": { "type": "LineString", "coordinates": [ [ 3.4976302, 6.4350044 ], [ 3.4977626, 6.4350565 ] ] } },
{ "type": "Feature", "properties": { "name": null, "waterway": "ditch", "tunnel": null, "waterway_vulnerability": 0.7, "is_culvert": false, "nearby_building_count": 0, "encroachment_score": 0.0, "blockage_risk": 0.28 }, "geometry": { "type": "LineString", "coordinates": [ [ 3.4991432, 6.4352509 ], [ 3.4977626, 6.4350565 ] ] } },
{ "type": "Feature", "properties": { "name": null, "waterway": "canal", "tunnel": null, "waterway_vulnerability": 0.3, "is_culvert": false, "nearby_building_count": 0, "encroachment_score": 0.0, "blockage_risk": 0.12 }, "geometry": { "type": "LineString", "coordinates": [ [ 3.5372692, 6.428857 ], [ 3.5336759, 6.4289602 ], [ 3.5332766, 6.4289745 ], [ 3.5329545, 6.429021 ], [ 3.5327005, 6.4291013 ], [ 3.5324911, 6.4292035 ], [ 3.5322938, 6.4293259 ], [ 3.5321148, 6.429483 ], [ 3.5319649, 6.4296573 ], [ 3.5318554, 6.4298282 ], [ 3.5314081, 6.4306074 ], [ 3.5307515, 6.4313618 ] ] } },
{ "type": "Feature", "properties": { "name": null, "waterway": "stream", "tunnel": null, "waterway_vulnerability": 0.35, "is_culvert": false, "nearby_building_count": 0, "encroachment_score": 0.0, "blockage_risk": 0.14 }, "geometry": { "type": "LineString", "coordinates": [ [ 3.5545095, 6.4352963 ], [ 3.5538014, 6.4352582 ], [ 3.5531738, 6.435141 ], [ 3.5518917, 6.434965 ], [ 3.5513767, 6.4348957 ], [ 3.5499283, 6.4347251 ], [ 3.5491666, 6.434965 ], [ 3.5482299, 6.4352888 ], [ 3.5473158, 6.4354448 ], [ 3.5464328, 6.4354647 ], [ 3.5452881, 6.4353755 ], [ 3.5442045, 6.435125 ], [ 3.5431839, 6.4349022 ], [ 3.5424069, 6.4347211 ], [ 3.5416907, 6.4343879 ], [ 3.541342, 6.4341134 ], [ 3.5409368, 6.4335712 ], [ 3.5405768, 6.4331622 ], [ 3.5372692, 6.428857 ] ] } },
{ "type": "Feature", "properties": { "name": null, "waterway": "drain", "tunnel": null, "waterway_vulnerability": 0.8, "is_culvert": false, "nearby_building_count": 0, "encroachment_score": 0.0, "blockage_risk": 0.32 }, "geometry": { "type": "LineString", "coordinates": [ [ 3.5283483, 6.4328113 ], [ 3.5286745, 6.4326994 ] ] } },
{ "type": "Feature", "properties": { "name": null, "waterway": "drain", "tunnel": null, "waterway_vulnerability": 0.8, "is_culvert": false, "nearby_building_count": 0, "encroachment_score": 0.0, "blockage_risk": 0.32 }, "geometry": { "type": "LineString", "coordinates": [ [ 3.5282116, 6.4327513 ], [ 3.5283483, 6.4328113 ] ] } },
{ "type": "Feature", "properties": { "name": null, "waterway": "drain", "tunnel": null, "waterway_vulnerability": 0.8, "is_culvert": false, "nearby_building_count": 0, "encroachment_score": 0.0, "blockage_risk": 0.32 }, "geometry": { "type": "LineString", "coordinates": [ [ 3.5283027, 6.4329445 ], [ 3.5283483, 6.4328113 ] ] } },
{ "type": "Feature", "properties": { "name": null, "waterway": "drain", "tunnel": "culvert", "waterway_vulnerability": 0.8, "is_culvert": true, "nearby_building_count": 0, "encroachment_score": 0.0, "blockage_risk": 0.57 }, "geometry": { "type": "LineString", "coordinates": [ [ 3.5281393, 6.4330925 ], [ 3.5283027, 6.4329445 ] ] } },
{ "type": "Feature", "properties": { "name": null, "waterway": "drain", "tunnel": "culvert", "waterway_vulnerability": 0.8, "is_culvert": true, "nearby_building_count": 0, "encroachment_score": 0.0, "blockage_risk": 0.57 }, "geometry": { "type": "LineString", "coordinates": [ [ 3.5280645, 6.4330829 ], [ 3.5281393, 6.4330925 ] ] } },
{ "type": "Feature", "properties": { "name": null, "waterway": "drain", "tunnel": "culvert", "waterway_vulnerability": 0.8, "is_culvert": true, "nearby_building_count": 0, "encroachment_score": 0.0, "blockage_risk": 0.57 }, "geometry": { "type": "LineString", "coordinates": [ [ 3.5281594, 6.4331564 ], [ 3.5281393, 6.4330925 ] ] } },
{ "type": "Feature", "properties": { "name": null, "waterway": "drain", "tunnel": null, "waterway_vulnerability": 0.8, "is_culvert": false, "nearby_building_count": 0, "encroachment_score": 0.0, "blockage_risk": 0.32 }, "geometry": { "type": "LineString", "coordinates": [ [ 3.5601822, 6.4325854 ], [ 3.5601654, 6.4330365 ], [ 3.5605389, 6.4337443 ] ] } },
{ "type": "Feature", "properties": { "name": null, "waterway": "drain", "tunnel": null, "waterway_vulnerability": 0.8, "is_culvert": false, "nearby_building_count": 0, "encroachment_score": 0.0, "blockage_risk": 0.32 }, "geometry": { "type": "LineString", "coordinates": [ [ 3.5277518, 6.4334824 ], [ 3.5278026, 6.433363 ], [ 3.5278627, 6.4332512 ], [ 3.5279274, 6.4331533 ], [ 3.5280075, 6.4330936 ], [ 3.5280645, 6.4330829 ] ] } },
{ "type": "Feature", "properties": { "name": null, "waterway": "drain", "tunnel": "culvert", "waterway_vulnerability": 0.8, "is_culvert": true, "nearby_building_count": 0, "encroachment_score": 0.0, "blockage_risk": 0.57 }, "geometry": { "type": "LineString", "coordinates": [ [ 3.5276825, 6.4336477 ], [ 3.5277518, 6.4334824 ] ] } },
{ "type": "Feature", "properties": { "name": null, "waterway": "drain", "tunnel": null, "waterway_vulnerability": 0.8, "is_culvert": false, "nearby_building_count": 0, "encroachment_score": 0.0, "blockage_risk": 0.32 }, "geometry": { "type": "LineString", "coordinates": [ [ 3.5276054, 6.4339799 ], [ 3.5276332, 6.4338222 ], [ 3.5276825, 6.4336477 ] ] } },
{ "type": "Feature", "properties": { "name": null, "waterway": "drain", "tunnel": "culvert", "waterway_vulnerability": 0.8, "is_culvert": true, "nearby_building_count": 0, "encroachment_score": 0.0, "blockage_risk": 0.57 }, "geometry": { "type": "LineString", "coordinates": [ [ 3.5275931, 6.4340672 ], [ 3.5276054, 6.4339799 ] ] } },
{ "type": "Feature", "properties": { "name": null, "waterway": "drain", "tunnel": null, "waterway_vulnerability": 0.8, "is_culvert": false, "nearby_building_count": 0, "encroachment_score": 0.0, "blockage_risk": 0.32 }, "geometry": { "type": "LineString", "coordinates": [ [ 3.5275993, 6.4346336 ], [ 3.527587, 6.4345417 ], [ 3.5275793, 6.4343657 ], [ 3.5275793, 6.4341942 ], [ 3.5275931, 6.4340672 ] ] } },
{ "type": "Feature", "properties": { "name": null, "waterway": "drain", "tunnel": null, "waterway_vulnerability": 0.8, "is_culvert": false, "nearby_building_count": 0, "encroachment_score": 0.0, "blockage_risk": 0.32 }, "geometry": { "type": "LineString", "coordinates": [ [ 3.5285913, 6.435935 ], [ 3.5289131, 6.4348636 ], [ 3.5289413, 6.434709 ], [ 3.5289426, 6.4344998 ], [ 3.5289212, 6.4343238 ], [ 3.5288649, 6.4341279 ], [ 3.5287763, 6.4339307 ], [ 3.5286717, 6.4337775 ], [ 3.528547, 6.4336362 ], [ 3.528307, 6.4333563 ], [ 3.5282144, 6.4332404 ], [ 3.5281594, 6.4331564 ] ] } },
{ "type": "Feature", "properties": { "name": null, "waterway": "drain", "tunnel": null, "waterway_vulnerability": 0.8, "is_culvert": false, "nearby_building_count": 0, "encroachment_score": 0.0, "blockage_risk": 0.32 }, "geometry": { "type": "LineString", "coordinates": [ [ 3.5549757, 6.4346598 ], [ 3.556188, 6.4346731 ], [ 3.556644, 6.4346172 ], [ 3.5571027, 6.4345186 ], [ 3.5575882, 6.4345186 ], [ 3.5579154, 6.4345106 ], [ 3.5585752, 6.4345559 ], [ 3.5596266, 6.4346225 ], [ 3.5600117, 6.4348601 ] ] } },
{ "type": "Feature", "properties": { "name": null, "waterway": "drain", "tunnel": "culvert", "waterway_vulnerability": 0.8, "is_culvert": true, "nearby_building_count": 0, "encroachment_score": 0.0, "blockage_risk": 0.57 }, "geometry": { "type": "LineString", "coordinates": [ [ 3.5276208, 6.4347591 ], [ 3.5275993, 6.4346336 ] ] } },
{ "type": "Feature", "properties": { "name": null, "waterway": "drain", "tunnel": null, "waterway_vulnerability": 0.8, "is_culvert": false, "nearby_building_count": 0, "encroachment_score": 0.0, "blockage_risk": 0.32 }, "geometry": { "type": "LineString", "coordinates": [ [ 3.5278042, 6.4352811 ], [ 3.5277395, 6.4351372 ], [ 3.527684, 6.4349918 ], [ 3.527647, 6.4348601 ], [ 3.5276208, 6.4347591 ] ] } },
{ "type": "Feature", "properties": { "name": null, "waterway": "drain", "tunnel": "culvert", "waterway_vulnerability": 0.8, "is_culvert": true, "nearby_building_count": 0, "encroachment_score": 0.0, "blockage_risk": 0.57 }, "geometry": { "type": "LineString", "coordinates": [ [ 3.5278612, 6.4353975 ], [ 3.5278042, 6.4352811 ] ] } },
{ "type": "Feature", "properties": { "name": null, "waterway": "drain", "tunnel": null, "waterway_vulnerability": 0.8, "is_culvert": false, "nearby_building_count": 0, "encroachment_score": 0.0, "blockage_risk": 0.32 }, "geometry": { "type": "LineString", "coordinates": [ [ 3.5280337, 6.4356638 ], [ 3.5279644, 6.4355628 ], [ 3.5278612, 6.4353975 ] ] } },
{ "type": "Feature", "properties": { "name": null, "waterway": "drain", "tunnel": "culvert", "waterway_vulnerability": 0.8, "is_culvert": true, "nearby_building_count": 0, "encroachment_score": 0.0, "blockage_risk": 0.57 }, "geometry": { "type": "LineString", "coordinates": [ [ 3.4977626, 6.4350565 ], [ 3.4976812, 6.4354315 ] ] } },
{ "type": "Feature", "properties": { "name": null, "waterway": "ditch", "tunnel": null, "waterway_vulnerability": 0.7, "is_culvert": false, "nearby_building_count": 0, "encroachment_score": 0.0, "blockage_risk": 0.28 }, "geometry": { "type": "LineString", "coordinates": [ [ 3.4994063, 6.4352879 ], [ 3.5017296, 6.4356187 ], [ 3.5019654, 6.4356228 ], [ 3.5023475, 6.4356733 ] ] } },
{ "type": "Feature", "properties": { "name": null, "waterway": "ditch", "tunnel": null, "waterway_vulnerability": 0.7, "is_culvert": false, "nearby_building_count": 0, "encroachment_score": 0.0, "blockage_risk": 0.28 }, "geometry": { "type": "LineString", "coordinates": [ [ 3.4998154, 6.4357494 ], [ 3.4983163, 6.4355196 ], [ 3.4976812, 6.4354315 ], [ 3.4976324, 6.4354809 ] ] } },
{ "type": "Feature", "properties": { "name": null, "waterway": "ditch", "tunnel": null, "waterway_vulnerability": 0.7, "is_culvert": false, "nearby_building_count": 0, "encroachment_score": 0.0, "blockage_risk": 0.28 }, "geometry": { "type": "LineString", "coordinates": [ [ 3.5024675, 6.4356894 ], [ 3.5023475, 6.4356733 ] ] } },
{ "type": "Feature", "properties": { "name": null, "waterway": "drain", "tunnel": "culvert", "waterway_vulnerability": 0.8, "is_culvert": true, "nearby_building_count": 0, "encroachment_score": 0.0, "blockage_risk": 0.57 }, "geometry": { "type": "LineString", "coordinates": [ [ 3.5028476, 6.4357339 ], [ 3.5024675, 6.4356894 ] ] } },
{ "type": "Feature", "properties": { "name": null, "waterway": "ditch", "tunnel": null, "waterway_vulnerability": 0.7, "is_culvert": false, "nearby_building_count": 0, "encroachment_score": 0.0, "blockage_risk": 0.28 }, "geometry": { "type": "LineString", "coordinates": [ [ 3.5003804, 6.4358417 ], [ 3.5005201, 6.4358565 ] ] } },
{ "type": "Feature", "properties": { "name": null, "waterway": "ditch", "tunnel": "culvert", "waterway_vulnerability": 0.7, "is_culvert": true, "nearby_building_count": 0, "encroachment_score": 0.0, "blockage_risk": 0.53 }, "geometry": { "type": "LineString", "coordinates": [ [ 3.5005201, 6.4358565 ], [ 3.5006113, 6.4358712 ] ] } },
{ "type": "Feature", "properties": { "name": null, "waterway": "ditch", "tunnel": null, "waterway_vulnerability": 0.7, "is_culvert": false, "nearby_building_count": 0, "encroachment_score": 0.0, "blockage_risk": 0.28 }, "geometry": { "type": "LineString", "coordinates": [ [ 3.5006113, 6.4358712 ], [ 3.5009962, 6.4359112 ] ] } },
{ "type": "Feature", "properties": { "name": null, "waterway": "drain", "tunnel": "culvert", "waterway_vulnerability": 0.8, "is_culvert": true, "nearby_building_count": 0, "encroachment_score": 0.0, "blockage_risk": 0.57 }, "geometry": { "type": "LineString", "coordinates": [ [ 3.5023475, 6.4356733 ], [ 3.5022712, 6.4361298 ] ] } },
{ "type": "Feature", "properties": { "name": null, "waterway": "ditch", "tunnel": "culvert", "waterway_vulnerability": 0.7, "is_culvert": true, "nearby_building_count": 0, "encroachment_score": 0.0, "blockage_risk": 0.53 }, "geometry": { "type": "LineString", "coordinates": [ [ 3.5009962, 6.4359112 ], [ 3.5010807, 6.4359192 ] ] } },
{ "type": "Feature", "properties": { "name": null, "waterway": "ditch", "tunnel": null, "waterway_vulnerability": 0.7, "is_culvert": false, "nearby_building_count": 6, "encroachment_score": 1.0, "blockage_risk": 0.63 }, "geometry": { "type": "LineString", "coordinates": [ [ 3.5010807, 6.4359192 ], [ 3.5013997, 6.4359736 ], [ 3.5016846, 6.4360422 ], [ 3.502019, 6.4360797 ] ] } },
{ "type": "Feature", "properties": { "name": null, "waterway": "drain", "tunnel": "culvert", "waterway_vulnerability": 0.8, "is_culvert": true, "nearby_building_count": 1, "encroachment_score": 1.0, "blockage_risk": 0.92 }, "geometry": { "type": "LineString", "coordinates": [ [ 3.502019, 6.4360797 ], [ 3.5021765, 6.4361131 ] ] } },
{ "type": "Feature", "properties": { "name": null, "waterway": "ditch", "tunnel": null, "waterway_vulnerability": 0.7, "is_culvert": false, "nearby_building_count": 0, "encroachment_score": 0.0, "blockage_risk": 0.28 }, "geometry": { "type": "LineString", "coordinates": [ [ 3.5078949, 6.436324 ], [ 3.5077509, 6.4364354 ], [ 3.507643, 6.4364704 ], [ 3.5028476, 6.4357339 ] ] } },
{ "type": "Feature", "properties": { "name": null, "waterway": "ditch", "tunnel": null, "waterway_vulnerability": 0.7, "is_culvert": false, "nearby_building_count": 1, "encroachment_score": 0.98708999432103195, "blockage_risk": 0.62548149801236108 }, "geometry": { "type": "LineString", "coordinates": [ [ 3.5021765, 6.4361131 ], [ 3.5022712, 6.4361298 ], [ 3.5023291, 6.4361764 ] ] } },
{ "type": "Feature", "properties": { "name": null, "waterway": "drain", "tunnel": "culvert", "waterway_vulnerability": 0.8, "is_culvert": true, "nearby_building_count": 1, "encroachment_score": 0.71809885160325815, "blockage_risk": 0.8213345980611404 }, "geometry": { "type": "LineString", "coordinates": [ [ 3.5025634, 6.4361803 ], [ 3.5023291, 6.4361764 ] ] } },
{ "type": "Feature", "properties": { "name": null, "waterway": "ditch", "tunnel": null, "waterway_vulnerability": 0.7, "is_culvert": false, "nearby_building_count": 0, "encroachment_score": 0.0, "blockage_risk": 0.28 }, "geometry": { "type": "LineString", "coordinates": [ [ 3.5030695, 6.4362542 ], [ 3.5025634, 6.4361803 ] ] } },
{ "type": "Feature", "properties": { "name": null, "waterway": "drain", "tunnel": "culvert", "waterway_vulnerability": 0.8, "is_culvert": true, "nearby_building_count": 0, "encroachment_score": 0.0, "blockage_risk": 0.57 }, "geometry": { "type": "LineString", "coordinates": [ [ 3.5034818, 6.4363268 ], [ 3.5030695, 6.4362542 ] ] } },
{ "type": "Feature", "properties": { "name": null, "waterway": "drain", "tunnel": null, "waterway_vulnerability": 0.8, "is_culvert": false, "nearby_building_count": 1, "encroachment_score": 0.14593043951279475, "blockage_risk": 0.37107565382947821 }, "geometry": { "type": "LineString", "coordinates": [ [ 3.5046262, 6.4364589 ], [ 3.5043932, 6.4364195 ], [ 3.5041065, 6.4364071 ], [ 3.5034818, 6.4363268 ] ] } },
{ "type": "Feature", "properties": { "name": null, "waterway": "ditch", "tunnel": null, "waterway_vulnerability": 0.7, "is_culvert": false, "nearby_building_count": 0, "encroachment_score": 0.0, "blockage_risk": 0.28 }, "geometry": { "type": "LineString", "coordinates": [ [ 3.5054154, 6.4365749 ], [ 3.5046262, 6.4364589 ] ] } },
{ "type": "Feature", "properties": { "name": null, "waterway": "drain", "tunnel": "culvert", "waterway_vulnerability": 0.8, "is_culvert": true, "nearby_building_count": 0, "encroachment_score": 0.0, "blockage_risk": 0.57 }, "geometry": { "type": "LineString", "coordinates": [ [ 3.5055509, 6.4365949 ], [ 3.5054154, 6.4365749 ] ] } },
{ "type": "Feature", "properties": { "name": null, "waterway": "ditch", "tunnel": null, "waterway_vulnerability": 0.7, "is_culvert": false, "nearby_building_count": 0, "encroachment_score": 0.0, "blockage_risk": 0.28 }, "geometry": { "type": "LineString", "coordinates": [ [ 3.4905239, 6.4344125 ], [ 3.4901413, 6.4343653 ] ] } },
{ "type": "Feature", "properties": { "name": null, "waterway": "drain", "tunnel": "culvert", "waterway_vulnerability": 0.8, "is_culvert": true, "nearby_building_count": 3, "encroachment_score": 0.28102791372058239, "blockage_risk": 0.66835976980220391 }, "geometry": { "type": "LineString", "coordinates": [ [ 3.4922907, 6.4346398 ], [ 3.4921277, 6.4345515 ], [ 3.4915253, 6.4344726 ], [ 3.490666, 6.4344285 ], [ 3.4905239, 6.4344125 ] ] } },
{ "type": "Feature", "properties": { "name": null, "waterway": "ditch", "tunnel": null, "waterway_vulnerability": 0.7, "is_culvert": false, "nearby_building_count": 1, "encroachment_score": 0.067049886911548437, "blockage_risk": 0.30346746041904193 }, "geometry": { "type": "LineString", "coordinates": [ [ 3.4947764, 6.434986 ], [ 3.4922907, 6.4346398 ] ] } },
{ "type": "Feature", "properties": { "name": null, "waterway": "ditch", "tunnel": null, "waterway_vulnerability": 0.7, "is_culvert": false, "nearby_building_count": 0, "encroachment_score": 0.0, "blockage_risk": 0.28 }, "geometry": { "type": "LineString", "coordinates": [ [ 3.4958859, 6.4347771 ], [ 3.4974901, 6.4349859 ] ] } },
{ "type": "Feature", "properties": { "name": null, "waterway": "ditch", "tunnel": null, "waterway_vulnerability": 0.7, "is_culvert": false, "nearby_building_count": 0, "encroachment_score": 0.0, "blockage_risk": 0.28 }, "geometry": { "type": "LineString", "coordinates": [ [ 3.4955797, 6.4351206 ], [ 3.4973689, 6.4353778 ] ] } },
{ "type": "Feature", "properties": { "name": null, "waterway": "drain", "tunnel": "culvert", "waterway_vulnerability": 0.8, "is_culvert": true, "nearby_building_count": 0, "encroachment_score": 0.0, "blockage_risk": 0.57 }, "geometry": { "type": "LineString", "coordinates": [ [ 3.4973689, 6.4353778 ], [ 3.4976324, 6.4354809 ] ] } },
{ "type": "Feature", "properties": { "name": null, "waterway": "drain", "tunnel": null, "waterway_vulnerability": 0.8, "is_culvert": false, "nearby_building_count": 0, "encroachment_score": 0.0, "blockage_risk": 0.32 }, "geometry": { "type": "LineString", "coordinates": [ [ 3.4907874, 6.4374286 ], [ 3.490788, 6.4377011 ] ] } },
{ "type": "Feature", "properties": { "name": null, "waterway": "drain", "tunnel": "culvert", "waterway_vulnerability": 0.8, "is_culvert": true, "nearby_building_count": 0, "encroachment_score": 0.0, "blockage_risk": 0.57 }, "geometry": { "type": "LineString", "coordinates": [ [ 3.490788, 6.4377011 ], [ 3.4907882, 6.4377744 ] ] } },
{ "type": "Feature", "properties": { "name": null, "waterway": "drain", "tunnel": null, "waterway_vulnerability": 0.8, "is_culvert": false, "nearby_building_count": 0, "encroachment_score": 0.0, "blockage_risk": 0.32 }, "geometry": { "type": "LineString", "coordinates": [ [ 3.4907882, 6.4377744 ], [ 3.4907894, 6.4383089 ] ] } },
{ "type": "Feature", "properties": { "name": null, "waterway": "drain", "tunnel": "culvert", "waterway_vulnerability": 0.8, "is_culvert": true, "nearby_building_count": 1, "encroachment_score": 1.0, "blockage_risk": 0.92 }, "geometry": { "type": "LineString", "coordinates": [ [ 3.4907894, 6.4383089 ], [ 3.4907909, 6.4384034 ] ] } },
{ "type": "Feature", "properties": { "name": null, "waterway": "ditch", "tunnel": null, "waterway_vulnerability": 0.7, "is_culvert": false, "nearby_building_count": 0, "encroachment_score": 0.0, "blockage_risk": 0.28 }, "geometry": { "type": "LineString", "coordinates": [ [ 3.5072216, 6.436835 ], [ 3.5071048, 6.4368211 ], [ 3.506918, 6.4368698 ], [ 3.5064837, 6.4368049 ], [ 3.5058509, 6.4366378 ], [ 3.5055509, 6.4365949 ] ] } },
{ "type": "Feature", "properties": { "name": null, "waterway": "drain", "tunnel": null, "waterway_vulnerability": 0.8, "is_culvert": false, "nearby_building_count": 10, "encroachment_score": 1.0, "blockage_risk": 0.67 }, "geometry": { "type": "LineString", "coordinates": [ [ 3.5023291, 6.4361764 ], [ 3.5023249, 6.437628 ] ] } },
{ "type": "Feature", "properties": { "name": null, "waterway": "drain", "tunnel": "culvert", "waterway_vulnerability": 0.8, "is_culvert": true, "nearby_building_count": 2, "encroachment_score": 0.71173491215425488, "blockage_risk": 0.81910721925398922 }, "geometry": { "type": "LineString", "coordinates": [ [ 3.5023249, 6.437628 ], [ 3.5023235, 6.438101 ] ] } },
{ "type": "Feature", "properties": { "name": null, "waterway": "drain", "tunnel": null, "waterway_vulnerability": 0.8, "is_culvert": false, "nearby_building_count": 1, "encroachment_score": 0.33732540772964448, "blockage_risk": 0.4380638927053756 }, "geometry": { "type": "LineString", "coordinates": [ [ 3.5023235, 6.438101 ], [ 3.5023221, 6.4386 ] ] } },
{ "type": "Feature", "properties": { "name": null, "waterway": "drain", "tunnel": "culvert", "waterway_vulnerability": 0.8, "is_culvert": true, "nearby_building_count": 0, "encroachment_score": 0.0, "blockage_risk": 0.57 }, "geometry": { "type": "LineString", "coordinates": [ [ 3.5023221, 6.4386 ], [ 3.5023218, 6.4386838 ] ] } },
{ "type": "Feature", "properties": { "name": null, "waterway": "drain", "tunnel": null, "waterway_vulnerability": 0.8, "is_culvert": false, "nearby_building_count": 8, "encroachment_score": 0.088202976052458568, "blockage_risk": 0.35087104161836058 }, "geometry": { "type": "LineString", "coordinates": [ [ 3.5114567, 6.433122 ], [ 3.5117679, 6.4334791 ], [ 3.511792, 6.4335271 ], [ 3.5117974, 6.4336071 ], [ 3.5118054, 6.4341428 ], [ 3.5117893, 6.43434 ], [ 3.5117437, 6.4346679 ], [ 3.5115935, 6.4355687 ], [ 3.5113441, 6.4359232 ], [ 3.5111617, 6.4361418 ], [ 3.5110437, 6.436283 ], [ 3.5110008, 6.4363577 ], [ 3.510931, 6.4365016 ], [ 3.510864, 6.4366189 ], [ 3.5106333, 6.4369547 ], [ 3.5102632, 6.4374903 ], [ 3.5083642, 6.4399397 ], [ 3.5082059, 6.4401076 ], [ 3.5076587, 6.4405927 ], [ 3.5054513, 6.4425277 ], [ 3.5052769, 6.4426583 ], [ 3.5050382, 6.4427995 ], [ 3.5027367, 6.4440941 ], [ 3.5025652, 6.4442068 ] ] } },
{ "type": "Feature", "properties": { "name": null, "waterway": "drain", "tunnel": null, "waterway_vulnerability": 0.8, "is_culvert": false, "nearby_building_count": 1, "encroachment_score": 1.0, "blockage_risk": 0.67 }, "geometry": { "type": "LineString", "coordinates": [ [ 3.5023218, 6.4386838 ], [ 3.5023215, 6.4388101 ] ] } },
{ "type": "Feature", "properties": { "name": null, "waterway": "drain", "tunnel": "culvert", "waterway_vulnerability": 0.8, "is_culvert": true, "nearby_building_count": 2, "encroachment_score": 1.0, "blockage_risk": 0.92 }, "geometry": { "type": "LineString", "coordinates": [ [ 3.5023215, 6.4388101 ], [ 3.5023213, 6.4388878 ] ] } },
{ "type": "Feature", "properties": { "name": null, "waterway": "drain", "tunnel": null, "waterway_vulnerability": 0.8, "is_culvert": false, "nearby_building_count": 1, "encroachment_score": 0.62644320988848234, "blockage_risk": 0.53925512346096882 }, "geometry": { "type": "LineString", "coordinates": [ [ 3.5023213, 6.4388878 ], [ 3.5023205, 6.4391565 ] ] } },
{ "type": "Feature", "properties": { "name": null, "waterway": "drain", "tunnel": "culvert", "waterway_vulnerability": 0.8, "is_culvert": true, "nearby_building_count": 1, "encroachment_score": 1.0, "blockage_risk": 0.92 }, "geometry": { "type": "LineString", "coordinates": [ [ 3.5023205, 6.4391565 ], [ 3.5023203, 6.4392302 ] ] } },
{ "type": "Feature", "properties": { "name": null, "waterway": "drain", "tunnel": "culvert", "waterway_vulnerability": 0.8, "is_culvert": true, "nearby_building_count": 0, "encroachment_score": 0.0, "blockage_risk": 0.57 }, "geometry": { "type": "LineString", "coordinates": [ [ 3.5281724, 6.4358047 ], [ 3.5280337, 6.4356638 ] ] } },
{ "type": "Feature", "properties": { "name": null, "waterway": "drain", "tunnel": null, "waterway_vulnerability": 0.8, "is_culvert": false, "nearby_building_count": 0, "encroachment_score": 0.0, "blockage_risk": 0.32 }, "geometry": { "type": "LineString", "coordinates": [ [ 3.5284866, 6.4360511 ], [ 3.5284158, 6.4360113 ], [ 3.5283187, 6.4359409 ], [ 3.5282324, 6.4358674 ], [ 3.5281724, 6.4358047 ] ] } },
{ "type": "Feature", "properties": { "name": null, "waterway": "drain", "tunnel": null, "waterway_vulnerability": 0.8, "is_culvert": false, "nearby_building_count": 0, "encroachment_score": 0.0, "blockage_risk": 0.32 }, "geometry": { "type": "LineString", "coordinates": [ [ 3.529007, 6.4362444 ], [ 3.5291667, 6.4361817 ] ] } },
{ "type": "Feature", "properties": { "name": null, "waterway": "drain", "tunnel": "culvert", "waterway_vulnerability": 0.8, "is_culvert": true, "nearby_building_count": 0, "encroachment_score": 0.0, "blockage_risk": 0.57 }, "geometry": { "type": "LineString", "coordinates": [ [ 3.5284875, 6.4364061 ], [ 3.5284905, 6.4363659 ], [ 3.5289083, 6.4362831 ], [ 3.529007, 6.4362444 ] ] } },
{ "type": "Feature", "properties": { "name": null, "waterway": "drain", "tunnel": null, "waterway_vulnerability": 0.8, "is_culvert": false, "nearby_building_count": 0, "encroachment_score": 0.0, "blockage_risk": 0.32 }, "geometry": { "type": "LineString", "coordinates": [ [ 3.5312552, 6.436792 ], [ 3.5309589, 6.436571 ] ] } },
{ "type": "Feature", "properties": { "name": null, "waterway": "drain", "tunnel": "culvert", "waterway_vulnerability": 0.8, "is_culvert": true, "nearby_building_count": 0, "encroachment_score": 0.0, "blockage_risk": 0.57 }, "geometry": { "type": "LineString", "coordinates": [ [ 3.5313445, 6.4368585 ], [ 3.5312552, 6.436792 ] ] } },
{ "type": "Feature", "properties": { "name": null, "waterway": "drain", "tunnel": null, "waterway_vulnerability": 0.8, "is_culvert": false, "nearby_building_count": 0, "encroachment_score": 0.0, "blockage_risk": 0.32 }, "geometry": { "type": "LineString", "coordinates": [ [ 3.5315717, 6.4370279 ], [ 3.5313445, 6.4368585 ] ] } },
{ "type": "Feature", "properties": { "name": null, "waterway": "drain", "tunnel": null, "waterway_vulnerability": 0.8, "is_culvert": false, "nearby_building_count": 0, "encroachment_score": 0.0, "blockage_risk": 0.32 }, "geometry": { "type": "LineString", "coordinates": [ [ 3.5285799, 6.4392781 ], [ 3.5292101, 6.4380452 ], [ 3.5290758, 6.4379704 ], [ 3.5289376, 6.4378664 ], [ 3.5288297, 6.4377472 ], [ 3.5286367, 6.4374145 ], [ 3.5285551, 6.4372537 ], [ 3.5284941, 6.4370791 ], [ 3.5284707, 6.4368992 ], [ 3.5284724, 6.436728 ], [ 3.5284875, 6.4364061 ] ] } },
{ "type": "Feature", "properties": { "name": null, "waterway": "ditch", "tunnel": null, "waterway_vulnerability": 0.7, "is_culvert": false, "nearby_building_count": 2, "encroachment_score": 0.072835858780460866, "blockage_risk": 0.30549255057316127 }, "geometry": { "type": "LineString", "coordinates": [ [ 3.5310716, 6.4406121 ], [ 3.5309508, 6.4407543 ], [ 3.530751, 6.4408299 ], [ 3.5305511, 6.4408804 ], [ 3.5303989, 6.4408741 ], [ 3.5302308, 6.4407953 ], [ 3.5268306, 6.439397 ] ] } },
{ "type": "Feature", "properties": { "name": null, "waterway": "drain", "tunnel": null, "waterway_vulnerability": 0.8, "is_culvert": false, "nearby_building_count": 2, "encroachment_score": 0.068295898665234431, "blockage_risk": 0.34390356453283211 }, "geometry": { "type": "LineString", "coordinates": [ [ 3.5558394, 6.4425384 ], [ 3.555437, 6.4424105 ], [ 3.5552841, 6.4423305 ], [ 3.5549945, 6.442008 ], [ 3.5546967, 6.4417522 ], [ 3.5543856, 6.4414243 ], [ 3.553817, 6.4405634 ], [ 3.5535729, 6.4403715 ], [ 3.5533369, 6.4402303 ], [ 3.5531489, 6.4400872 ], [ 3.5526878, 6.4395743 ], [ 3.5524633, 6.4394096 ], [ 3.5523592, 6.4393841 ], [ 3.5522383, 6.4393458 ] ] } },
{ "type": "Feature", "properties": { "name": null, "waterway": "drain", "tunnel": null, "waterway_vulnerability": 0.8, "is_culvert": false, "nearby_building_count": 1, "encroachment_score": 1.0, "blockage_risk": 0.67 }, "geometry": { "type": "LineString", "coordinates": [ [ 3.4907909, 6.4384034 ], [ 3.4907922, 6.4384834 ] ] } },
{ "type": "Feature", "properties": { "name": null, "waterway": "drain", "tunnel": "culvert", "waterway_vulnerability": 0.8, "is_culvert": true, "nearby_building_count": 1, "encroachment_score": 1.0, "blockage_risk": 0.92 }, "geometry": { "type": "LineString", "coordinates": [ [ 3.4907922, 6.4384834 ], [ 3.4907894, 6.438618 ] ] } },
{ "type": "Feature", "properties": { "name": null, "waterway": "drain", "tunnel": null, "waterway_vulnerability": 0.8, "is_culvert": false, "nearby_building_count": 0, "encroachment_score": 0.0, "blockage_risk": 0.32 }, "geometry": { "type": "LineString", "coordinates": [ [ 3.4907894, 6.438618 ], [ 3.4907877, 6.4387246 ] ] } },
{ "type": "Feature", "properties": { "name": null, "waterway": "drain", "tunnel": "culvert", "waterway_vulnerability": 0.8, "is_culvert": true, "nearby_building_count": 0, "encroachment_score": 0.0, "blockage_risk": 0.57 }, "geometry": { "type": "LineString", "coordinates": [ [ 3.4907877, 6.4387246 ], [ 3.4907884, 6.4388898 ] ] } },
{ "type": "Feature", "properties": { "name": null, "waterway": "drain", "tunnel": null, "waterway_vulnerability": 0.8, "is_culvert": false, "nearby_building_count": 0, "encroachment_score": 0.0, "blockage_risk": 0.32 }, "geometry": { "type": "LineString", "coordinates": [ [ 3.4907884, 6.4388898 ], [ 3.4907826, 6.4390897 ] ] } },
{ "type": "Feature", "properties": { "name": null, "waterway": "drain", "tunnel": "culvert", "waterway_vulnerability": 0.8, "is_culvert": true, "nearby_building_count": 0, "encroachment_score": 0.0, "blockage_risk": 0.57 }, "geometry": { "type": "LineString", "coordinates": [ [ 3.4907826, 6.4390897 ], [ 3.490783, 6.4391684 ] ] } },
{ "type": "Feature", "properties": { "name": null, "waterway": "drain", "tunnel": null, "waterway_vulnerability": 0.8, "is_culvert": false, "nearby_building_count": 0, "encroachment_score": 0.0, "blockage_risk": 0.32 }, "geometry": { "type": "LineString", "coordinates": [ [ 3.490783, 6.4391684 ], [ 3.4907778, 6.4393587 ] ] } },
{ "type": "Feature", "properties": { "name": null, "waterway": "drain", "tunnel": "culvert", "waterway_vulnerability": 0.8, "is_culvert": true, "nearby_building_count": 0, "encroachment_score": 0.0, "blockage_risk": 0.57 }, "geometry": { "type": "LineString", "coordinates": [ [ 3.4907778, 6.4393587 ], [ 3.4907787, 6.43946 ] ] } },
{ "type": "Feature", "properties": { "name": null, "waterway": "drain", "tunnel": null, "waterway_vulnerability": 0.8, "is_culvert": false, "nearby_building_count": 0, "encroachment_score": 0.0, "blockage_risk": 0.32 }, "geometry": { "type": "LineString", "coordinates": [ [ 3.4907787, 6.43946 ], [ 3.4907716, 6.4401437 ] ] } },
{ "type": "Feature", "properties": { "name": null, "waterway": "drain", "tunnel": "culvert", "waterway_vulnerability": 0.8, "is_culvert": true, "nearby_building_count": 0, "encroachment_score": 0.0, "blockage_risk": 0.57 }, "geometry": { "type": "LineString", "coordinates": [ [ 3.4907716, 6.4401437 ], [ 3.490773, 6.4402489 ] ] } },
{ "type": "Feature", "properties": { "name": null, "waterway": "stream", "tunnel": null, "waterway_vulnerability": 0.35, "is_culvert": false, "nearby_building_count": 4, "encroachment_score": 0.0093276637262772327, "blockage_risk": 0.14326468230419701 }, "geometry": { "type": "LineString", "coordinates": [ [ 3.6043971, 6.4335966 ], [ 3.6036996, 6.4335483 ], [ 3.6030183, 6.4339835 ], [ 3.6024343, 6.4340802 ], [ 3.6019638, 6.434322 ], [ 3.6013798, 6.4341931 ], [ 3.6010392, 6.4340963 ], [ 3.6008445, 6.4338384 ], [ 3.6003903, 6.4338546 ], [ 3.5997739, 6.4341769 ], [ 3.5993521, 6.4337578 ], [ 3.5990926, 6.4336772 ], [ 3.5917353, 6.4345295 ], [ 3.5905449, 6.4350812 ], [ 3.5897215, 6.4352491 ], [ 3.5891417, 6.4353555 ], [ 3.5887425, 6.4353318 ], [ 3.5879105, 6.4350436 ], [ 3.5868027, 6.4348546 ], [ 3.5852315, 6.434748 ], [ 3.5843168, 6.434708 ], [ 3.5837482, 6.434708 ], [ 3.5832617, 6.4346585 ], [ 3.5815933, 6.4343248 ], [ 3.5795576, 6.4339802 ], [ 3.5780078, 6.4335724 ], [ 3.576318, 6.4333858 ], [ 3.5759426, 6.4332702 ], [ 3.575679, 6.4331738 ], [ 3.5754945, 6.4329862 ], [ 3.575355, 6.4328055 ], [ 3.5751914, 6.4327864 ], [ 3.5743105, 6.4326305 ], [ 3.5737485, 6.4325515 ], [ 3.5728816, 6.4326321 ], [ 3.5722986, 6.4326643 ], [ 3.5717657, 6.432652 ], [ 3.5713774, 6.4327061 ], [ 3.571254, 6.4328048 ], [ 3.5712406, 6.4330393 ], [ 3.5712889, 6.4335724 ], [ 3.5712567, 6.4339375 ], [ 3.5711172, 6.4341454 ], [ 3.570797, 6.4343599 ], [ 3.5706688, 6.4348239 ], [ 3.5703506, 6.4353022 ], [ 3.5689694, 6.4357778 ], [ 3.56643, 6.4360364 ], [ 3.5644197, 6.4357015 ], [ 3.5638672, 6.4355607 ], [ 3.5625315, 6.4350383 ], [ 3.5613835, 6.4348251 ], [ 3.5607292, 6.4347845 ], [ 3.5600117, 6.4348601 ], [ 3.5596729, 6.4349199 ], [ 3.5595174, 6.4349501 ], [ 3.5590773, 6.4350198 ], [ 3.558793, 6.4350366 ], [ 3.5585159, 6.4350182 ], [ 3.5579012, 6.4350466 ], [ 3.5571804, 6.4350469 ], [ 3.5568651, 6.4350763 ], [ 3.5565581, 6.4351003 ], [ 3.5562702, 6.4351112 ], [ 3.5559968, 6.4350887 ], [ 3.5556704, 6.4350696 ], [ 3.5552998, 6.4349187 ], [ 3.5550071, 6.4348169 ], [ 3.5547502, 6.435008 ], [ 3.5545095, 6.4352963 ], [ 3.5542406, 6.4356973 ], [ 3.5541131, 6.4360771 ], [ 3.5538937, 6.43709 ], [ 3.5537097, 6.4375753 ], [ 3.5534195, 6.4380184 ], [ 3.5530726, 6.4385037 ], [ 3.5526762, 6.4389398 ], [ 3.5522383, 6.4393458 ], [ 3.5517582, 6.4397652 ], [ 3.5511373, 6.4401558 ], [ 3.5505538, 6.4404071 ], [ 3.5495523, 6.4407382 ], [ 3.5488683, 6.4410695 ], [ 3.5485971, 6.441242 ], [ 3.5484763, 6.4414669 ], [ 3.548369, 6.4416908 ], [ 3.5483062, 6.4419568 ], [ 3.548317, 6.4429482 ], [ 3.5483368, 6.4436631 ], [ 3.5483384, 6.444025 ], [ 3.5483046, 6.4444307 ], [ 3.5480471, 6.4458166 ], [ 3.5478449, 6.4468715 ], [ 3.5476411, 6.447895 ], [ 3.5473997, 6.4487319 ], [ 3.5470607, 6.4495131 ], [ 3.5469973, 6.4504323 ], [ 3.5469725, 6.4506652 ] ] } },
{ "type": "Feature", "properties": { "name": null, "waterway": "drain", "tunnel": "culvert", "waterway_vulnerability": 0.8, "is_culvert": true, "nearby_building_count": 1, "encroachment_score": 0.30485394552472456, "blockage_risk": 0.6766988809336536 }, "geometry": { "type": "LineString", "coordinates": [ [ 3.5563785, 6.442657 ], [ 3.5558394, 6.4425384 ] ] } },
{ "type": "Feature", "properties": { "name": null, "waterway": "drain", "tunnel": null, "waterway_vulnerability": 0.8, "is_culvert": false, "nearby_building_count": 2, "encroachment_score": 0.036932011897668766, "blockage_risk": 0.33292620416418411 }, "geometry": { "type": "LineString", "coordinates": [ [ 3.530774, 6.4438413 ], [ 3.5307955, 6.4427392 ], [ 3.5307991, 6.4419047 ], [ 3.531094, 6.4417052 ], [ 3.5366191, 6.4439787 ], [ 3.5373714, 6.4443661 ] ] } },
{ "type": "Feature", "properties": { "name": null, "waterway": "drain", "tunnel": null, "waterway_vulnerability": 0.8, "is_culvert": false, "nearby_building_count": 0, "encroachment_score": 0.0, "blockage_risk": 0.32 }, "geometry": { "type": "LineString", "coordinates": [ [ 3.5571054, 6.4449825 ], [ 3.5570222, 6.4447453 ], [ 3.5568881, 6.4442362 ], [ 3.5566628, 6.4435805 ], [ 3.5564415, 6.4428036 ], [ 3.5563785, 6.442657 ] ] } },
{ "type": "Feature", "properties": { "name": null, "waterway": "drain", "tunnel": "culvert", "waterway_vulnerability": 0.8, "is_culvert": true, "nearby_building_count": 0, "encroachment_score": 0.0, "blockage_risk": 0.57 }, "geometry": { "type": "LineString", "coordinates": [ [ 3.5373714, 6.4443661 ], [ 3.5375704, 6.4444693 ] ] } },
{ "type": "Feature", "properties": { "name": null, "waterway": "drain", "tunnel": "culvert", "waterway_vulnerability": 0.8, "is_culvert": true, "nearby_building_count": 0, "encroachment_score": 0.0, "blockage_risk": 0.57 }, "geometry": { "type": "LineString", "coordinates": [ [ 3.5571617, 6.445129 ], [ 3.5571054, 6.4449825 ] ] } },
{ "type": "Feature", "properties": { "name": null, "waterway": "drain", "tunnel": null, "waterway_vulnerability": 0.8, "is_culvert": false, "nearby_building_count": 0, "encroachment_score": 0.0, "blockage_risk": 0.32 }, "geometry": { "type": "LineString", "coordinates": [ [ 3.5375704, 6.4444693 ], [ 3.537868, 6.4446247 ], [ 3.5380069, 6.4447453 ], [ 3.5379922, 6.445736 ] ] } },
{ "type": "Feature", "properties": { "name": null, "waterway": "drain", "tunnel": null, "waterway_vulnerability": 0.8, "is_culvert": false, "nearby_building_count": 0, "encroachment_score": 0.0, "blockage_risk": 0.32 }, "geometry": { "type": "LineString", "coordinates": [ [ 3.5576901, 6.4459526 ], [ 3.5574433, 6.4456088 ], [ 3.5572422, 6.4453156 ], [ 3.5571617, 6.445129 ] ] } },
{ "type": "Feature", "properties": { "name": null, "waterway": "drain", "tunnel": "culvert", "waterway_vulnerability": 0.8, "is_culvert": true, "nearby_building_count": 0, "encroachment_score": 0.0, "blockage_risk": 0.57 }, "geometry": { "type": "LineString", "coordinates": [ [ 3.5577598, 6.4461792 ], [ 3.5576901, 6.4459526 ] ] } },
{ "type": "Feature", "properties": { "name": null, "waterway": "ditch", "tunnel": null, "waterway_vulnerability": 0.7, "is_culvert": false, "nearby_building_count": 0, "encroachment_score": 0.0, "blockage_risk": 0.28 }, "geometry": { "type": "LineString", "coordinates": [ [ 3.5379922, 6.445736 ], [ 3.5377871, 6.4467323 ], [ 3.5372651, 6.4475569 ] ] } },
{ "type": "Feature", "properties": { "name": null, "waterway": "drain", "tunnel": "culvert", "waterway_vulnerability": 0.8, "is_culvert": true, "nearby_building_count": 0, "encroachment_score": 0.0, "blockage_risk": 0.57 }, "geometry": { "type": "LineString", "coordinates": [ [ 3.4194182, 6.4366291 ], [ 3.4194179, 6.4368735 ] ] } },
{ "type": "Feature", "properties": { "name": null, "waterway": "drain", "tunnel": "culvert", "waterway_vulnerability": 0.8, "is_culvert": true, "nearby_building_count": 0, "encroachment_score": 0.0, "blockage_risk": 0.57 }, "geometry": { "type": "LineString", "coordinates": [ [ 3.4243854, 6.4367416 ], [ 3.4239687, 6.436883 ] ] } },
{ "type": "Feature", "properties": { "name": null, "waterway": "drain", "tunnel": null, "waterway_vulnerability": 0.8, "is_culvert": false, "nearby_building_count": 1, "encroachment_score": 0.21713811969901814, "blockage_risk": 0.39599834189465644 }, "geometry": { "type": "LineString", "coordinates": [ [ 3.4220399, 6.4364481 ], [ 3.4220441, 6.4372233 ] ] } },
{ "type": "Feature", "properties": { "name": null, "waterway": "drain", "tunnel": null, "waterway_vulnerability": 0.8, "is_culvert": false, "nearby_building_count": 0, "encroachment_score": 0.0, "blockage_risk": 0.32 }, "geometry": { "type": "LineString", "coordinates": [ [ 3.4239687, 6.436883 ], [ 3.4234849, 6.4370628 ] ] } },
{ "type": "Feature", "properties": { "name": null, "waterway": "drain", "tunnel": null, "waterway_vulnerability": 0.8, "is_culvert": false, "nearby_building_count": 0, "encroachment_score": 0.0, "blockage_risk": 0.32 }, "geometry": { "type": "LineString", "coordinates": [ [ 3.4194179, 6.4368735 ], [ 3.4194177, 6.4370514 ], [ 3.4193723, 6.4372676 ] ] } },
{ "type": "Feature", "properties": { "name": null, "waterway": "drain", "tunnel": "culvert", "waterway_vulnerability": 0.8, "is_culvert": true, "nearby_building_count": 0, "encroachment_score": 0.0, "blockage_risk": 0.57 }, "geometry": { "type": "LineString", "coordinates": [ [ 3.4234849, 6.4370628 ], [ 3.4229137, 6.4372628 ], [ 3.4220444, 6.4372709 ] ] } },
{ "type": "Feature", "properties": { "name": null, "waterway": "drain", "tunnel": "culvert", "waterway_vulnerability": 0.8, "is_culvert": true, "nearby_building_count": 0, "encroachment_score": 0.0, "blockage_risk": 0.57 }, "geometry": { "type": "LineString", "coordinates": [ [ 3.4220441, 6.4372233 ], [ 3.4220444, 6.4372709 ], [ 3.4220466, 6.4376578 ], [ 3.4220802, 6.4377987 ], [ 3.4219214, 6.4383273 ] ] } },
{ "type": "Feature", "properties": { "name": null, "waterway": "stream", "tunnel": "culvert", "waterway_vulnerability": 0.35, "is_culvert": true, "nearby_building_count": 0, "encroachment_score": 0.0, "blockage_risk": 0.39 }, "geometry": { "type": "LineString", "coordinates": [ [ 3.4298735, 6.4393529 ], [ 3.4298667, 6.4397242 ] ] } },
{ "type": "Feature", "properties": { "name": null, "waterway": "stream", "tunnel": null, "waterway_vulnerability": 0.35, "is_culvert": false, "nearby_building_count": 0, "encroachment_score": 0.0, "blockage_risk": 0.14 }, "geometry": { "type": "LineString", "coordinates": [ [ 3.4298667, 6.4397242 ], [ 3.4298634, 6.4397771 ] ] } },
{ "type": "Feature", "properties": { "name": null, "waterway": "stream", "tunnel": "culvert", "waterway_vulnerability": 0.35, "is_culvert": true, "nearby_building_count": 0, "encroachment_score": 0.0, "blockage_risk": 0.39 }, "geometry": { "type": "LineString", "coordinates": [ [ 3.4298634, 6.4397771 ], [ 3.42986, 6.4398294 ] ] } },
{ "type": "Feature", "properties": { "name": null, "waterway": "drain", "tunnel": null, "waterway_vulnerability": 0.8, "is_culvert": false, "nearby_building_count": 0, "encroachment_score": 0.0, "blockage_risk": 0.32 }, "geometry": { "type": "LineString", "coordinates": [ [ 3.415839, 6.4364406 ], [ 3.4158385, 6.4367411 ], [ 3.4158824, 6.4370784 ] ] } },
{ "type": "Feature", "properties": { "name": null, "waterway": "drain", "tunnel": "culvert", "waterway_vulnerability": 0.8, "is_culvert": true, "nearby_building_count": 0, "encroachment_score": 0.0, "blockage_risk": 0.57 }, "geometry": { "type": "LineString", "coordinates": [ [ 3.4123319, 6.4370107 ], [ 3.4125421, 6.4373821 ] ] } },
{ "type": "Feature", "properties": { "name": null, "waterway": "drain", "tunnel": null, "waterway_vulnerability": 0.8, "is_culvert": false, "nearby_building_count": 0, "encroachment_score": 0.0, "blockage_risk": 0.32 }, "geometry": { "type": "LineString", "coordinates": [ [ 3.4125421, 6.4373821 ], [ 3.4128734, 6.437942 ] ] } },
{ "type": "Feature", "properties": { "name": null, "waterway": "drain", "tunnel": null, "waterway_vulnerability": 0.8, "is_culvert": false, "nearby_building_count": 15, "encroachment_score": 1.0, "blockage_risk": 0.67 }, "geometry": { "type": "LineString", "coordinates": [ [ 3.4176811, 6.441906 ], [ 3.4177715, 6.440157 ], [ 3.4177225, 6.439541 ] ] } },
{ "type": "Feature", "properties": { "name": null, "waterway": "drain", "tunnel": null, "waterway_vulnerability": 0.8, "is_culvert": false, "nearby_building_count": 0, "encroachment_score": 0.0, "blockage_risk": 0.32 }, "geometry": { "type": "LineString", "coordinates": [ [ 3.4081587, 6.440896 ], [ 3.4082205, 6.4411431 ] ] } },
{ "type": "Feature", "properties": { "name": null, "waterway": "drain", "tunnel": null, "waterway_vulnerability": 0.8, "is_culvert": false, "nearby_building_count": 2, "encroachment_score": 1.0, "blockage_risk": 0.67 }, "geometry": { "type": "LineString", "coordinates": [ [ 3.4065249, 6.4410528 ], [ 3.4065521, 6.4412577 ] ] } },
{ "type": "Feature", "properties": { "name": null, "waterway": "drain", "tunnel": null, "waterway_vulnerability": 0.8, "is_culvert": false, "nearby_building_count": 1, "encroachment_score": 0.43783762834906426, "blockage_risk": 0.47324316992217252 }, "geometry": { "type": "LineString", "coordinates": [ [ 3.4127006, 6.4418274 ], [ 3.4125775, 6.4414632 ] ] } },
{ "type": "Feature", "properties": { "name": null, "waterway": "drain", "tunnel": "culvert", "waterway_vulnerability": 0.8, "is_culvert": true, "nearby_building_count": 0, "encroachment_score": 0.0, "blockage_risk": 0.57 }, "geometry": { "type": "LineString", "coordinates": [ [ 3.4127575, 6.441996 ], [ 3.4127006, 6.4418274 ] ] } },
{ "type": "Feature", "properties": { "name": null, "waterway": "drain", "tunnel": null, "waterway_vulnerability": 0.8, "is_culvert": false, "nearby_building_count": 0, "encroachment_score": 0.0, "blockage_risk": 0.32 }, "geometry": { "type": "LineString", "coordinates": [ [ 3.4129229, 6.4424853 ], [ 3.4127575, 6.441996 ] ] } },
{ "type": "Feature", "properties": { "name": null, "waterway": "drain", "tunnel": "culvert", "waterway_vulnerability": 0.8, "is_culvert": true, "nearby_building_count": 4, "encroachment_score": 0.74765884761231993, "blockage_risk": 0.83168059666431204 }, "geometry": { "type": "LineString", "coordinates": [ [ 3.4174959, 6.4427873 ], [ 3.4176811, 6.441906 ] ] } },
{ "type": "Feature", "properties": { "name": null, "waterway": "drain", "tunnel": null, "waterway_vulnerability": 0.8, "is_culvert": false, "nearby_building_count": 0, "encroachment_score": 0.0, "blockage_risk": 0.32 }, "geometry": { "type": "LineString", "coordinates": [ [ 3.4314739, 6.4371663 ], [ 3.4314739, 6.4368847 ] ] } },
{ "type": "Feature", "properties": { "name": null, "waterway": "drain", "tunnel": "culvert", "waterway_vulnerability": 0.8, "is_culvert": true, "nearby_building_count": 0, "encroachment_score": 0.0, "blockage_risk": 0.57 }, "geometry": { "type": "LineString", "coordinates": [ [ 3.4314739, 6.4373194 ], [ 3.4314739, 6.4371663 ] ] } },
{ "type": "Feature", "properties": { "name": null, "waterway": "drain", "tunnel": null, "waterway_vulnerability": 0.8, "is_culvert": false, "nearby_building_count": 0, "encroachment_score": 0.0, "blockage_risk": 0.32 }, "geometry": { "type": "LineString", "coordinates": [ [ 3.4314739, 6.4376164 ], [ 3.4314739, 6.4373194 ] ] } },
{ "type": "Feature", "properties": { "name": null, "waterway": "drain", "tunnel": "culvert", "waterway_vulnerability": 0.8, "is_culvert": true, "nearby_building_count": 0, "encroachment_score": 0.0, "blockage_risk": 0.57 }, "geometry": { "type": "LineString", "coordinates": [ [ 3.4314739, 6.4377603 ], [ 3.4314739, 6.4376164 ] ] } },
{ "type": "Feature", "properties": { "name": null, "waterway": "drain", "tunnel": null, "waterway_vulnerability": 0.8, "is_culvert": false, "nearby_building_count": 0, "encroachment_score": 0.0, "blockage_risk": 0.32 }, "geometry": { "type": "LineString", "coordinates": [ [ 3.4314739, 6.4380362 ], [ 3.4314739, 6.4377603 ] ] } },
{ "type": "Feature", "properties": { "name": null, "waterway": "drain", "tunnel": "culvert", "waterway_vulnerability": 0.8, "is_culvert": true, "nearby_building_count": 0, "encroachment_score": 0.0, "blockage_risk": 0.57 }, "geometry": { "type": "LineString", "coordinates": [ [ 3.4314739, 6.4382073 ], [ 3.4314739, 6.4380362 ] ] } },
{ "type": "Feature", "properties": { "name": null, "waterway": "drain", "tunnel": null, "waterway_vulnerability": 0.8, "is_culvert": false, "nearby_building_count": 0, "encroachment_score": 0.0, "blockage_risk": 0.32 }, "geometry": { "type": "LineString", "coordinates": [ [ 3.4314739, 6.4384867 ], [ 3.4314739, 6.4382073 ] ] } },
{ "type": "Feature", "properties": { "name": null, "waterway": "drain", "tunnel": null, "waterway_vulnerability": 0.8, "is_culvert": false, "nearby_building_count": 0, "encroachment_score": 0.0, "blockage_risk": 0.32 }, "geometry": { "type": "LineString", "coordinates": [ [ 3.4314808, 6.4399879 ], [ 3.4314866, 6.4401306 ], [ 3.4314296, 6.4404314 ] ] } },
{ "type": "Feature", "properties": { "name": null, "waterway": "drain", "tunnel": null, "waterway_vulnerability": 0.8, "is_culvert": false, "nearby_building_count": 0, "encroachment_score": 0.0, "blockage_risk": 0.32 }, "geometry": { "type": "LineString", "coordinates": [ [ 3.4343799, 6.4434226 ], [ 3.4343304, 6.4431896 ] ] } },
{ "type": "Feature", "properties": { "name": null, "waterway": "drain", "tunnel": "culvert", "waterway_vulnerability": 0.8, "is_culvert": true, "nearby_building_count": 1, "encroachment_score": 1.0, "blockage_risk": 0.92 }, "geometry": { "type": "LineString", "coordinates": [ [ 3.4383908, 6.4453641 ], [ 3.4384233, 6.4452726 ] ] } },
{ "type": "Feature", "properties": { "name": null, "waterway": "drain", "tunnel": null, "waterway_vulnerability": 0.8, "is_culvert": false, "nearby_building_count": 0, "encroachment_score": 0.0, "blockage_risk": 0.32 }, "geometry": { "type": "LineString", "coordinates": [ [ 3.438197, 6.4477942 ], [ 3.4383786, 6.4472469 ] ] } },
{ "type": "Feature", "properties": { "name": null, "waterway": "drain", "tunnel": null, "waterway_vulnerability": 0.8, "is_culvert": false, "nearby_building_count": 0, "encroachment_score": 0.0, "blockage_risk": 0.32 }, "geometry": { "type": "LineString", "coordinates": [ [ 3.4317512, 6.4481248 ], [ 3.4309719, 6.4474385 ] ] } },
{ "type": "Feature", "properties": { "name": null, "waterway": "drain", "tunnel": "culvert", "waterway_vulnerability": 0.8, "is_culvert": true, "nearby_building_count": 0, "encroachment_score": 0.0, "blockage_risk": 0.57 }, "geometry": { "type": "LineString", "coordinates": [ [ 3.438162, 6.4479415 ], [ 3.438197, 6.4477942 ] ] } },
{ "type": "Feature", "properties": { "name": null, "waterway": "drain", "tunnel": "culvert", "waterway_vulnerability": 0.8, "is_culvert": true, "nearby_building_count": 0, "encroachment_score": 0.0, "blockage_risk": 0.57 }, "geometry": { "type": "LineString", "coordinates": [ [ 3.4383169, 6.4479964 ], [ 3.4383668, 6.4478546 ] ] } },
{ "type": "Feature", "properties": { "name": null, "waterway": "drain", "tunnel": "culvert", "waterway_vulnerability": 0.8, "is_culvert": true, "nearby_building_count": 0, "encroachment_score": 0.0, "blockage_risk": 0.57 }, "geometry": { "type": "LineString", "coordinates": [ [ 3.4319404, 6.4482879 ], [ 3.4317512, 6.4481248 ] ] } },
{ "type": "Feature", "properties": { "name": null, "waterway": "drain", "tunnel": null, "waterway_vulnerability": 0.8, "is_culvert": false, "nearby_building_count": 0, "encroachment_score": 0.0, "blockage_risk": 0.32 }, "geometry": { "type": "LineString", "coordinates": [ [ 3.4324314, 6.448686 ], [ 3.4319404, 6.4482879 ] ] } },
{ "type": "Feature", "properties": { "name": null, "waterway": "drain", "tunnel": null, "waterway_vulnerability": 0.8, "is_culvert": false, "nearby_building_count": 1, "encroachment_score": 0.12757345674655376, "blockage_risk": 0.36465070986129389 }, "geometry": { "type": "LineString", "coordinates": [ [ 3.4383209, 6.4493125 ], [ 3.4382884, 6.4489316 ], [ 3.4382752, 6.4486872 ], [ 3.4382762, 6.4485619 ], [ 3.4382844, 6.4484024 ], [ 3.4382976, 6.4482378 ], [ 3.4383098, 6.4481287 ], [ 3.4383169, 6.4479964 ] ] } },
{ "type": "Feature", "properties": { "name": null, "waterway": "drain", "tunnel": null, "waterway_vulnerability": 0.8, "is_culvert": false, "nearby_building_count": 0, "encroachment_score": 0.0, "blockage_risk": 0.32 }, "geometry": { "type": "LineString", "coordinates": [ [ 3.4381593, 6.4495845 ], [ 3.4381527, 6.4495172 ], [ 3.438104, 6.448908 ], [ 3.4380837, 6.448606 ], [ 3.4381081, 6.4482455 ], [ 3.438162, 6.4479415 ] ] } },
{ "type": "Feature", "properties": { "name": null, "waterway": "drain", "tunnel": "culvert", "waterway_vulnerability": 0.8, "is_culvert": true, "nearby_building_count": 0, "encroachment_score": 0.0, "blockage_risk": 0.57 }, "geometry": { "type": "LineString", "coordinates": [ [ 3.4328402, 6.4490291 ], [ 3.4324314, 6.448686 ] ] } },
{ "type": "Feature", "properties": { "name": "Five Cowries Creek", "waterway": "river", "tunnel": null, "waterway_vulnerability": 0.2, "is_culvert": false, "nearby_building_count": 0, "encroachment_score": 0.0, "blockage_risk": 0.08 }, "geometry": { "type": "LineString", "coordinates": [ [ 3.4647488, 6.4624584 ], [ 3.4658361, 6.4585691 ], [ 3.465929, 6.4582367 ], [ 3.4668189, 6.4527262 ], [ 3.4666478, 6.4519255 ], [ 3.4662503, 6.4514788 ], [ 3.4617447, 6.4498683 ], [ 3.4604575, 6.4495999 ], [ 3.4588451, 6.4497839 ], [ 3.4576296, 6.4504035 ], [ 3.45604, 6.4514593 ], [ 3.4538448, 6.45173 ], [ 3.4526836, 6.4513377 ], [ 3.452059, 6.450299 ], [ 3.4522043, 6.4488429 ], [ 3.4523847, 6.4468931 ], [ 3.4526594, 6.4446138 ], [ 3.4527345, 6.4425765 ], [ 3.4521531, 6.4410623 ], [ 3.4509515, 6.4396018 ], [ 3.4500835, 6.4388923 ], [ 3.4487114, 6.4381432 ], [ 3.4469815, 6.4378626 ], [ 3.4443318, 6.4374695 ], [ 3.4430444, 6.437768 ], [ 3.440448, 6.4396551 ], [ 3.4365641, 6.4413822 ], [ 3.435502, 6.4418299 ], [ 3.4342467, 6.4420645 ], [ 3.4325866, 6.4418637 ], [ 3.4310388, 6.4412862 ], [ 3.4306956, 6.4412566 ], [ 3.4277021, 6.4409984 ], [ 3.4254276, 6.4410304 ], [ 3.4238006, 6.4405899 ], [ 3.4225416, 6.4399962 ], [ 3.4187114, 6.4382585 ], [ 3.4164476, 6.4383331 ], [ 3.4153441, 6.4385399 ], [ 3.4130052, 6.4395527 ], [ 3.4105038, 6.4413715 ], [ 3.4085941, 6.4420858 ], [ 3.4070062, 6.4423204 ], [ 3.4056222, 6.4421818 ], [ 3.404358648594891, 6.441354943143554 ] ] } },
{ "type": "Feature", "properties": { "name": null, "waterway": "drain", "tunnel": "culvert", "waterway_vulnerability": 0.8, "is_culvert": true, "nearby_building_count": 0, "encroachment_score": 0.0, "blockage_risk": 0.57 }, "geometry": { "type": "LineString", "coordinates": [ [ 3.4384083, 6.4502474 ], [ 3.4383995, 6.4501493 ] ] } },
{ "type": "Feature", "properties": { "name": null, "waterway": "drain", "tunnel": "culvert", "waterway_vulnerability": 0.8, "is_culvert": true, "nearby_building_count": 0, "encroachment_score": 0.0, "blockage_risk": 0.57 }, "geometry": { "type": "LineString", "coordinates": [ [ 3.4382303, 6.4503044 ], [ 3.4382244, 6.4502444 ] ] } },
{ "type": "Feature", "properties": { "name": null, "waterway": "drain", "tunnel": null, "waterway_vulnerability": 0.8, "is_culvert": false, "nearby_building_count": 1, "encroachment_score": 0.74617962555085426, "blockage_risk": 0.581162868942799 }, "geometry": { "type": "LineString", "coordinates": [ [ 3.4382524, 6.4505289 ], [ 3.4382303, 6.4503044 ] ] } },
{ "type": "Feature", "properties": { "name": null, "waterway": "drain", "tunnel": null, "waterway_vulnerability": 0.8, "is_culvert": false, "nearby_building_count": 0, "encroachment_score": 0.0, "blockage_risk": 0.32 }, "geometry": { "type": "LineString", "coordinates": [ [ 3.4384551, 6.4507131 ], [ 3.4384083, 6.4502474 ] ] } },
{ "type": "Feature", "properties": { "name": null, "waterway": "drain", "tunnel": null, "waterway_vulnerability": 0.8, "is_culvert": false, "nearby_building_count": 2, "encroachment_score": 0.052389043586086384, "blockage_risk": 0.33833616525513027 }, "geometry": { "type": "LineString", "coordinates": [ [ 3.4379177, 6.452063 ], [ 3.437755, 6.4515481 ], [ 3.4360604, 6.4516997 ], [ 3.4328402, 6.4490291 ] ] } },
{ "type": "Feature", "properties": { "name": null, "waterway": "drain", "tunnel": "culvert", "waterway_vulnerability": 0.8, "is_culvert": true, "nearby_building_count": 1, "encroachment_score": 1.0, "blockage_risk": 0.92 }, "geometry": { "type": "LineString", "coordinates": [ [ 3.4382569, 6.4505743 ], [ 3.4382524, 6.4505289 ] ] } },
{ "type": "Feature", "properties": { "name": null, "waterway": "drain", "tunnel": null, "waterway_vulnerability": 0.8, "is_culvert": false, "nearby_building_count": 3, "encroachment_score": 0.80328973862534225, "blockage_risk": 0.60115140851886983 }, "geometry": { "type": "LineString", "coordinates": [ [ 3.4377557, 6.4507772 ], [ 3.4378214, 6.4507785 ], [ 3.438156, 6.4507472 ], [ 3.4381822, 6.4507365 ], [ 3.4382097, 6.4507165 ], [ 3.4382559, 6.4506712 ], [ 3.438264, 6.4506592 ], [ 3.438264, 6.4506466 ], [ 3.4382569, 6.4505743 ] ] } },
{ "type": "Feature", "properties": { "name": null, "waterway": "drain", "tunnel": "culvert", "waterway_vulnerability": 0.8, "is_culvert": true, "nearby_building_count": 1, "encroachment_score": 1.0, "blockage_risk": 0.92 }, "geometry": { "type": "LineString", "coordinates": [ [ 3.4382749, 6.4508313 ], [ 3.4382097, 6.4507165 ] ] } },
{ "type": "Feature", "properties": { "name": null, "waterway": "drain", "tunnel": null, "waterway_vulnerability": 0.8, "is_culvert": false, "nearby_building_count": 0, "encroachment_score": 0.0, "blockage_risk": 0.32 }, "geometry": { "type": "LineString", "coordinates": [ [ 3.4384123, 6.4519727 ], [ 3.4383722, 6.4515257 ], [ 3.4383118, 6.4508993 ], [ 3.4382749, 6.4508313 ] ] } },
{ "type": "Feature", "properties": { "name": null, "waterway": "stream", "tunnel": null, "waterway_vulnerability": 0.35, "is_culvert": false, "nearby_building_count": 0, "encroachment_score": 0.0, "blockage_risk": 0.14 }, "geometry": { "type": "LineString", "coordinates": [ [ 3.42986, 6.4398294 ], [ 3.4298336, 6.4402274 ] ] } },
{ "type": "Feature", "properties": { "name": null, "waterway": "drain", "tunnel": null, "waterway_vulnerability": 0.8, "is_culvert": false, "nearby_building_count": 1, "encroachment_score": 0.15447339842040195, "blockage_risk": 0.37406568944714075 }, "geometry": { "type": "LineString", "coordinates": [ [ 3.4306648, 6.4438238 ], [ 3.4308299, 6.4427467 ] ] } },
{ "type": "Feature", "properties": { "name": null, "waterway": "drain", "tunnel": "culvert", "waterway_vulnerability": 0.8, "is_culvert": true, "nearby_building_count": 0, "encroachment_score": 0.0, "blockage_risk": 0.57 }, "geometry": { "type": "LineString", "coordinates": [ [ 3.4306144, 6.444037 ], [ 3.4306648, 6.4438238 ] ] } },
{ "type": "Feature", "properties": { "name": null, "waterway": "drain", "tunnel": null, "waterway_vulnerability": 0.8, "is_culvert": false, "nearby_building_count": 0, "encroachment_score": 0.0, "blockage_risk": 0.32 }, "geometry": { "type": "LineString", "coordinates": [ [ 3.4306484, 6.4455202 ], [ 3.4307977, 6.4448316 ], [ 3.4305356, 6.4445086 ], [ 3.4306144, 6.444037 ] ] } },
{ "type": "Feature", "properties": { "name": null, "waterway": "drain", "tunnel": null, "waterway_vulnerability": 0.8, "is_culvert": false, "nearby_building_count": 0, "encroachment_score": 0.0, "blockage_risk": 0.32 }, "geometry": { "type": "LineString", "coordinates": [ [ 3.428818, 6.4465603 ], [ 3.4289835, 6.4464073 ], [ 3.4293554, 6.4463934 ], [ 3.4293939, 6.4463714 ], [ 3.4298277, 6.4457606 ], [ 3.4299548, 6.4457216 ], [ 3.4302241, 6.4457108 ], [ 3.4306484, 6.4455202 ] ] } },
{ "type": "Feature", "properties": { "name": null, "waterway": "drain", "tunnel": null, "waterway_vulnerability": 0.8, "is_culvert": false, "nearby_building_count": 1, "encroachment_score": 0.07668136855316568, "blockage_risk": 0.34683847899360803 }, "geometry": { "type": "LineString", "coordinates": [ [ 3.4308769, 6.4473548 ], [ 3.4302629, 6.4468141 ], [ 3.4302383, 6.4467039 ], [ 3.4305094, 6.4461773 ], [ 3.4306484, 6.4455202 ] ] } },
{ "type": "Feature", "properties": { "name": null, "waterway": "drain", "tunnel": "culvert", "waterway_vulnerability": 0.8, "is_culvert": true, "nearby_building_count": 0, "encroachment_score": 0.0, "blockage_risk": 0.57 }, "geometry": { "type": "LineString", "coordinates": [ [ 3.4280868, 6.4470241 ], [ 3.4284699, 6.4469251 ], [ 3.4285299, 6.4468908 ], [ 3.4285655, 6.4468272 ], [ 3.428818, 6.4465603 ] ] } },
{ "type": "Feature", "properties": { "name": null, "waterway": "drain", "tunnel": null, "waterway_vulnerability": 0.8, "is_culvert": false, "nearby_building_count": 1, "encroachment_score": 0.24217297715660385, "blockage_risk": 0.40476054200481137 }, "geometry": { "type": "LineString", "coordinates": [ [ 3.4274363, 6.4472685 ], [ 3.4280868, 6.4470241 ] ] } },
{ "type": "Feature", "properties": { "name": null, "waterway": "drain", "tunnel": "culvert", "waterway_vulnerability": 0.8, "is_culvert": true, "nearby_building_count": 0, "encroachment_score": 0.0, "blockage_risk": 0.57 }, "geometry": { "type": "LineString", "coordinates": [ [ 3.4309719, 6.4474385 ], [ 3.4308769, 6.4473548 ] ] } },
{ "type": "Feature", "properties": { "name": null, "waterway": "ditch", "tunnel": null, "waterway_vulnerability": 0.7, "is_culvert": false, "nearby_building_count": 1, "encroachment_score": 0.028848537050647261, "blockage_risk": 0.29009698796772654 }, "geometry": { "type": "LineString", "coordinates": [ [ 3.4215035, 6.4570469 ], [ 3.4199698, 6.4611184 ], [ 3.4199327, 6.4612618 ], [ 3.4198643, 6.4618082 ], [ 3.4198639, 6.4620561 ], [ 3.4199184, 6.4623605 ], [ 3.4199238, 6.4625062 ], [ 3.4198922, 6.4625821 ] ] } },
{ "type": "Feature", "properties": { "name": null, "waterway": "drain", "tunnel": "culvert", "waterway_vulnerability": 0.8, "is_culvert": true, "nearby_building_count": 0, "encroachment_score": 0.0, "blockage_risk": 0.57 }, "geometry": { "type": "LineString", "coordinates": [ [ 3.4129807, 6.4426565 ], [ 3.4129229, 6.4424853 ] ] } },
{ "type": "Feature", "properties": { "name": null, "waterway": "drain", "tunnel": null, "waterway_vulnerability": 0.8, "is_culvert": false, "nearby_building_count": 2, "encroachment_score": 0.28658844421101404, "blockage_risk": 0.42030595547385496 }, "geometry": { "type": "LineString", "coordinates": [ [ 3.4133527, 6.4437707 ], [ 3.4131697, 6.4432158 ], [ 3.4129807, 6.4426565 ] ] } },
{ "type": "Feature", "properties": { "name": null, "waterway": "drain", "tunnel": null, "waterway_vulnerability": 0.8, "is_culvert": false, "nearby_building_count": 9, "encroachment_score": 1.0, "blockage_risk": 0.67 }, "geometry": { "type": "LineString", "coordinates": [ [ 3.4171963, 6.4441026 ], [ 3.4174959, 6.4427873 ] ] } },
{ "type": "Feature", "properties": { "name": null, "waterway": "drain", "tunnel": "culvert", "waterway_vulnerability": 0.8, "is_culvert": true, "nearby_building_count": 0, "encroachment_score": 0.0, "blockage_risk": 0.57 }, "geometry": { "type": "LineString", "coordinates": [ [ 3.4133936, 6.4438949 ], [ 3.4133527, 6.4437707 ] ] } },
{ "type": "Feature", "properties": { "name": null, "waterway": "drain", "tunnel": null, "waterway_vulnerability": 0.8, "is_culvert": false, "nearby_building_count": 1, "encroachment_score": 0.28093215970510904, "blockage_risk": 0.41832625589678823 }, "geometry": { "type": "LineString", "coordinates": [ [ 3.4135813, 6.4444639 ], [ 3.4133936, 6.4438949 ] ] } },
{ "type": "Feature", "properties": { "name": null, "waterway": "drain", "tunnel": "culvert", "waterway_vulnerability": 0.8, "is_culvert": true, "nearby_building_count": 0, "encroachment_score": 0.0, "blockage_risk": 0.57 }, "geometry": { "type": "LineString", "coordinates": [ [ 3.4171838, 6.4442839 ], [ 3.4171963, 6.4441026 ] ] } },
{ "type": "Feature", "properties": { "name": null, "waterway": "drain", "tunnel": "culvert", "waterway_vulnerability": 0.8, "is_culvert": true, "nearby_building_count": 0, "encroachment_score": 0.0, "blockage_risk": 0.57 }, "geometry": { "type": "LineString", "coordinates": [ [ 3.4136204, 6.4445825 ], [ 3.4135813, 6.4444639 ] ] } },
{ "type": "Feature", "properties": { "name": null, "waterway": "drain", "tunnel": null, "waterway_vulnerability": 0.8, "is_culvert": false, "nearby_building_count": 1, "encroachment_score": 0.30825547193159708, "blockage_risk": 0.42788941517605905 }, "geometry": { "type": "LineString", "coordinates": [ [ 3.4136766, 6.4451214 ], [ 3.4136747, 6.4447849 ], [ 3.4136204, 6.4445825 ] ] } },
{ "type": "Feature", "properties": { "name": null, "waterway": "drain", "tunnel": null, "waterway_vulnerability": 0.8, "is_culvert": false, "nearby_building_count": 6, "encroachment_score": 0.28695146046510739, "blockage_risk": 0.42043301116278764 }, "geometry": { "type": "LineString", "coordinates": [ [ 3.4173077, 6.4478008 ], [ 3.4172865, 6.4470974 ], [ 3.4172652, 6.4465206 ], [ 3.4172157, 6.4457997 ], [ 3.4171838, 6.4442839 ] ] } },
{ "type": "Feature", "properties": { "name": "MacGregor Canal", "waterway": "canal", "tunnel": null, "waterway_vulnerability": 0.3, "is_culvert": false, "nearby_building_count": 0, "encroachment_score": 0.0, "blockage_risk": 0.12 }, "geometry": { "type": "MultiLineString", "coordinates": [ [ [ 3.4083992, 6.4618207 ], [ 3.4084303, 6.4612946 ], [ 3.4091259, 6.4602845 ], [ 3.4094282, 6.4598304 ], [ 3.4096505, 6.4594226 ], [ 3.4098937, 6.4589771 ], [ 3.4099458, 6.4588816 ], [ 3.4100609, 6.4586843 ], [ 3.4102494, 6.4583829 ], [ 3.4104163, 6.4581702 ], [ 3.410592, 6.4579594 ], [ 3.4106244, 6.4579034 ], [ 3.4106432, 6.4578581 ], [ 3.4106513, 6.4577915 ], [ 3.4106539, 6.4577195 ], [ 3.4106486, 6.4576716 ], [ 3.4106298, 6.4576209 ], [ 3.4104045, 6.4572718 ], [ 3.4103318, 6.4572025 ], [ 3.4102487, 6.4571305 ], [ 3.4101819, 6.4570559 ], [ 3.410088, 6.456944 ], [ 3.4099324, 6.4567414 ], [ 3.4098251, 6.4565895 ], [ 3.4097527, 6.4564562 ], [ 3.4096669, 6.4562937 ], [ 3.4095355, 6.4560645 ], [ 3.4094899, 6.4559578 ], [ 3.409463, 6.4558699 ], [ 3.4088059, 6.4530581 ], [ 3.408771, 6.4528635 ], [ 3.4087442, 6.452709 ], [ 3.4087362, 6.4526237 ], [ 3.408632434907213, 6.452572837297732 ] ], [ [ 3.407205100526005, 6.446179931605007 ], [ 3.4071345, 6.4459469 ], [ 3.4070036, 6.4455495 ], [ 3.4068408, 6.4451802 ], [ 3.406812662594769, 6.445120842211574 ] ] ] } },
{ "type": "Feature", "properties": { "name": null, "waterway": "drain", "tunnel": null, "waterway_vulnerability": 0.8, "is_culvert": false, "nearby_building_count": 4, "encroachment_score": 0.55943732919589506, "blockage_risk": 0.51580306521856334 }, "geometry": { "type": "LineString", "coordinates": [ [ 3.4141771, 6.4558832 ], [ 3.4141611, 6.4556207 ], [ 3.4142764, 6.4553849 ], [ 3.4142883, 6.4553108 ], [ 3.4142925, 6.4552849 ], [ 3.4142616, 6.4550597 ], [ 3.4142777, 6.4547106 ] ] } },
{ "type": "Feature", "properties": { "name": null, "waterway": "drain", "tunnel": null, "waterway_vulnerability": 0.8, "is_culvert": false, "nearby_building_count": 0, "encroachment_score": 0.0, "blockage_risk": 0.32 }, "geometry": { "type": "LineString", "coordinates": [ [ 3.4161057, 6.4561458 ], [ 3.4158079, 6.4560312 ], [ 3.4155424, 6.4559219 ], [ 3.4151213, 6.455666 ], [ 3.4147203, 6.4554102 ], [ 3.4145607, 6.4553342 ], [ 3.4144749, 6.4553089 ], [ 3.4142883, 6.4553108 ] ] } },
{ "type": "Feature", "properties": { "name": null, "waterway": "drain", "tunnel": "culvert", "waterway_vulnerability": 0.8, "is_culvert": true, "nearby_building_count": 0, "encroachment_score": 0.0, "blockage_risk": 0.57 }, "geometry": { "type": "LineString", "coordinates": [ [ 3.4098937, 6.4589771 ], [ 3.4097148, 6.458922 ] ] } },
{ "type": "Feature", "properties": { "name": null, "waterway": "drain", "tunnel": null, "waterway_vulnerability": 0.8, "is_culvert": false, "nearby_building_count": 0, "encroachment_score": 0.0, "blockage_risk": 0.32 }, "geometry": { "type": "LineString", "coordinates": [ [ 3.4097148, 6.458922 ], [ 3.4089199, 6.4590118 ], [ 3.4081891, 6.4591167 ], [ 3.4073805, 6.4592648 ], [ 3.4072013, 6.459303 ], [ 3.4069283, 6.4592564 ], [ 3.4064975, 6.4592606 ], [ 3.4064343, 6.4592701 ] ] } },
{ "type": "Feature", "properties": { "name": null, "waterway": "ditch", "tunnel": null, "waterway_vulnerability": 0.7, "is_culvert": false, "nearby_building_count": 0, "encroachment_score": 0.0, "blockage_risk": 0.28 }, "geometry": { "type": "LineString", "coordinates": [ [ 3.4136556, 6.4603047 ], [ 3.4130425, 6.4598746 ], [ 3.4120798, 6.4591782 ], [ 3.4106368, 6.4582607 ], [ 3.4104163, 6.4581702 ] ] } },
{ "type": "Feature", "properties": { "name": null, "waterway": "drain", "tunnel": null, "waterway_vulnerability": 0.8, "is_culvert": false, "nearby_building_count": 0, "encroachment_score": 0.0, "blockage_risk": 0.32 }, "geometry": { "type": "LineString", "coordinates": [ [ 3.4064343, 6.4592701 ], [ 3.4064286, 6.4592709 ] ] } },
{ "type": "Feature", "properties": { "name": null, "waterway": "drain", "tunnel": "culvert", "waterway_vulnerability": 0.8, "is_culvert": true, "nearby_building_count": 0, "encroachment_score": 0.0, "blockage_risk": 0.57 }, "geometry": { "type": "LineString", "coordinates": [ [ 3.4064286, 6.4592709 ], [ 3.4063291, 6.4592858 ] ] } },
{ "type": "Feature", "properties": { "name": null, "waterway": "drain", "tunnel": null, "waterway_vulnerability": 0.8, "is_culvert": false, "nearby_building_count": 0, "encroachment_score": 0.0, "blockage_risk": 0.32 }, "geometry": { "type": "LineString", "coordinates": [ [ 3.4063291, 6.4592858 ], [ 3.4063167, 6.4592877 ] ] } },
{ "type": "Feature", "properties": { "name": null, "waterway": "drain", "tunnel": null, "waterway_vulnerability": 0.8, "is_culvert": false, "nearby_building_count": 2, "encroachment_score": 0.15160358338576044, "blockage_risk": 0.37306125418501623 }, "geometry": { "type": "LineString", "coordinates": [ [ 3.4063167, 6.4592877 ], [ 3.4060453, 6.4593284 ], [ 3.4048549, 6.4593786 ], [ 3.404428, 6.4593789 ], [ 3.4042346, 6.4593028 ], [ 3.4041289, 6.4592986 ], [ 3.404115259707178, 6.459298101956522 ] ] } },
{ "type": "Feature", "properties": { "name": null, "waterway": "ditch", "tunnel": null, "waterway_vulnerability": 0.7, "is_culvert": false, "nearby_building_count": 18, "encroachment_score": 0.90929933556466214, "blockage_risk": 0.59825476744763173 }, "geometry": { "type": "LineString", "coordinates": [ [ 3.4222949, 6.4585351 ], [ 3.4230062, 6.4610144 ], [ 3.4231038, 6.4617608 ] ] } },
{ "type": "Feature", "properties": { "name": null, "waterway": "drain", "tunnel": "culvert", "waterway_vulnerability": 0.8, "is_culvert": true, "nearby_building_count": 0, "encroachment_score": 0.0, "blockage_risk": 0.57 }, "geometry": { "type": "LineString", "coordinates": [ [ 3.4231038, 6.4617608 ], [ 3.4231329, 6.4619651 ] ] } },
{ "type": "Feature", "properties": { "name": null, "waterway": "drain", "tunnel": null, "waterway_vulnerability": 0.8, "is_culvert": false, "nearby_building_count": 0, "encroachment_score": 0.0, "blockage_risk": 0.32 }, "geometry": { "type": "LineString", "coordinates": [ [ 3.4231329, 6.4619651 ], [ 3.4233872, 6.4631058 ], [ 3.4233363, 6.4631966 ], [ 3.4232066, 6.4633873 ], [ 3.4231424, 6.4634063 ], [ 3.4225839, 6.4634014 ], [ 3.422411, 6.4633886 ], [ 3.4222447, 6.4633435 ], [ 3.4220387, 6.4633271 ], [ 3.4213601, 6.4632964 ], [ 3.4208887, 6.4632172 ], [ 3.4207647, 6.4631472 ], [ 3.4204, 6.4629368 ], [ 3.4201668, 6.4627647 ], [ 3.4199866, 6.4626033 ], [ 3.4198922, 6.4625821 ] ] } },
{ "type": "Feature", "properties": { "name": null, "waterway": "drain", "tunnel": "culvert", "waterway_vulnerability": 0.8, "is_culvert": true, "nearby_building_count": 0, "encroachment_score": 0.0, "blockage_risk": 0.57 }, "geometry": { "type": "LineString", "coordinates": [ [ 3.4198922, 6.4625821 ], [ 3.4198125, 6.4626928 ], [ 3.4197897, 6.462809 ] ] } },
{ "type": "Feature", "properties": { "name": null, "waterway": "ditch", "tunnel": null, "waterway_vulnerability": 0.7, "is_culvert": false, "nearby_building_count": 0, "encroachment_score": 0.0, "blockage_risk": 0.28 }, "geometry": { "type": "LineString", "coordinates": [ [ 3.4197897, 6.462809 ], [ 3.4197564, 6.4631799 ] ] } },
{ "type": "Feature", "properties": { "name": null, "waterway": "drain", "tunnel": "culvert", "waterway_vulnerability": 0.8, "is_culvert": true, "nearby_building_count": 0, "encroachment_score": 0.0, "blockage_risk": 0.57 }, "geometry": { "type": "LineString", "coordinates": [ [ 3.4197564, 6.4631799 ], [ 3.4198468, 6.4634451 ] ] } },
{ "type": "Feature", "properties": { "name": null, "waterway": "ditch", "tunnel": null, "waterway_vulnerability": 0.7, "is_culvert": false, "nearby_building_count": 0, "encroachment_score": 0.0, "blockage_risk": 0.28 }, "geometry": { "type": "LineString", "coordinates": [ [ 3.4198468, 6.4634451 ], [ 3.4199447, 6.4636422 ], [ 3.4199278, 6.4638535 ], [ 3.4199063, 6.463966 ], [ 3.4198526, 6.4641423 ], [ 3.4197219, 6.4642606 ], [ 3.4194954, 6.464365 ], [ 3.4192297, 6.4644608 ] ] } },
{ "type": "Feature", "properties": { "name": null, "waterway": "drain", "tunnel": "culvert", "waterway_vulnerability": 0.8, "is_culvert": true, "nearby_building_count": 0, "encroachment_score": 0.0, "blockage_risk": 0.57 }, "geometry": { "type": "LineString", "coordinates": [ [ 3.4192297, 6.4644608 ], [ 3.4191344, 6.4645838 ] ] } },
{ "type": "Feature", "properties": { "name": null, "waterway": "ditch", "tunnel": null, "waterway_vulnerability": 0.7, "is_culvert": false, "nearby_building_count": 2, "encroachment_score": 0.46383866048340938, "blockage_risk": 0.44234353116919323 }, "geometry": { "type": "LineString", "coordinates": [ [ 3.4191344, 6.4645838 ], [ 3.4188748, 6.4646538 ], [ 3.4188534, 6.464899 ], [ 3.4187445, 6.4650794 ] ] } },
{ "type": "Feature", "properties": { "name": null, "waterway": "drain", "tunnel": null, "waterway_vulnerability": 0.8, "is_culvert": false, "nearby_building_count": 0, "encroachment_score": 0.0, "blockage_risk": 0.32 }, "geometry": { "type": "LineString", "coordinates": [ [ 3.4400845, 6.4460339 ], [ 3.4399757, 6.4459812 ], [ 3.4395793, 6.4458423 ] ] } },
{ "type": "Feature", "properties": { "name": null, "waterway": "drain", "tunnel": "culvert", "waterway_vulnerability": 0.8, "is_culvert": true, "nearby_building_count": 0, "encroachment_score": 0.0, "blockage_risk": 0.57 }, "geometry": { "type": "LineString", "coordinates": [ [ 3.4427786, 6.4460067 ], [ 3.4427062, 6.445898 ] ] } },
{ "type": "Feature", "properties": { "name": null, "waterway": "drain", "tunnel": null, "waterway_vulnerability": 0.8, "is_culvert": false, "nearby_building_count": 2, "encroachment_score": 0.31838417905125199, "blockage_risk": 0.43143446266793828 }, "geometry": { "type": "LineString", "coordinates": [ [ 3.4383734, 6.4465195 ], [ 3.4387221, 6.4455213 ] ] } },
{ "type": "Feature", "properties": { "name": null, "waterway": "drain", "tunnel": "culvert", "waterway_vulnerability": 0.8, "is_culvert": true, "nearby_building_count": 0, "encroachment_score": 0.0, "blockage_risk": 0.57 }, "geometry": { "type": "LineString", "coordinates": [ [ 3.4401907, 6.4460805 ], [ 3.4400845, 6.4460339 ] ] } },
{ "type": "Feature", "properties": { "name": null, "waterway": "drain", "tunnel": null, "waterway_vulnerability": 0.8, "is_culvert": false, "nearby_building_count": 0, "encroachment_score": 0.0, "blockage_risk": 0.32 }, "geometry": { "type": "LineString", "coordinates": [ [ 3.4430378, 6.4462529 ], [ 3.4428972, 6.4460511 ], [ 3.4427786, 6.4460067 ] ] } },
{ "type": "Feature", "properties": { "name": null, "waterway": "drain", "tunnel": null, "waterway_vulnerability": 0.8, "is_culvert": false, "nearby_building_count": 1, "encroachment_score": 0.26687830398503493, "blockage_risk": 0.41340740639476226 }, "geometry": { "type": "LineString", "coordinates": [ [ 3.4407596, 6.4462458 ], [ 3.4407056, 6.4461579 ], [ 3.4406472, 6.4461667 ], [ 3.4405826, 6.4461667 ], [ 3.4405065, 6.4461632 ], [ 3.4404393, 6.4461535 ], [ 3.4403694, 6.4461403 ], [ 3.4402969, 6.4461192 ], [ 3.4401907, 6.4460805 ] ] } },
{ "type": "Feature", "properties": { "name": null, "waterway": "drain", "tunnel": null, "waterway_vulnerability": 0.8, "is_culvert": false, "nearby_building_count": 2, "encroachment_score": 0.33790228420368862, "blockage_risk": 0.43826579947129107 }, "geometry": { "type": "LineString", "coordinates": [ [ 3.4390027, 6.4466975 ], [ 3.4393256, 6.445755 ] ] } },
{ "type": "Feature", "properties": { "name": null, "waterway": "drain", "tunnel": "culvert", "waterway_vulnerability": 0.8, "is_culvert": true, "nearby_building_count": 0, "encroachment_score": 0.0, "blockage_risk": 0.57 }, "geometry": { "type": "LineString", "coordinates": [ [ 3.4430985, 6.4463399 ], [ 3.4430378, 6.4462529 ] ] } },
{ "type": "Feature", "properties": { "name": null, "waterway": "drain", "tunnel": null, "waterway_vulnerability": 0.8, "is_culvert": false, "nearby_building_count": 0, "encroachment_score": 0.0, "blockage_risk": 0.32 }, "geometry": { "type": "LineString", "coordinates": [ [ 3.443308, 6.4466397 ], [ 3.4430985, 6.4463399 ] ] } },
{ "type": "Feature", "properties": { "name": null, "waterway": "drain", "tunnel": "culvert", "waterway_vulnerability": 0.8, "is_culvert": true, "nearby_building_count": 0, "encroachment_score": 0.0, "blockage_risk": 0.57 }, "geometry": { "type": "LineString", "coordinates": [ [ 3.4433398, 6.4466871 ], [ 3.443308, 6.4466397 ] ] } },
{ "type": "Feature", "properties": { "name": null, "waterway": "drain", "tunnel": "culvert", "waterway_vulnerability": 0.8, "is_culvert": true, "nearby_building_count": 0, "encroachment_score": 0.0, "blockage_risk": 0.57 }, "geometry": { "type": "LineString", "coordinates": [ [ 3.4907426, 6.4440709 ], [ 3.4907421, 6.4441775 ] ] } },
{ "type": "Feature", "properties": { "name": null, "waterway": "drain", "tunnel": null, "waterway_vulnerability": 0.8, "is_culvert": false, "nearby_building_count": 1, "encroachment_score": 0.57253192428286603, "blockage_risk": 0.52038617349900318 }, "geometry": { "type": "LineString", "coordinates": [ [ 3.4907421, 6.4441775 ], [ 3.4907407, 6.4444715 ] ] } },
{ "type": "Feature", "properties": { "name": null, "waterway": "drain", "tunnel": "culvert", "waterway_vulnerability": 0.8, "is_culvert": true, "nearby_building_count": 4, "encroachment_score": 1.0, "blockage_risk": 0.92 }, "geometry": { "type": "LineString", "coordinates": [ [ 3.4907407, 6.4444715 ], [ 3.4907402, 6.4445703 ] ] } },
{ "type": "Feature", "properties": { "name": null, "waterway": "drain", "tunnel": null, "waterway_vulnerability": 0.8, "is_culvert": false, "nearby_building_count": 4, "encroachment_score": 0.90000925743823257, "blockage_risk": 0.63500324010338138 }, "geometry": { "type": "LineString", "coordinates": [ [ 3.4907402, 6.4445703 ], [ 3.4907365, 6.4453184 ] ] } },
{ "type": "Feature", "properties": { "name": null, "waterway": "ditch", "tunnel": "culvert", "waterway_vulnerability": 0.7, "is_culvert": true, "nearby_building_count": 0, "encroachment_score": 0.0, "blockage_risk": 0.53 }, "geometry": { "type": "LineString", "coordinates": [ [ 3.4861528, 6.4452884 ], [ 3.4861391, 6.4453998 ] ] } },
{ "type": "Feature", "properties": { "name": null, "waterway": "drain", "tunnel": "culvert", "waterway_vulnerability": 0.8, "is_culvert": true, "nearby_building_count": 0, "encroachment_score": 0.0, "blockage_risk": 0.57 }, "geometry": { "type": "LineString", "coordinates": [ [ 3.4907365, 6.4453184 ], [ 3.490736, 6.4454172 ] ] } },
{ "type": "Feature", "properties": { "name": null, "waterway": "drain", "tunnel": null, "waterway_vulnerability": 0.8, "is_culvert": false, "nearby_building_count": 4, "encroachment_score": 0.46886970760532576, "blockage_risk": 0.48410439766186408 }, "geometry": { "type": "LineString", "coordinates": [ [ 3.490736, 6.4454172 ], [ 3.4907289, 6.4468532 ] ] } },
{ "type": "Feature", "properties": { "name": null, "waterway": "ditch", "tunnel": null, "waterway_vulnerability": 0.7, "is_culvert": false, "nearby_building_count": 9, "encroachment_score": 0.53234167590325843, "blockage_risk": 0.46631958656614042 }, "geometry": { "type": "LineString", "coordinates": [ [ 3.4861391, 6.4453998 ], [ 3.4860886, 6.4461769 ], [ 3.4860866, 6.4466096 ], [ 3.4860882, 6.4479499 ], [ 3.4860787, 6.4482438 ] ] } },
{ "type": "Feature", "properties": { "name": null, "waterway": "drain", "tunnel": "culvert", "waterway_vulnerability": 0.8, "is_culvert": true, "nearby_building_count": 0, "encroachment_score": 0.0, "blockage_risk": 0.57 }, "geometry": { "type": "LineString", "coordinates": [ [ 3.4907289, 6.4468532 ], [ 3.4907284, 6.4469552 ] ] } },
{ "type": "Feature", "properties": { "name": null, "waterway": "drain", "tunnel": null, "waterway_vulnerability": 0.8, "is_culvert": false, "nearby_building_count": 0, "encroachment_score": 0.0, "blockage_risk": 0.32 }, "geometry": { "type": "LineString", "coordinates": [ [ 3.4907284, 6.4469552 ], [ 3.4907279, 6.4470573 ] ] } },
{ "type": "Feature", "properties": { "name": null, "waterway": "drain", "tunnel": null, "waterway_vulnerability": 0.8, "is_culvert": false, "nearby_building_count": 1, "encroachment_score": 0.55415278863849093, "blockage_risk": 0.51395347602347186 }, "geometry": { "type": "LineString", "coordinates": [ [ 3.4363242, 6.4460031 ], [ 3.4366118, 6.4461006 ] ] } },
{ "type": "Feature", "properties": { "name": null, "waterway": "drain", "tunnel": "culvert", "waterway_vulnerability": 0.8, "is_culvert": true, "nearby_building_count": 1, "encroachment_score": 1.0, "blockage_risk": 0.92 }, "geometry": { "type": "LineString", "coordinates": [ [ 3.4366118, 6.4461006 ], [ 3.4367493, 6.4461475 ] ] } },
{ "type": "Feature", "properties": { "name": null, "waterway": "drain", "tunnel": null, "waterway_vulnerability": 0.8, "is_culvert": false, "nearby_building_count": 1, "encroachment_score": 0.23809137661400628, "blockage_risk": 0.40333198181490226 }, "geometry": { "type": "LineString", "coordinates": [ [ 3.4367493, 6.4461475 ], [ 3.437416, 6.4463822 ] ] } },
{ "type": "Feature", "properties": { "name": null, "waterway": "drain", "tunnel": "culvert", "waterway_vulnerability": 0.8, "is_culvert": true, "nearby_building_count": 0, "encroachment_score": 0.0, "blockage_risk": 0.57 }, "geometry": { "type": "LineString", "coordinates": [ [ 3.437416, 6.4463822 ], [ 3.4375122, 6.4464164 ] ] } },
{ "type": "Feature", "properties": { "name": null, "waterway": "drain", "tunnel": null, "waterway_vulnerability": 0.8, "is_culvert": false, "nearby_building_count": 0, "encroachment_score": 0.0, "blockage_risk": 0.32 }, "geometry": { "type": "LineString", "coordinates": [ [ 3.4375122, 6.4464164 ], [ 3.4380685, 6.4466129 ] ] } },
{ "type": "Feature", "properties": { "name": null, "waterway": "drain", "tunnel": "culvert", "waterway_vulnerability": 0.8, "is_culvert": true, "nearby_building_count": 1, "encroachment_score": 0.87437263297131096, "blockage_risk": 0.8760304215399588 }, "geometry": { "type": "LineString", "coordinates": [ [ 3.4382829, 6.4466894 ], [ 3.4383734, 6.4465195 ] ] } },
{ "type": "Feature", "properties": { "name": null, "waterway": "drain", "tunnel": "culvert", "waterway_vulnerability": 0.8, "is_culvert": true, "nearby_building_count": 0, "encroachment_score": 0.0, "blockage_risk": 0.57 }, "geometry": { "type": "LineString", "coordinates": [ [ 3.4380685, 6.4466129 ], [ 3.43816, 6.4466459 ] ] } },
{ "type": "Feature", "properties": { "name": null, "waterway": "drain", "tunnel": null, "waterway_vulnerability": 0.8, "is_culvert": false, "nearby_building_count": 1, "encroachment_score": 1.0, "blockage_risk": 0.67 }, "geometry": { "type": "LineString", "coordinates": [ [ 3.43816, 6.4466459 ], [ 3.4382829, 6.4466894 ] ] } },
{ "type": "Feature", "properties": { "name": null, "waterway": "drain", "tunnel": null, "waterway_vulnerability": 0.8, "is_culvert": false, "nearby_building_count": 1, "encroachment_score": 0.26858975218742054, "blockage_risk": 0.41400641326559723 }, "geometry": { "type": "LineString", "coordinates": [ [ 3.4384015, 6.4471781 ], [ 3.4384912, 6.4469079 ], [ 3.4384521, 6.4467507 ], [ 3.4382829, 6.4466894 ] ] } },
{ "type": "Feature", "properties": { "name": null, "waterway": "drain", "tunnel": "culvert", "waterway_vulnerability": 0.8, "is_culvert": true, "nearby_building_count": 0, "encroachment_score": 0.0, "blockage_risk": 0.57 }, "geometry": { "type": "LineString", "coordinates": [ [ 3.4383786, 6.4472469 ], [ 3.4384015, 6.4471781 ] ] } },
{ "type": "Feature", "properties": { "name": null, "waterway": "drain", "tunnel": "culvert", "waterway_vulnerability": 0.8, "is_culvert": true, "nearby_building_count": 1, "encroachment_score": 0.58624364020393815, "blockage_risk": 0.77518527407137838 }, "geometry": { "type": "LineString", "coordinates": [ [ 3.4387218, 6.446849 ], [ 3.4384521, 6.4467507 ] ] } },
{ "type": "Feature", "properties": { "name": null, "waterway": "drain", "tunnel": "culvert", "waterway_vulnerability": 0.8, "is_culvert": true, "nearby_building_count": 1, "encroachment_score": 0.71909862200925101, "blockage_risk": 0.82168451770323792 }, "geometry": { "type": "LineString", "coordinates": [ [ 3.4389385, 6.4469226 ], [ 3.4390027, 6.4466975 ] ] } },
{ "type": "Feature", "properties": { "name": null, "waterway": "drain", "tunnel": null, "waterway_vulnerability": 0.8, "is_culvert": false, "nearby_building_count": 0, "encroachment_score": 0.0, "blockage_risk": 0.32 }, "geometry": { "type": "LineString", "coordinates": [ [ 3.4387218, 6.446849 ], [ 3.4388321, 6.4468871 ], [ 3.4389385, 6.4469226 ] ] } },
{ "type": "Feature", "properties": { "name": null, "waterway": "drain", "tunnel": "culvert", "waterway_vulnerability": 0.8, "is_culvert": true, "nearby_building_count": 0, "encroachment_score": 0.0, "blockage_risk": 0.57 }, "geometry": { "type": "LineString", "coordinates": [ [ 3.4390084, 6.446946 ], [ 3.4389385, 6.4469226 ] ] } },
{ "type": "Feature", "properties": { "name": null, "waterway": "drain", "tunnel": null, "waterway_vulnerability": 0.8, "is_culvert": false, "nearby_building_count": 0, "encroachment_score": 0.0, "blockage_risk": 0.32 }, "geometry": { "type": "LineString", "coordinates": [ [ 3.4390673, 6.4469657 ], [ 3.4390084, 6.446946 ] ] } },
{ "type": "Feature", "properties": { "name": null, "waterway": "drain", "tunnel": "culvert", "waterway_vulnerability": 0.8, "is_culvert": true, "nearby_building_count": 0, "encroachment_score": 0.0, "blockage_risk": 0.57 }, "geometry": { "type": "LineString", "coordinates": [ [ 3.4391529, 6.4469943 ], [ 3.4390673, 6.4469657 ] ] } },
{ "type": "Feature", "properties": { "name": null, "waterway": "drain", "tunnel": null, "waterway_vulnerability": 0.8, "is_culvert": false, "nearby_building_count": 0, "encroachment_score": 0.0, "blockage_risk": 0.32 }, "geometry": { "type": "LineString", "coordinates": [ [ 3.4394208, 6.447087 ], [ 3.4392425, 6.4470242 ], [ 3.4391529, 6.4469943 ] ] } },
{ "type": "Feature", "properties": { "name": null, "waterway": "drain", "tunnel": "culvert", "waterway_vulnerability": 0.8, "is_culvert": true, "nearby_building_count": 0, "encroachment_score": 0.0, "blockage_risk": 0.57 }, "geometry": { "type": "LineString", "coordinates": [ [ 3.4395172, 6.4471209 ], [ 3.4394208, 6.447087 ] ] } },
{ "type": "Feature", "properties": { "name": null, "waterway": "drain", "tunnel": null, "waterway_vulnerability": 0.8, "is_culvert": false, "nearby_building_count": 0, "encroachment_score": 0.0, "blockage_risk": 0.32 }, "geometry": { "type": "LineString", "coordinates": [ [ 3.4396709, 6.447175 ], [ 3.4395172, 6.4471209 ] ] } },
{ "type": "Feature", "properties": { "name": null, "waterway": "drain", "tunnel": "culvert", "waterway_vulnerability": 0.8, "is_culvert": true, "nearby_building_count": 0, "encroachment_score": 0.0, "blockage_risk": 0.57 }, "geometry": { "type": "LineString", "coordinates": [ [ 3.4432539, 6.447355 ], [ 3.4433396, 6.4473228 ] ] } },
{ "type": "Feature", "properties": { "name": null, "waterway": "drain", "tunnel": "culvert", "waterway_vulnerability": 0.8, "is_culvert": true, "nearby_building_count": 0, "encroachment_score": 0.0, "blockage_risk": 0.57 }, "geometry": { "type": "LineString", "coordinates": [ [ 3.4406902, 6.4475312 ], [ 3.4396709, 6.447175 ] ] } },
{ "type": "Feature", "properties": { "name": null, "waterway": "drain", "tunnel": null, "waterway_vulnerability": 0.8, "is_culvert": false, "nearby_building_count": 0, "encroachment_score": 0.0, "blockage_risk": 0.32 }, "geometry": { "type": "LineString", "coordinates": [ [ 3.4383668, 6.4478546 ], [ 3.4386618, 6.4469884 ], [ 3.4388321, 6.4468871 ] ] } },
{ "type": "Feature", "properties": { "name": null, "waterway": "drain", "tunnel": null, "waterway_vulnerability": 0.8, "is_culvert": false, "nearby_building_count": 0, "encroachment_score": 0.0, "blockage_risk": 0.32 }, "geometry": { "type": "LineString", "coordinates": [ [ 3.4428027, 6.4474949 ], [ 3.4429773, 6.4474549 ], [ 3.4430579, 6.4474271 ], [ 3.4431591, 6.4473907 ], [ 3.4432539, 6.447355 ] ] } },
{ "type": "Feature", "properties": { "name": null, "waterway": "drain", "tunnel": null, "waterway_vulnerability": 0.8, "is_culvert": false, "nearby_building_count": 0, "encroachment_score": 0.0, "blockage_risk": 0.32 }, "geometry": { "type": "LineString", "coordinates": [ [ 3.4415016, 6.4477185 ], [ 3.4414292, 6.4477087 ], [ 3.4413124, 6.4476901 ], [ 3.4411093, 6.4476495 ], [ 3.4408606, 6.4475845 ], [ 3.4406902, 6.4475312 ] ] } },
{ "type": "Feature", "properties": { "name": null, "waterway": "drain", "tunnel": "culvert", "waterway_vulnerability": 0.8, "is_culvert": true, "nearby_building_count": 0, "encroachment_score": 0.0, "blockage_risk": 0.57 }, "geometry": { "type": "LineString", "coordinates": [ [ 3.441574, 6.4477284 ], [ 3.4415016, 6.4477185 ] ] } },
{ "type": "Feature", "properties": { "name": null, "waterway": "drain", "tunnel": null, "waterway_vulnerability": 0.8, "is_culvert": false, "nearby_building_count": 0, "encroachment_score": 0.0, "blockage_risk": 0.32 }, "geometry": { "type": "LineString", "coordinates": [ [ 3.4416335, 6.4477357 ], [ 3.441574, 6.4477284 ] ] } },
{ "type": "Feature", "properties": { "name": null, "waterway": "drain", "tunnel": "culvert", "waterway_vulnerability": 0.8, "is_culvert": true, "nearby_building_count": 0, "encroachment_score": 0.0, "blockage_risk": 0.57 }, "geometry": { "type": "LineString", "coordinates": [ [ 3.4416807, 6.4477416 ], [ 3.4416335, 6.4477357 ] ] } },
{ "type": "Feature", "properties": { "name": null, "waterway": "drain", "tunnel": null, "waterway_vulnerability": 0.8, "is_culvert": false, "nearby_building_count": 0, "encroachment_score": 0.0, "blockage_risk": 0.32 }, "geometry": { "type": "LineString", "coordinates": [ [ 3.4417936, 6.4477554 ], [ 3.4416807, 6.4477416 ] ] } },
{ "type": "Feature", "properties": { "name": null, "waterway": "drain", "tunnel": "culvert", "waterway_vulnerability": 0.8, "is_culvert": true, "nearby_building_count": 0, "encroachment_score": 0.0, "blockage_risk": 0.57 }, "geometry": { "type": "LineString", "coordinates": [ [ 3.4418565, 6.4477632 ], [ 3.4417936, 6.4477554 ] ] } },
{ "type": "Feature", "properties": { "name": null, "waterway": "drain", "tunnel": null, "waterway_vulnerability": 0.8, "is_culvert": false, "nearby_building_count": 0, "encroachment_score": 0.0, "blockage_risk": 0.32 }, "geometry": { "type": "LineString", "coordinates": [ [ 3.4421052, 6.4477881 ], [ 3.4418565, 6.4477632 ] ] } },
{ "type": "Feature", "properties": { "name": null, "waterway": "drain", "tunnel": "culvert", "waterway_vulnerability": 0.8, "is_culvert": true, "nearby_building_count": 0, "encroachment_score": 0.0, "blockage_risk": 0.57 }, "geometry": { "type": "LineString", "coordinates": [ [ 3.438329, 6.4494316 ], [ 3.4383209, 6.4493125 ] ] } },
{ "type": "Feature", "properties": { "name": null, "waterway": "drain", "tunnel": "culvert", "waterway_vulnerability": 0.8, "is_culvert": true, "nearby_building_count": 0, "encroachment_score": 0.0, "blockage_risk": 0.57 }, "geometry": { "type": "LineString", "coordinates": [ [ 3.4381639, 6.4496309 ], [ 3.4381593, 6.4495845 ] ] } },
{ "type": "Feature", "properties": { "name": null, "waterway": "drain", "tunnel": null, "waterway_vulnerability": 0.8, "is_culvert": false, "nearby_building_count": 0, "encroachment_score": 0.0, "blockage_risk": 0.32 }, "geometry": { "type": "LineString", "coordinates": [ [ 3.4383799, 6.4499646 ], [ 3.4383403, 6.4495709 ], [ 3.438329, 6.4494316 ] ] } },
{ "type": "Feature", "properties": { "name": null, "waterway": "drain", "tunnel": null, "waterway_vulnerability": 0.8, "is_culvert": false, "nearby_building_count": 0, "encroachment_score": 0.0, "blockage_risk": 0.32 }, "geometry": { "type": "LineString", "coordinates": [ [ 3.4381892, 6.449888 ], [ 3.4381639, 6.4496309 ] ] } },
{ "type": "Feature", "properties": { "name": null, "waterway": "drain", "tunnel": "culvert", "waterway_vulnerability": 0.8, "is_culvert": true, "nearby_building_count": 0, "encroachment_score": 0.0, "blockage_risk": 0.57 }, "geometry": { "type": "LineString", "coordinates": [ [ 3.4381938, 6.4499339 ], [ 3.4381892, 6.449888 ] ] } },
{ "type": "Feature", "properties": { "name": null, "waterway": "drain", "tunnel": null, "waterway_vulnerability": 0.8, "is_culvert": false, "nearby_building_count": 0, "encroachment_score": 0.0, "blockage_risk": 0.32 }, "geometry": { "type": "LineString", "coordinates": [ [ 3.4382058, 6.4500563 ], [ 3.4381938, 6.4499339 ] ] } },
{ "type": "Feature", "properties": { "name": null, "waterway": "drain", "tunnel": "culvert", "waterway_vulnerability": 0.8, "is_culvert": true, "nearby_building_count": 0, "encroachment_score": 0.0, "blockage_risk": 0.57 }, "geometry": { "type": "LineString", "coordinates": [ [ 3.438389, 6.4500559 ], [ 3.4383799, 6.4499646 ] ] } },
{ "type": "Feature", "properties": { "name": null, "waterway": "drain", "tunnel": "culvert", "waterway_vulnerability": 0.8, "is_culvert": true, "nearby_building_count": 0, "encroachment_score": 0.0, "blockage_risk": 0.57 }, "geometry": { "type": "LineString", "coordinates": [ [ 3.4382133, 6.4501324 ], [ 3.4382058, 6.4500563 ] ] } },
{ "type": "Feature", "properties": { "name": null, "waterway": "drain", "tunnel": null, "waterway_vulnerability": 0.8, "is_culvert": false, "nearby_building_count": 0, "encroachment_score": 0.0, "blockage_risk": 0.32 }, "geometry": { "type": "LineString", "coordinates": [ [ 3.4383995, 6.4501493 ], [ 3.438389, 6.4500559 ] ] } },
{ "type": "Feature", "properties": { "name": null, "waterway": "drain", "tunnel": null, "waterway_vulnerability": 0.8, "is_culvert": false, "nearby_building_count": 0, "encroachment_score": 0.0, "blockage_risk": 0.32 }, "geometry": { "type": "LineString", "coordinates": [ [ 3.4382244, 6.4502444 ], [ 3.4382133, 6.4501324 ] ] } },
{ "type": "Feature", "properties": { "name": null, "waterway": "ditch", "tunnel": null, "waterway_vulnerability": 0.7, "is_culvert": false, "nearby_building_count": 5, "encroachment_score": 0.079066333553942991, "blockage_risk": 0.30767321674388004 }, "geometry": { "type": "LineString", "coordinates": [ [ 3.4816035, 6.447999 ], [ 3.4817041, 6.4557448 ], [ 3.481702, 6.4560057 ], [ 3.4817637, 6.4560989 ], [ 3.4818093, 6.4562375 ], [ 3.4817825, 6.4564694 ], [ 3.4816108, 6.4568612 ], [ 3.4816296, 6.4574902 ], [ 3.4815759, 6.4579806 ], [ 3.4817744, 6.4580632 ], [ 3.4818122, 6.458442 ] ] } },
{ "type": "Feature", "properties": { "name": null, "waterway": "drain", "tunnel": "culvert", "waterway_vulnerability": 0.8, "is_culvert": true, "nearby_building_count": 0, "encroachment_score": 0.0, "blockage_risk": 0.57 }, "geometry": { "type": "LineString", "coordinates": [ [ 3.451786, 6.4553943 ], [ 3.4517973, 6.4552049 ] ] } },
{ "type": "Feature", "properties": { "name": null, "waterway": "drain", "tunnel": null, "waterway_vulnerability": 0.8, "is_culvert": false, "nearby_building_count": 0, "encroachment_score": 0.0, "blockage_risk": 0.32 }, "geometry": { "type": "LineString", "coordinates": [ [ 3.4503873, 6.4566667 ], [ 3.4505349, 6.4564989 ], [ 3.4517468, 6.4565509 ], [ 3.451786, 6.4553943 ] ] } },
{ "type": "Feature", "properties": { "name": null, "waterway": "drain", "tunnel": "culvert", "waterway_vulnerability": 0.8, "is_culvert": true, "nearby_building_count": 0, "encroachment_score": 0.0, "blockage_risk": 0.57 }, "geometry": { "type": "LineString", "coordinates": [ [ 3.4480102, 6.4563634 ], [ 3.4481068, 6.4565833 ] ] } },
{ "type": "Feature", "properties": { "name": null, "waterway": "drain", "tunnel": null, "waterway_vulnerability": 0.8, "is_culvert": false, "nearby_building_count": 0, "encroachment_score": 0.0, "blockage_risk": 0.32 }, "geometry": { "type": "LineString", "coordinates": [ [ 3.4481068, 6.4565833 ], [ 3.4481806, 6.4567352 ] ] } },
{ "type": "Feature", "properties": { "name": null, "waterway": "drain", "tunnel": "culvert", "waterway_vulnerability": 0.8, "is_culvert": true, "nearby_building_count": 0, "encroachment_score": 0.0, "blockage_risk": 0.57 }, "geometry": { "type": "LineString", "coordinates": [ [ 3.4502744, 6.4567275 ], [ 3.4503873, 6.4566667 ] ] } },
{ "type": "Feature", "properties": { "name": null, "waterway": "drain", "tunnel": null, "waterway_vulnerability": 0.8, "is_culvert": false, "nearby_building_count": 4, "encroachment_score": 0.87848585773354615, "blockage_risk": 0.62747005020674118 }, "geometry": { "type": "LineString", "coordinates": [ [ 3.4495917, 6.4570755 ], [ 3.4502744, 6.4567275 ] ] } },
{ "type": "Feature", "properties": { "name": null, "waterway": "drain", "tunnel": "culvert", "waterway_vulnerability": 0.8, "is_culvert": true, "nearby_building_count": 1, "encroachment_score": 0.38157486787641859, "blockage_risk": 0.70355120375674662 }, "geometry": { "type": "LineString", "coordinates": [ [ 3.4481806, 6.4567352 ], [ 3.4483884, 6.4571243 ] ] } },
{ "type": "Feature", "properties": { "name": null, "waterway": "ditch", "tunnel": null, "waterway_vulnerability": 0.7, "is_culvert": false, "nearby_building_count": 0, "encroachment_score": 0.0, "blockage_risk": 0.28 }, "geometry": { "type": "LineString", "coordinates": [ [ 3.4857581, 6.4552073 ], [ 3.4857433, 6.4557136 ], [ 3.4854388, 6.456171 ], [ 3.4850031, 6.4569264 ], [ 3.4847653, 6.45757 ], [ 3.4848336, 6.4582773 ], [ 3.4851703, 6.4589015 ] ] } },
{ "type": "Feature", "properties": { "name": null, "waterway": "drain", "tunnel": null, "waterway_vulnerability": 0.8, "is_culvert": false, "nearby_building_count": 1, "encroachment_score": 0.12351976838290628, "blockage_risk": 0.36323191893401724 }, "geometry": { "type": "LineString", "coordinates": [ [ 3.4473146, 6.4570908 ], [ 3.4478654, 6.4567838 ], [ 3.4480016, 6.4568262 ], [ 3.4482872, 6.4573417 ] ] } },
{ "type": "Feature", "properties": { "name": null, "waterway": "drain", "tunnel": "culvert", "waterway_vulnerability": 0.8, "is_culvert": true, "nearby_building_count": 0, "encroachment_score": 0.0, "blockage_risk": 0.57 }, "geometry": { "type": "LineString", "coordinates": [ [ 3.4421572, 6.4477911 ], [ 3.4421052, 6.4477881 ] ] } },
{ "type": "Feature", "properties": { "name": null, "waterway": "drain", "tunnel": null, "waterway_vulnerability": 0.8, "is_culvert": false, "nearby_building_count": 0, "encroachment_score": 0.0, "blockage_risk": 0.32 }, "geometry": { "type": "LineString", "coordinates": [ [ 3.4422383, 6.4477957 ], [ 3.4421572, 6.4477911 ] ] } },
{ "type": "Feature", "properties": { "name": null, "waterway": "drain", "tunnel": "culvert", "waterway_vulnerability": 0.8, "is_culvert": true, "nearby_building_count": 0, "encroachment_score": 0.0, "blockage_risk": 0.57 }, "geometry": { "type": "LineString", "coordinates": [ [ 3.4384698, 6.4508523 ], [ 3.4384551, 6.4507131 ] ] } },
{ "type": "Feature", "properties": { "name": null, "waterway": "drain", "tunnel": null, "waterway_vulnerability": 0.8, "is_culvert": false, "nearby_building_count": 0, "encroachment_score": 0.0, "blockage_risk": 0.32 }, "geometry": { "type": "LineString", "coordinates": [ [ 3.4386046, 6.4520008 ], [ 3.4385994, 6.4519563 ], [ 3.4384698, 6.4508523 ] ] } },
{ "type": "Feature", "properties": { "name": null, "waterway": "drain", "tunnel": null, "waterway_vulnerability": 0.8, "is_culvert": false, "nearby_building_count": 0, "encroachment_score": 0.0, "blockage_risk": 0.32 }, "geometry": { "type": "LineString", "coordinates": [ [ 3.4391872, 6.4519145 ], [ 3.4385994, 6.4519563 ] ] } },
{ "type": "Feature", "properties": { "name": null, "waterway": "drain", "tunnel": null, "waterway_vulnerability": 0.8, "is_culvert": false, "nearby_building_count": 2, "encroachment_score": 0.089597181437526499, "blockage_risk": 0.35135901350313437 }, "geometry": { "type": "LineString", "coordinates": [ [ 3.4409543, 6.4572356 ], [ 3.4403727, 6.4572258 ], [ 3.439801, 6.4571866 ], [ 3.4396926, 6.4572813 ], [ 3.4393903, 6.4572845 ], [ 3.4389796, 6.4580453 ], [ 3.438996, 6.4581301 ], [ 3.4390026, 6.4583619 ], [ 3.4389067, 6.4593303 ] ] } },
{ "type": "Feature", "properties": { "name": null, "waterway": "drain", "tunnel": null, "waterway_vulnerability": 0.8, "is_culvert": false, "nearby_building_count": 0, "encroachment_score": 0.0, "blockage_risk": 0.32 }, "geometry": { "type": "LineString", "coordinates": [ [ 3.4390519, 6.4594305 ], [ 3.4389067, 6.4593303 ], [ 3.4386704, 6.4592409 ] ] } },
{ "type": "Feature", "properties": { "name": null, "waterway": "drain", "tunnel": "culvert", "waterway_vulnerability": 0.8, "is_culvert": true, "nearby_building_count": 0, "encroachment_score": 0.0, "blockage_risk": 0.57 }, "geometry": { "type": "LineString", "coordinates": [ [ 3.4391397, 6.4594805 ], [ 3.4390519, 6.4594305 ] ] } },
{ "type": "Feature", "properties": { "name": null, "waterway": "drain", "tunnel": null, "waterway_vulnerability": 0.8, "is_culvert": false, "nearby_building_count": 5, "encroachment_score": 0.31168875609082536, "blockage_risk": 0.42909106463178892 }, "geometry": { "type": "LineString", "coordinates": [ [ 3.440537, 6.4608465 ], [ 3.4405239, 6.4608106 ], [ 3.4404549, 6.4607028 ], [ 3.4404264, 6.4606631 ], [ 3.4407628, 6.4603816 ], [ 3.4407999, 6.4602915 ], [ 3.4405049, 6.4599709 ], [ 3.4402161, 6.4597891 ], [ 3.4399774, 6.4598586 ], [ 3.4398438, 6.4598316 ], [ 3.4391397, 6.4594805 ] ] } },
{ "type": "Feature", "properties": { "name": null, "waterway": "drain", "tunnel": "culvert", "waterway_vulnerability": 0.8, "is_culvert": true, "nearby_building_count": 0, "encroachment_score": 0.0, "blockage_risk": 0.57 }, "geometry": { "type": "LineString", "coordinates": [ [ 3.4494921, 6.457128 ], [ 3.4495917, 6.4570755 ] ] } },
{ "type": "Feature", "properties": { "name": null, "waterway": "drain", "tunnel": null, "waterway_vulnerability": 0.8, "is_culvert": false, "nearby_building_count": 1, "encroachment_score": 0.33537924483408293, "blockage_risk": 0.43738273569192909 }, "geometry": { "type": "LineString", "coordinates": [ [ 3.4483884, 6.4571243 ], [ 3.4486276, 6.4575655 ] ] } },
{ "type": "Feature", "properties": { "name": null, "waterway": "drain", "tunnel": null, "waterway_vulnerability": 0.8, "is_culvert": false, "nearby_building_count": 1, "encroachment_score": 0.17369323858364979, "blockage_risk": 0.3807926335042775 }, "geometry": { "type": "LineString", "coordinates": [ [ 3.4486276, 6.4575655 ], [ 3.4494921, 6.457128 ] ] } },
{ "type": "Feature", "properties": { "name": null, "waterway": "drain", "tunnel": "culvert", "waterway_vulnerability": 0.8, "is_culvert": true, "nearby_building_count": 0, "encroachment_score": 0.0, "blockage_risk": 0.57 }, "geometry": { "type": "LineString", "coordinates": [ [ 3.4482872, 6.4573417 ], [ 3.4484575, 6.4576491 ] ] } },
{ "type": "Feature", "properties": { "name": null, "waterway": "drain", "tunnel": "culvert", "waterway_vulnerability": 0.8, "is_culvert": true, "nearby_building_count": 0, "encroachment_score": 0.0, "blockage_risk": 0.57 }, "geometry": { "type": "LineString", "coordinates": [ [ 3.4484575, 6.4576491 ], [ 3.4486276, 6.4575655 ] ] } },
{ "type": "Feature", "properties": { "name": null, "waterway": "drain", "tunnel": "culvert", "waterway_vulnerability": 0.8, "is_culvert": true, "nearby_building_count": 0, "encroachment_score": 0.0, "blockage_risk": 0.57 }, "geometry": { "type": "LineString", "coordinates": [ [ 3.4487342, 6.4581598 ], [ 3.4484575, 6.4576491 ] ] } },
{ "type": "Feature", "properties": { "name": null, "waterway": "drain", "tunnel": null, "waterway_vulnerability": 0.8, "is_culvert": false, "nearby_building_count": 0, "encroachment_score": 0.0, "blockage_risk": 0.32 }, "geometry": { "type": "LineString", "coordinates": [ [ 3.448784, 6.4583661 ], [ 3.4488298, 6.4583391 ], [ 3.4487342, 6.4581598 ] ] } },
{ "type": "Feature", "properties": { "name": null, "waterway": "drain", "tunnel": "culvert", "waterway_vulnerability": 0.8, "is_culvert": true, "nearby_building_count": 0, "encroachment_score": 0.0, "blockage_risk": 0.57 }, "geometry": { "type": "LineString", "coordinates": [ [ 3.448723, 6.458401 ], [ 3.448784, 6.4583661 ] ] } },
{ "type": "Feature", "properties": { "name": null, "waterway": "drain", "tunnel": null, "waterway_vulnerability": 0.8, "is_culvert": false, "nearby_building_count": 0, "encroachment_score": 0.0, "blockage_risk": 0.32 }, "geometry": { "type": "LineString", "coordinates": [ [ 3.4486616, 6.4584367 ], [ 3.448723, 6.458401 ] ] } },
{ "type": "Feature", "properties": { "name": null, "waterway": "drain", "tunnel": null, "waterway_vulnerability": 0.8, "is_culvert": false, "nearby_building_count": 1, "encroachment_score": 0.76790682539755573, "blockage_risk": 0.58876738888914448 }, "geometry": { "type": "LineString", "coordinates": [ [ 3.5023203, 6.4392302 ], [ 3.5023196, 6.4394494 ] ] } },
{ "type": "Feature", "properties": { "name": null, "waterway": "drain", "tunnel": "culvert", "waterway_vulnerability": 0.8, "is_culvert": true, "nearby_building_count": 0, "encroachment_score": 0.0, "blockage_risk": 0.57 }, "geometry": { "type": "LineString", "coordinates": [ [ 3.5023196, 6.4394494 ], [ 3.5023187, 6.4397594 ] ] } },
{ "type": "Feature", "properties": { "name": null, "waterway": "drain", "tunnel": null, "waterway_vulnerability": 0.8, "is_culvert": false, "nearby_building_count": 0, "encroachment_score": 0.0, "blockage_risk": 0.32 }, "geometry": { "type": "LineString", "coordinates": [ [ 3.5023187, 6.4397594 ], [ 3.5023174, 6.4402069 ] ] } },
{ "type": "Feature", "properties": { "name": null, "waterway": "ditch", "tunnel": null, "waterway_vulnerability": 0.7, "is_culvert": false, "nearby_building_count": 0, "encroachment_score": 0.0, "blockage_risk": 0.28 }, "geometry": { "type": "LineString", "coordinates": [ [ 3.5023174, 6.4402069 ], [ 3.5023151, 6.441017 ] ] } },
{ "type": "Feature", "properties": { "name": null, "waterway": "drain", "tunnel": "culvert", "waterway_vulnerability": 0.8, "is_culvert": true, "nearby_building_count": 0, "encroachment_score": 0.0, "blockage_risk": 0.57 }, "geometry": { "type": "LineString", "coordinates": [ [ 3.5023151, 6.441017 ], [ 3.5023147, 6.4411543 ] ] } },
{ "type": "Feature", "properties": { "name": null, "waterway": "ditch", "tunnel": null, "waterway_vulnerability": 0.7, "is_culvert": false, "nearby_building_count": 2, "encroachment_score": 0.026137068499891794, "blockage_risk": 0.28914797397496211 }, "geometry": { "type": "LineString", "coordinates": [ [ 3.4976324, 6.4354809 ], [ 3.497616, 6.4360508 ], [ 3.4976226, 6.4363646 ], [ 3.4975999, 6.4473341 ], [ 3.4976158, 6.4480451 ], [ 3.4976554, 6.4481512 ], [ 3.4975524, 6.4483253 ] ] } },
{ "type": "Feature", "properties": { "name": null, "waterway": "ditch", "tunnel": null, "waterway_vulnerability": 0.7, "is_culvert": false, "nearby_building_count": 0, "encroachment_score": 0.0, "blockage_risk": 0.28 }, "geometry": { "type": "LineString", "coordinates": [ [ 3.5023147, 6.4411543 ], [ 3.5023052, 6.4444558 ] ] } },
{ "type": "Feature", "properties": { "name": null, "waterway": "drain", "tunnel": "yes", "waterway_vulnerability": 0.8, "is_culvert": false, "nearby_building_count": 0, "encroachment_score": 0.0, "blockage_risk": 0.32 }, "geometry": { "type": "LineString", "coordinates": [ [ 3.5025652, 6.4442068 ], [ 3.502356, 6.4444307 ] ] } },
{ "type": "Feature", "properties": { "name": null, "waterway": "drain", "tunnel": null, "waterway_vulnerability": 0.8, "is_culvert": false, "nearby_building_count": 0, "encroachment_score": 0.0, "blockage_risk": 0.32 }, "geometry": { "type": "LineString", "coordinates": [ [ 3.502356, 6.4444307 ], [ 3.502305, 6.444524 ] ] } },
{ "type": "Feature", "properties": { "name": null, "waterway": "drain", "tunnel": null, "waterway_vulnerability": 0.8, "is_culvert": false, "nearby_building_count": 13, "encroachment_score": 0.57577509510210123, "blockage_risk": 0.52152128328573544 }, "geometry": { "type": "LineString", "coordinates": [ [ 3.5196138, 6.44555 ], [ 3.5189171, 6.4454898 ], [ 3.5183072, 6.4454222 ], [ 3.51776, 6.4454515 ], [ 3.517634, 6.4454995 ], [ 3.5174838, 6.4456354 ], [ 3.5173899, 6.4457367 ], [ 3.5173148, 6.44591 ], [ 3.5172638, 6.4459713 ], [ 3.5169849, 6.4461259 ], [ 3.5163841, 6.4464723 ], [ 3.5163492, 6.446523 ], [ 3.5163331, 6.4465763 ], [ 3.5163546, 6.4466376 ] ] } },
{ "type": "Feature", "properties": { "name": null, "waterway": "drain", "tunnel": "culvert", "waterway_vulnerability": 0.8, "is_culvert": true, "nearby_building_count": 0, "encroachment_score": 0.0, "blockage_risk": 0.57 }, "geometry": { "type": "LineString", "coordinates": [ [ 3.4907279, 6.4470573 ], [ 3.4907275, 6.4471293 ] ] } },
{ "type": "Feature", "properties": { "name": null, "waterway": "drain", "tunnel": null, "waterway_vulnerability": 0.8, "is_culvert": false, "nearby_building_count": 1, "encroachment_score": 0.39227280110901502, "blockage_risk": 0.45729548038815532 }, "geometry": { "type": "LineString", "coordinates": [ [ 3.4907275, 6.4471293 ], [ 3.4907254, 6.4475584 ] ] } },
{ "type": "Feature", "properties": { "name": null, "waterway": "drain", "tunnel": "culvert", "waterway_vulnerability": 0.8, "is_culvert": true, "nearby_building_count": 0, "encroachment_score": 0.0, "blockage_risk": 0.57 }, "geometry": { "type": "LineString", "coordinates": [ [ 3.4907254, 6.4475584 ], [ 3.490725, 6.4476303 ] ] } },
{ "type": "Feature", "properties": { "name": null, "waterway": "drain", "tunnel": null, "waterway_vulnerability": 0.8, "is_culvert": false, "nearby_building_count": 1, "encroachment_score": 0.31263801722439782, "blockage_risk": 0.42942330602853929 }, "geometry": { "type": "LineString", "coordinates": [ [ 3.490725, 6.4476303 ], [ 3.4907224, 6.4481687 ] ] } },
{ "type": "Feature", "properties": { "name": null, "waterway": "drain", "tunnel": "culvert", "waterway_vulnerability": 0.8, "is_culvert": true, "nearby_building_count": 0, "encroachment_score": 0.0, "blockage_risk": 0.57 }, "geometry": { "type": "LineString", "coordinates": [ [ 3.4907224, 6.4481687 ], [ 3.490722, 6.4482527 ] ] } },
{ "type": "Feature", "properties": { "name": null, "waterway": "ditch", "tunnel": "culvert", "waterway_vulnerability": 0.7, "is_culvert": true, "nearby_building_count": 1, "encroachment_score": 1.0, "blockage_risk": 0.88 }, "geometry": { "type": "LineString", "coordinates": [ [ 3.4860787, 6.4482438 ], [ 3.4860883, 6.4483532 ] ] } },
{ "type": "Feature", "properties": { "name": null, "waterway": "drain", "tunnel": "culvert", "waterway_vulnerability": 0.8, "is_culvert": true, "nearby_building_count": 0, "encroachment_score": 0.0, "blockage_risk": 0.57 }, "geometry": { "type": "LineString", "coordinates": [ [ 3.4975524, 6.4483253 ], [ 3.4974867, 6.4484012 ], [ 3.4974279, 6.4484603 ] ] } },
{ "type": "Feature", "properties": { "name": null, "waterway": "drain", "tunnel": null, "waterway_vulnerability": 0.8, "is_culvert": false, "nearby_building_count": 0, "encroachment_score": 0.0, "blockage_risk": 0.32 }, "geometry": { "type": "LineString", "coordinates": [ [ 3.490722, 6.4482527 ], [ 3.4907191, 6.4488433 ] ] } },
{ "type": "Feature", "properties": { "name": null, "waterway": "ditch", "tunnel": "culvert", "waterway_vulnerability": 0.7, "is_culvert": true, "nearby_building_count": 0, "encroachment_score": 0.0, "blockage_risk": 0.53 }, "geometry": { "type": "LineString", "coordinates": [ [ 3.4907191, 6.4488433 ], [ 3.4907186, 6.4489497 ] ] } },
{ "type": "Feature", "properties": { "name": null, "waterway": "ditch", "tunnel": null, "waterway_vulnerability": 0.7, "is_culvert": false, "nearby_building_count": 0, "encroachment_score": 0.0, "blockage_risk": 0.28 }, "geometry": { "type": "LineString", "coordinates": [ [ 3.4860883, 6.4483532 ], [ 3.4861071, 6.4486016 ], [ 3.4861604, 6.4490555 ], [ 3.4861693, 6.4499499 ], [ 3.4862057, 6.450221 ] ] } },
{ "type": "Feature", "properties": { "name": null, "waterway": "drain", "tunnel": null, "waterway_vulnerability": 0.8, "is_culvert": false, "nearby_building_count": 0, "encroachment_score": 0.0, "blockage_risk": 0.32 }, "geometry": { "type": "LineString", "coordinates": [ [ 3.5023052, 6.4444558 ], [ 3.502305, 6.444524 ], [ 3.5022626, 6.4478222 ] ] } },
{ "type": "Feature", "properties": { "name": null, "waterway": "drain", "tunnel": "culvert", "waterway_vulnerability": 0.8, "is_culvert": true, "nearby_building_count": 2, "encroachment_score": 0.21758292409957561, "blockage_risk": 0.64615402343485151 }, "geometry": { "type": "LineString", "coordinates": [ [ 3.5163546, 6.4466376 ], [ 3.5173416, 6.4478289 ] ] } },
{ "type": "Feature", "properties": { "name": null, "waterway": "ditch", "tunnel": null, "waterway_vulnerability": 0.7, "is_culvert": false, "nearby_building_count": 2, "encroachment_score": 0.052655212666598533, "blockage_risk": 0.29842932443330944 }, "geometry": { "type": "LineString", "coordinates": [ [ 3.5022626, 6.4478222 ], [ 3.5022424, 6.4493975 ], [ 3.5019234, 6.4493964 ], [ 3.5015573, 6.4493348 ], [ 3.5011105, 6.4491498 ], [ 3.5003659, 6.4489525 ], [ 3.4991621, 6.4484469 ], [ 3.4978476, 6.4480844 ], [ 3.4976554, 6.4481512 ] ] } },
{ "type": "Feature", "properties": { "name": null, "waterway": "ditch", "tunnel": null, "waterway_vulnerability": 0.7, "is_culvert": false, "nearby_building_count": 0, "encroachment_score": 0.0, "blockage_risk": 0.28 }, "geometry": { "type": "LineString", "coordinates": [ [ 3.5022424, 6.4493975 ], [ 3.5022356, 6.4496372 ], [ 3.5021381, 6.4500249 ], [ 3.5021102, 6.4500883 ] ] } },
{ "type": "Feature", "properties": { "name": null, "waterway": "ditch", "tunnel": "culvert", "waterway_vulnerability": 0.7, "is_culvert": true, "nearby_building_count": 0, "encroachment_score": 0.0, "blockage_risk": 0.53 }, "geometry": { "type": "LineString", "coordinates": [ [ 3.5021102, 6.4500883 ], [ 3.5020849, 6.450146 ] ] } },
{ "type": "Feature", "properties": { "name": null, "waterway": "ditch", "tunnel": null, "waterway_vulnerability": 0.7, "is_culvert": false, "nearby_building_count": 0, "encroachment_score": 0.0, "blockage_risk": 0.28 }, "geometry": { "type": "LineString", "coordinates": [ [ 3.5020849, 6.450146 ], [ 3.5018626, 6.4506621 ] ] } },
{ "type": "Feature", "properties": { "name": null, "waterway": "ditch", "tunnel": "culvert", "waterway_vulnerability": 0.7, "is_culvert": true, "nearby_building_count": 0, "encroachment_score": 0.0, "blockage_risk": 0.53 }, "geometry": { "type": "LineString", "coordinates": [ [ 3.5018626, 6.4506621 ], [ 3.501821, 6.450758 ] ] } },
{ "type": "Feature", "properties": { "name": null, "waterway": "ditch", "tunnel": null, "waterway_vulnerability": 0.7, "is_culvert": false, "nearby_building_count": 0, "encroachment_score": 0.0, "blockage_risk": 0.28 }, "geometry": { "type": "LineString", "coordinates": [ [ 3.501821, 6.450758 ], [ 3.5016692, 6.4510916 ] ] } },
{ "type": "Feature", "properties": { "name": null, "waterway": "drain", "tunnel": null, "waterway_vulnerability": 0.8, "is_culvert": false, "nearby_building_count": 7, "encroachment_score": 0.092576705368748208, "blockage_risk": 0.35240184687906195 }, "geometry": { "type": "LineString", "coordinates": [ [ 3.5241052, 6.447723 ], [ 3.5248103, 6.4478516 ], [ 3.5249857, 6.4478978 ], [ 3.5248556, 6.4531864 ], [ 3.5248297, 6.4535528 ], [ 3.5251208, 6.4536749 ], [ 3.5251208, 6.4541055 ], [ 3.526505, 6.4542277 ], [ 3.5305274, 6.4545373 ] ] } },
{ "type": "Feature", "properties": { "name": null, "waterway": "ditch", "tunnel": "culvert", "waterway_vulnerability": 0.7, "is_culvert": true, "nearby_building_count": 0, "encroachment_score": 0.0, "blockage_risk": 0.53 }, "geometry": { "type": "LineString", "coordinates": [ [ 3.5016692, 6.4510916 ], [ 3.5016293, 6.4511822 ] ] } },
{ "type": "Feature", "properties": { "name": null, "waterway": "stream", "tunnel": null, "waterway_vulnerability": 0.35, "is_culvert": false, "nearby_building_count": 0, "encroachment_score": 0.0, "blockage_risk": 0.14 }, "geometry": { "type": "LineString", "coordinates": [ [ 3.65081228792585, 6.447714610595912 ], [ 3.6507171, 6.4478689 ], [ 3.6504918, 6.4480448 ], [ 3.649773, 6.4481035 ], [ 3.6490917, 6.4480448 ], [ 3.6485982, 6.4481621 ], [ 3.6479759, 6.4483167 ], [ 3.6473268, 6.4484713 ], [ 3.6468333, 6.4487005 ], [ 3.6462969, 6.4489883 ], [ 3.6457336, 6.4490416 ], [ 3.6453364, 6.449064 ], [ 3.645165, 6.4490736 ], [ 3.6434054, 6.4490576 ], [ 3.6421341, 6.4491269 ], [ 3.6410075, 6.4492282 ], [ 3.6405194, 6.4492282 ], [ 3.6398756, 6.4491482 ], [ 3.6393928, 6.4491429 ], [ 3.638556, 6.4491589 ], [ 3.6376333, 6.4491429 ] ] } },
{ "type": "Feature", "properties": { "name": null, "waterway": "drain", "tunnel": null, "waterway_vulnerability": 0.8, "is_culvert": false, "nearby_building_count": 13, "encroachment_score": 0.13505904845506664, "blockage_risk": 0.36727066695927341 }, "geometry": { "type": "LineString", "coordinates": [ [ 3.5733998, 6.4488551 ], [ 3.5733676, 6.4487165 ], [ 3.5732764, 6.4484979 ], [ 3.5731289, 6.4484473 ], [ 3.5716402, 6.44829 ], [ 3.5701436, 6.4481408 ], [ 3.568148, 6.4479009 ], [ 3.5651976, 6.4475518 ], [ 3.5637063, 6.4473679 ], [ 3.5615981, 6.4471293 ], [ 3.5589936, 6.4468855 ], [ 3.5586047, 6.4467815 ], [ 3.5581005, 6.446411 ], [ 3.5577598, 6.4461792 ] ] } },
{ "type": "Feature", "properties": { "name": null, "waterway": "drain", "tunnel": "culvert", "waterway_vulnerability": 0.8, "is_culvert": true, "nearby_building_count": 0, "encroachment_score": 0.0, "blockage_risk": 0.57 }, "geometry": { "type": "LineString", "coordinates": [ [ 3.5372651, 6.4475569 ], [ 3.5371051, 6.4478429 ] ] } },
{ "type": "Feature", "properties": { "name": null, "waterway": "drain", "tunnel": "culvert", "waterway_vulnerability": 0.8, "is_culvert": true, "nearby_building_count": 0, "encroachment_score": 0.0, "blockage_risk": 0.57 }, "geometry": { "type": "LineString", "coordinates": [ [ 3.5735553, 6.4489883 ], [ 3.5733998, 6.4488551 ] ] } },
{ "type": "Feature", "properties": { "name": null, "waterway": "drain", "tunnel": null, "waterway_vulnerability": 0.8, "is_culvert": false, "nearby_building_count": 0, "encroachment_score": 0.0, "blockage_risk": 0.32 }, "geometry": { "type": "LineString", "coordinates": [ [ 3.542735, 6.4467414 ], [ 3.5426635, 6.4512575 ] ] } },
{ "type": "Feature", "properties": { "name": null, "waterway": "drain", "tunnel": null, "waterway_vulnerability": 0.8, "is_culvert": false, "nearby_building_count": 0, "encroachment_score": 0.0, "blockage_risk": 0.32 }, "geometry": { "type": "LineString", "coordinates": [ [ 3.5844666, 6.450289 ], [ 3.5837236, 6.4502117 ], [ 3.58253, 6.4500731 ], [ 3.5819775, 6.4500224 ], [ 3.5773104, 6.4494201 ], [ 3.5739872, 6.4490256 ], [ 3.5735553, 6.4489883 ] ] } },
{ "type": "Feature", "properties": { "name": null, "waterway": "drain", "tunnel": "culvert", "waterway_vulnerability": 0.8, "is_culvert": true, "nearby_building_count": 0, "encroachment_score": 0.0, "blockage_risk": 0.57 }, "geometry": { "type": "LineString", "coordinates": [ [ 3.5426635, 6.4512575 ], [ 3.5426618, 6.4513695 ] ] } },
{ "type": "Feature", "properties": { "name": null, "waterway": "drain", "tunnel": null, "waterway_vulnerability": 0.8, "is_culvert": false, "nearby_building_count": 0, "encroachment_score": 0.0, "blockage_risk": 0.32 }, "geometry": { "type": "LineString", "coordinates": [ [ 3.5426618, 6.4513695 ], [ 3.5426584, 6.4515827 ] ] } },
{ "type": "Feature", "properties": { "name": null, "waterway": "stream", "tunnel": null, "waterway_vulnerability": 0.35, "is_culvert": false, "nearby_building_count": 0, "encroachment_score": 0.0, "blockage_risk": 0.14 }, "geometry": { "type": "LineString", "coordinates": [ [ 3.6453364, 6.449064 ], [ 3.645342, 6.4493721 ], [ 3.6453688, 6.4526504 ], [ 3.6453795, 6.4541482 ] ] } },
{ "type": "Feature", "properties": { "name": null, "waterway": "drain", "tunnel": "culvert", "waterway_vulnerability": 0.8, "is_culvert": true, "nearby_building_count": 0, "encroachment_score": 0.0, "blockage_risk": 0.57 }, "geometry": { "type": "LineString", "coordinates": [ [ 3.5426584, 6.4515827 ], [ 3.5426564, 6.4517107 ] ] } },
{ "type": "Feature", "properties": { "name": null, "waterway": "ditch", "tunnel": null, "waterway_vulnerability": 0.7, "is_culvert": false, "nearby_building_count": 0, "encroachment_score": 0.0, "blockage_risk": 0.28 }, "geometry": { "type": "LineString", "coordinates": [ [ 3.4862057, 6.450221 ], [ 3.4862345, 6.4504115 ], [ 3.4862373, 6.4504449 ] ] } },
{ "type": "Feature", "properties": { "name": null, "waterway": "ditch", "tunnel": null, "waterway_vulnerability": 0.7, "is_culvert": false, "nearby_building_count": 0, "encroachment_score": 0.0, "blockage_risk": 0.28 }, "geometry": { "type": "LineString", "coordinates": [ [ 3.4862373, 6.4504449 ], [ 3.4862407, 6.4504865 ], [ 3.4862456, 6.4505452 ] ] } },
{ "type": "Feature", "properties": { "name": null, "waterway": "ditch", "tunnel": null, "waterway_vulnerability": 0.7, "is_culvert": false, "nearby_building_count": 0, "encroachment_score": 0.0, "blockage_risk": 0.28 }, "geometry": { "type": "LineString", "coordinates": [ [ 3.4862456, 6.4505452 ], [ 3.4863052, 6.4511543 ], [ 3.4865261, 6.4515669 ], [ 3.4863305, 6.4520273 ], [ 3.4862912, 6.4524145 ] ] } },
{ "type": "Feature", "properties": { "name": null, "waterway": "ditch", "tunnel": null, "waterway_vulnerability": 0.7, "is_culvert": false, "nearby_building_count": 1, "encroachment_score": 0.025060603458411521, "blockage_risk": 0.28877121121044402 }, "geometry": { "type": "LineString", "coordinates": [ [ 3.4974279, 6.4484603 ], [ 3.4972161, 6.4490259 ], [ 3.4968755, 6.4500334 ], [ 3.4964973, 6.4508636 ], [ 3.4964147, 6.4513422 ], [ 3.4964116, 6.4524412 ], [ 3.4964414, 6.4528748 ], [ 3.4966002, 6.4532165 ], [ 3.4970592, 6.4540747 ], [ 3.4974212, 6.4547514 ] ] } },
{ "type": "Feature", "properties": { "name": null, "waterway": "ditch", "tunnel": "culvert", "waterway_vulnerability": 0.7, "is_culvert": true, "nearby_building_count": 0, "encroachment_score": 0.0, "blockage_risk": 0.53 }, "geometry": { "type": "LineString", "coordinates": [ [ 3.4862912, 6.4524145 ], [ 3.4862812, 6.4525136 ] ] } },
{ "type": "Feature", "properties": { "name": null, "waterway": "ditch", "tunnel": null, "waterway_vulnerability": 0.7, "is_culvert": false, "nearby_building_count": 0, "encroachment_score": 0.0, "blockage_risk": 0.28 }, "geometry": { "type": "LineString", "coordinates": [ [ 3.4862812, 6.4525136 ], [ 3.4862716, 6.4526083 ], [ 3.4862625, 6.4526626 ] ] } },
{ "type": "Feature", "properties": { "name": null, "waterway": "ditch", "tunnel": null, "waterway_vulnerability": 0.7, "is_culvert": false, "nearby_building_count": 1, "encroachment_score": 0.019774405768980631, "blockage_risk": 0.2869210420191432 }, "geometry": { "type": "LineString", "coordinates": [ [ 3.4907186, 6.4489497 ], [ 3.4907171, 6.4492449 ], [ 3.4906942, 6.4493725 ], [ 3.4907069, 6.4505234 ], [ 3.4905479, 6.4510738 ], [ 3.4905536, 6.4522718 ], [ 3.4905555, 6.4526673 ], [ 3.4906, 6.4537129 ], [ 3.4905573, 6.4542819 ], [ 3.4905397, 6.4548091 ], [ 3.4907675, 6.455443 ], [ 3.4910337, 6.4559366 ], [ 3.4910314, 6.4561469 ], [ 3.4907067, 6.4568513 ], [ 3.4906939, 6.4572561 ] ] } },
{ "type": "Feature", "properties": { "name": null, "waterway": "ditch", "tunnel": null, "waterway_vulnerability": 0.7, "is_culvert": false, "nearby_building_count": 0, "encroachment_score": 0.0, "blockage_risk": 0.28 }, "geometry": { "type": "LineString", "coordinates": [ [ 3.4862625, 6.4526626 ], [ 3.4860961, 6.4536556 ], [ 3.4860031, 6.4541925 ], [ 3.4858153, 6.4547765 ], [ 3.4857663, 6.4551103 ] ] } },
{ "type": "Feature", "properties": { "name": null, "waterway": "ditch", "tunnel": "culvert", "waterway_vulnerability": 0.7, "is_culvert": true, "nearby_building_count": 0, "encroachment_score": 0.0, "blockage_risk": 0.53 }, "geometry": { "type": "LineString", "coordinates": [ [ 3.4857663, 6.4551103 ], [ 3.4857581, 6.4552073 ] ] } },
{ "type": "Feature", "properties": { "name": null, "waterway": "ditch", "tunnel": null, "waterway_vulnerability": 0.7, "is_culvert": false, "nearby_building_count": 0, "encroachment_score": 0.0, "blockage_risk": 0.28 }, "geometry": { "type": "LineString", "coordinates": [ [ 3.5016293, 6.4511822 ], [ 3.5011229, 6.4523344 ] ] } },
{ "type": "Feature", "properties": { "name": null, "waterway": "ditch", "tunnel": "culvert", "waterway_vulnerability": 0.7, "is_culvert": true, "nearby_building_count": 0, "encroachment_score": 0.0, "blockage_risk": 0.53 }, "geometry": { "type": "LineString", "coordinates": [ [ 3.5011229, 6.4523344 ], [ 3.501083, 6.452425 ] ] } },
{ "type": "Feature", "properties": { "name": null, "waterway": "ditch", "tunnel": null, "waterway_vulnerability": 0.7, "is_culvert": false, "nearby_building_count": 1, "encroachment_score": 0.17600414978799314, "blockage_risk": 0.34160145242579754 }, "geometry": { "type": "LineString", "coordinates": [ [ 3.501083, 6.452425 ], [ 3.5006982, 6.4533005 ] ] } },
{ "type": "Feature", "properties": { "name": null, "waterway": "ditch", "tunnel": "culvert", "waterway_vulnerability": 0.7, "is_culvert": true, "nearby_building_count": 0, "encroachment_score": 0.0, "blockage_risk": 0.53 }, "geometry": { "type": "LineString", "coordinates": [ [ 3.5006982, 6.4533005 ], [ 3.5006688, 6.4533673 ] ] } },
{ "type": "Feature", "properties": { "name": null, "waterway": "ditch", "tunnel": null, "waterway_vulnerability": 0.7, "is_culvert": false, "nearby_building_count": 1, "encroachment_score": 0.86814882020215245, "blockage_risk": 0.58385208707075331 }, "geometry": { "type": "LineString", "coordinates": [ [ 3.5006688, 6.4533673 ], [ 3.5005908, 6.4535448 ] ] } },
{ "type": "Feature", "properties": { "name": null, "waterway": "ditch", "tunnel": "culvert", "waterway_vulnerability": 0.7, "is_culvert": true, "nearby_building_count": 1, "encroachment_score": 1.0, "blockage_risk": 0.88 }, "geometry": { "type": "LineString", "coordinates": [ [ 3.5005908, 6.4535448 ], [ 3.5005615, 6.4536115 ] ] } },
{ "type": "Feature", "properties": { "name": null, "waterway": "drain", "tunnel": null, "waterway_vulnerability": 0.8, "is_culvert": false, "nearby_building_count": 0, "encroachment_score": 0.0, "blockage_risk": 0.32 }, "geometry": { "type": "LineString", "coordinates": [ [ 3.5209197, 6.4539376 ], [ 3.5215929, 6.4539803 ], [ 3.5221186, 6.453991 ], [ 3.522698, 6.4540069 ], [ 3.5230012, 6.4540335 ], [ 3.5243755, 6.4541831 ], [ 3.5247117, 6.4541296 ], [ 3.5251208, 6.4541055 ] ] } },
{ "type": "Feature", "properties": { "name": null, "waterway": "ditch", "tunnel": null, "waterway_vulnerability": 0.7, "is_culvert": false, "nearby_building_count": 1, "encroachment_score": 0.11772869477735899, "blockage_risk": 0.3212050431720756 }, "geometry": { "type": "LineString", "coordinates": [ [ 3.5005615, 6.4536115 ], [ 3.5001889, 6.4544588 ], [ 3.5000359, 6.4548175 ], [ 3.5000017, 6.4549264 ] ] } },
{ "type": "Feature", "properties": { "name": null, "waterway": "drain", "tunnel": null, "waterway_vulnerability": 0.8, "is_culvert": false, "nearby_building_count": 2, "encroachment_score": 0.024190280789018734, "blockage_risk": 0.3284665982761566 }, "geometry": { "type": "LineString", "coordinates": [ [ 3.5173416, 6.4478289 ], [ 3.517634, 6.4481941 ], [ 3.5178295, 6.4484206 ], [ 3.5178781, 6.4485917 ], [ 3.5179582, 6.4507716 ], [ 3.5181486, 6.456672 ], [ 3.5182943, 6.461184 ], [ 3.5183063, 6.4615564 ] ] } },
{ "type": "Feature", "properties": { "name": null, "waterway": "canal", "tunnel": null, "waterway_vulnerability": 0.3, "is_culvert": false, "nearby_building_count": 2, "encroachment_score": 0.036068133793076725, "blockage_risk": 0.13262384682757686 }, "geometry": { "type": "LineString", "coordinates": [ [ 3.5371051, 6.4478429 ], [ 3.5359504, 6.452397 ], [ 3.5352513, 6.455574 ], [ 3.5352466, 6.4564468 ], [ 3.5353312, 6.4569493 ] ] } },
{ "type": "Feature", "properties": { "name": null, "waterway": "drain", "tunnel": null, "waterway_vulnerability": 0.8, "is_culvert": false, "nearby_building_count": 0, "encroachment_score": 0.0, "blockage_risk": 0.32 }, "geometry": { "type": "LineString", "coordinates": [ [ 3.5426564, 6.4517107 ], [ 3.5426144, 6.4543629 ] ] } },
{ "type": "Feature", "properties": { "name": null, "waterway": "drain", "tunnel": "culvert", "waterway_vulnerability": 0.8, "is_culvert": true, "nearby_building_count": 0, "encroachment_score": 0.0, "blockage_risk": 0.57 }, "geometry": { "type": "LineString", "coordinates": [ [ 3.5305274, 6.4545373 ], [ 3.5307392, 6.4545666 ] ] } },
{ "type": "Feature", "properties": { "name": null, "waterway": "drain", "tunnel": null, "waterway_vulnerability": 0.8, "is_culvert": false, "nearby_building_count": 0, "encroachment_score": 0.0, "blockage_risk": 0.32 }, "geometry": { "type": "LineString", "coordinates": [ [ 3.5307392, 6.4545666 ], [ 3.530813, 6.4546005 ], [ 3.5307936, 6.4575571 ], [ 3.5307419, 6.4586176 ], [ 3.5314925, 6.4592156 ] ] } },
{ "type": "Feature", "properties": { "name": null, "waterway": "ditch", "tunnel": "culvert", "waterway_vulnerability": 0.7, "is_culvert": true, "nearby_building_count": 0, "encroachment_score": 0.0, "blockage_risk": 0.53 }, "geometry": { "type": "LineString", "coordinates": [ [ 3.5353312, 6.4569493 ], [ 3.5353658, 6.4570967 ] ] } },
{ "type": "Feature", "properties": { "name": null, "waterway": "ditch", "tunnel": null, "waterway_vulnerability": 0.7, "is_culvert": false, "nearby_building_count": 0, "encroachment_score": 0.0, "blockage_risk": 0.28 }, "geometry": { "type": "LineString", "coordinates": [ [ 3.5353658, 6.4570967 ], [ 3.5355893, 6.4575766 ], [ 3.5355964, 6.45801 ] ] } },
{ "type": "Feature", "properties": { "name": null, "waterway": "drain", "tunnel": null, "waterway_vulnerability": 0.8, "is_culvert": false, "nearby_building_count": 5, "encroachment_score": 0.03689740705164133, "blockage_risk": 0.33291409246807452 }, "geometry": { "type": "LineString", "coordinates": [ [ 3.5625276, 6.4588587 ], [ 3.5608378, 6.4585282 ], [ 3.5560293, 6.4578711 ], [ 3.5557753, 6.4578672 ], [ 3.5556691, 6.4579061 ], [ 3.5556094, 6.4580005 ], [ 3.5555713, 6.4581899 ], [ 3.5556346, 6.4592102 ], [ 3.5555822, 6.4592833 ], [ 3.5547567, 6.4593228 ], [ 3.5542301, 6.4593553 ], [ 3.5535655, 6.4594546 ], [ 3.5488751, 6.4592585 ], [ 3.5482368, 6.4591466 ], [ 3.5463294, 6.4584951 ], [ 3.5442288, 6.4577452 ], [ 3.5431908, 6.4573595 ], [ 3.5415692, 6.4567765 ] ] } },
{ "type": "Feature", "properties": { "name": null, "waterway": "stream", "tunnel": null, "waterway_vulnerability": 0.35, "is_culvert": false, "nearby_building_count": 0, "encroachment_score": 0.0, "blockage_risk": 0.14 }, "geometry": { "type": "LineString", "coordinates": [ [ 3.5936252, 6.4818815 ], [ 3.5938087, 6.4819616 ], [ 3.5940608, 6.4820309 ], [ 3.5942352, 6.4820575 ], [ 3.5943988, 6.4820362 ], [ 3.5945088, 6.4820442 ] ] } },
{ "type": "Feature", "properties": { "name": null, "waterway": "stream", "tunnel": null, "waterway_vulnerability": 0.35, "is_culvert": false, "nearby_building_count": 0, "encroachment_score": 0.0, "blockage_risk": 0.14 }, "geometry": { "type": "LineString", "coordinates": [ [ 3.6040467, 6.4826678 ], [ 3.6037275, 6.4825719 ], [ 3.6035156, 6.4825878 ], [ 3.6033976, 6.4826332 ], [ 3.6030945, 6.4826305 ], [ 3.6028719, 6.4828384 ], [ 3.6017507, 6.4831209 ], [ 3.6015201, 6.4832568 ], [ 3.6010158, 6.4832594 ], [ 3.6007261, 6.4832408 ], [ 3.6002299, 6.4832914 ], [ 3.5999268, 6.4832594 ], [ 3.5997069, 6.4833021 ], [ 3.5994816, 6.4832808 ], [ 3.5991302, 6.4833154 ], [ 3.5989371, 6.4833207 ], [ 3.5988083, 6.4833341 ], [ 3.5986903, 6.4832435 ], [ 3.5984435, 6.4831928 ], [ 3.5982639, 6.4831395 ], [ 3.597891, 6.4830116 ], [ 3.5975128, 6.482953 ], [ 3.5971829, 6.482969 ], [ 3.596786, 6.4828464 ], [ 3.5966036, 6.4828357 ], [ 3.5963461, 6.4828224 ], [ 3.5961717, 6.4827717 ], [ 3.5959893, 6.4826172 ], [ 3.5958928, 6.4824359 ], [ 3.595815, 6.4823746 ], [ 3.595579, 6.4823746 ], [ 3.5945892, 6.4823587 ], [ 3.5941279, 6.482332 ], [ 3.5938436, 6.4823587 ], [ 3.5936987, 6.4823427 ], [ 3.5936183, 6.4822707 ], [ 3.5936317, 6.4820495 ], [ 3.5936252, 6.4818815 ], [ 3.5936183, 6.4817004 ], [ 3.5935566, 6.4811594 ], [ 3.5935453, 6.4808663 ] ] } },
{ "type": "Feature", "properties": { "name": null, "waterway": "stream", "tunnel": null, "waterway_vulnerability": 0.35, "is_culvert": false, "nearby_building_count": 0, "encroachment_score": 0.0, "blockage_risk": 0.14 }, "geometry": { "type": "LineString", "coordinates": [ [ 3.5968235, 6.4824333 ], [ 3.5966465, 6.4824093 ], [ 3.5964078, 6.4824679 ], [ 3.5961851, 6.4824493 ], [ 3.5960135, 6.4824439 ], [ 3.5958928, 6.4824359 ] ] } },
{ "type": "Feature", "properties": { "name": null, "waterway": "stream", "tunnel": null, "waterway_vulnerability": 0.35, "is_culvert": false, "nearby_building_count": 0, "encroachment_score": 0.0, "blockage_risk": 0.14 }, "geometry": { "type": "LineString", "coordinates": [ [ 3.6060034, 6.5123117 ], [ 3.6061553, 6.5123131 ], [ 3.607233, 6.5123392 ], [ 3.6086196, 6.5123653 ], [ 3.6090993, 6.5124176 ], [ 3.6094016, 6.5124371 ], [ 3.6098287, 6.5127048 ], [ 3.6100522, 6.5128354 ], [ 3.610361, 6.5128746 ], [ 3.6105516, 6.5130052 ], [ 3.6106962, 6.5132141 ], [ 3.6107882, 6.5133904 ], [ 3.6106983, 6.513674 ] ] } },
{ "type": "Feature", "properties": { "name": null, "waterway": "stream", "tunnel": null, "waterway_vulnerability": 0.35, "is_culvert": false, "nearby_building_count": 0, "encroachment_score": 0.0, "blockage_risk": 0.14 }, "geometry": { "type": "LineString", "coordinates": [ [ 3.6060034, 6.5123117 ], [ 3.605888, 6.5123104 ], [ 3.6056788, 6.512437 ], [ 3.6050901, 6.5128194 ], [ 3.6046019, 6.5132164 ], [ 3.6043498, 6.5136135 ], [ 3.6041379, 6.513952 ], [ 3.6039153, 6.514389 ], [ 3.6037543, 6.5146555 ], [ 3.6034861, 6.514946 ], [ 3.6033708, 6.5150046 ], [ 3.6031321, 6.5150339 ], [ 3.6029685, 6.5150872 ], [ 3.6028907, 6.5151458 ], [ 3.602829, 6.5152258 ] ] } },
{ "type": "Feature", "properties": { "name": null, "waterway": "stream", "tunnel": null, "waterway_vulnerability": 0.35, "is_culvert": false, "nearby_building_count": 0, "encroachment_score": 0.0, "blockage_risk": 0.14 }, "geometry": { "type": "LineString", "coordinates": [ [ 3.6023676, 6.5142531 ], [ 3.6024776, 6.5143624 ], [ 3.6026198, 6.5145329 ], [ 3.6027646, 6.5146208 ], [ 3.6028236, 6.5146395 ], [ 3.6028826, 6.5147434 ], [ 3.6028826, 6.514882 ], [ 3.6029041, 6.5149753 ], [ 3.6028907, 6.5151458 ] ] } }
]
}
